url,titulo,fecha,pais,institucion,categoria,pdf,resumen
https://www.ispch.gob.cl/alerta/nota-informativa-de-farmacovigilancia-leuprorelina-cambios-metabolicos-y-reacciones-adversas-cutaneas-graves/,NOTA INFORMATIVA DE FARMACOVIGILANCIA LEUPRORELINA: CAMBIOS METABÓLICOS Y REACCIONES ADVERSAS CUTÁNEAS GRAVES,01-12-2025 14:10:32,Chile,ISPCH,,,
https://www.ispch.gob.cl/alerta/alerta-de-retiro-del-mercado-n-34-25-del-producto-farmaceutico-mivacron-solucion-inyectable-10-mg-5-ml-de-aspen-chile-s-a/,ALERTA DE RETIRO DEL MERCADO N° 34/25 DEL PRODUCTO FARMACÉUTICO MIVACRON SOLUCIÓN INYECTABLE 10 mg/5 mL DE ASPEN CHILE S.A.,27-11-2025 12:10:26,Chile,ISPCH,,,
https://www.ispch.gob.cl/alerta/nota-informativa-de-farmacovigilancia-evidencia-cientifica-sobre-el-mito-de-vacunas-y-autismo-comunicado-del-instituto-de-salud-publica/,EVIDENCIA CIENTÍFICA SOBRE EL MITO DE VACUNAS Y AUTISMO: COMUNICADO DEL INSTITUTO DE SALUD PÚBLICA,21-11-2025 21:49:30,Chile,ISPCH,,,
https://www.ispch.gob.cl/alerta/alerta-de-retiro-del-mercado-n-36-25-del-producto-farmaceutico-povisept-solucion-topica-10-polividona-yodada/,ALERTA DE RETIRO DEL MERCADO N° 36/25 DEL PRODUCTO FARMACÉUTICO POVISEPT SOLUCIÓN TÓPICA 10% (POLIVIDONA YODADA) DE DIFEM LABORATORIOS S.A.,21-11-2025 11:56:00,Chile,ISPCH,,,
https://www.ispch.gob.cl/alerta/disruptores-endocrinos-en-el-maquillaje-infantil-lo-que-padres-y-cuidadores-deben-saber/,DISRUPTORES ENDOCRINOS EN EL MAQUILLAJE INFANTIL: LO QUE PADRES Y CUIDADORES DEBEN SABER,20-11-2025 14:22:24,Chile,ISPCH,,,
https://www.ispch.gob.cl/alerta/alerta-de-productos-farmaceuticos-sin-registro-falsificados-patches-glp-1/,ALERTA DE PRODUCTOS FARMACÉUTICOS SIN REGISTRO / FALSIFICADOS: PATCHES GLP-1,20-11-2025 14:20:29,Chile,ISPCH,,,
https://www.ispch.gob.cl/alerta/alerta-de-retiro-del-mercado-n-35-25-del-producto-farmaceutico-dichlorexan-colutorio-012-clorhexidina-gluconato/,"ALERTA DE RETIRO DEL MERCADO N° 35/25 DEL PRODUCTO FARMACÉUTICO DICHLOREXAN COLUTORIO 0,12% (CLORHEXIDINA GLUCONATO)",05-11-2025 18:50:59,Chile,ISPCH,,,
https://www.ispch.gob.cl/alerta/alerta-de-retiro-del-mercado-n-33-25-del-producto-farmaceuti-nimbex-solucion-inyectable-20-mg-10-ml-cisatracurio-besilato/,ALERTA DE RETIRO DEL MERCADO N° 33/25 DEL PRODUCTO FARMACÉUTI NIMBEX SOLUCIÓN INYECTABLE 20 mg/10 mL (CISATRACURIO BESILATO),05-11-2025 18:50:51,Chile,ISPCH,,,
https://www.ispch.gob.cl/alerta/alerta-de-retiro-del-mercado-n-32-25-del-producto-farmaceutico-altad-caps-capsulas-blandas-50-000-ui-colecalciferol/,ALERTA DE RETIRO DEL MERCADO N° 32/25 DEL PRODUCTO FARMACÉUTICO ALTAD CAPS CÁPSULAS BLANDAS 50.000 UI (COLECALCIFEROL),05-11-2025 18:50:48,Chile,ISPCH,,,
https://www.ispch.gob.cl/alerta/retiro-del-mercado-n2-2025-de-productos-con-finalidad-esmalte-de-unas-que-en-su-formula-contienen-el-ingrediente-trimethylbenzoyl-diphenylphosphine-oxide/,"RETIRO DEL MERCADO N°2/2025 DE PRODUCTOS CON FINALIDAD ESMALTE DE UÑAS, QUE EN SU FÓRMULA CONTIENEN EL INGREDIENTE TRIMETHYLBENZOYL DIPHENYLPHOSPHINE OXIDE",03-11-2025 18:45:11,Chile,ISPCH,,,
https://www.ispch.gob.cl/alerta/sistemas-de-resonancia-magnetica-multiva-1-5t-2/,Sistemas de Resonancia Magnética Multiva 1.5T,01-12-2025 15:13:46,Chile,ISPCH,,,
https://www.ispch.gob.cl/alerta/sistemas-de-diagnostico-por-rayos-x-proxidiagnost-n90-combidiagnost-r90-digitaldiagnost-4-high-performance-digitaldiagnost-4-flex-value-digitaldiagnost-c90-high-performance-digitaldiagnost-c90/,"Sistemas de diagnóstico por rayos X: ProxiDiagnost N90, CombiDiagnost R90, DigitalDiagnost 4 High Performance, DigitalDiagnost 4 Flex/Value,   DigitalDiagnost C90 High Performance, DigitalDiagnost C90 Flex/Value/Chest/ER y Radiograph",01-12-2025 14:55:39,Chile,ISPCH,,,
https://www.ispch.gob.cl/alerta/magnetom-skyra-de-biograph-mmr-magnetom-skyra-fit-magnetom-vida-de-magnetom-skyra-magnetom-lumina-de-magnetom-vida-fit-magnetom-cima-x/,MAGNETOM Skyra (DE); Biograph Mmr; MAGNETOM Skyra fit; MAGNETOM Vida (DE); MAGNETOM Skyra; MAGNETOM Lumina (DE); MAGNETOM Vida Fit; MAGNETOM Cima.X,01-12-2025 14:49:15,Chile,ISPCH,,,
https://www.ispch.gob.cl/alerta/trilogy-evo-trilogy-evo-o2-trilogy-evo-universal-y-trilogy-ev300/,"Trilogy Evo, Trilogy Evo O2, Trilogy Evo Universal y Trilogy EV300",01-12-2025 14:05:16,Chile,ISPCH,,,
https://www.ispch.gob.cl/alerta/equipos-de-resonancia-magnetica-multiva-1-5-t/,Equipos de resonancia magnética Multiva 1.5 T,01-12-2025 13:58:09,Chile,ISPCH,,,
https://www.ispch.gob.cl/alerta/sistemas-de-tomografia-computarizada-philips-incisive-ct-ct-3500-y-ct-5300/,"Sistemas de tomografía computarizada Philips: Incisive CT, CT 3500 y CT 5300",28-11-2025 13:26:36,Chile,ISPCH,,,
https://www.ispch.gob.cl/alerta/stimulong-sono-ii-nanoline/,StimuLong Sono II NanoLine,28-11-2025 13:25:00,Chile,ISPCH,,,
https://www.ispch.gob.cl/alerta/aceleradores-lineales-synergy-infinity-versa-hd-elekta-evo-harmony-y-harmony-pro/,"Aceleradores lineales (Synergy, Infinity, Versa HD, Elekta Evo), Harmony y Harmony Pro",12-11-2025 11:47:50,Chile,ISPCH,,,
https://www.ispch.gob.cl/alerta/implante-para-glaucoma-paul/,Implante para glaucoma Paul®,03-11-2025 12:38:20,Chile,ISPCH,,,
https://www.ispch.gob.cl/alerta/vitus-fi-clavo-para-perone-distal/,VITUS-Fi Clavo para peroné distal,27-10-2025 11:35:10,Chile,ISPCH,,,
https://www.ispch.gob.cl/alerta/capsula-sanitizante-ozono-3000mg/,Cápsula Sanitizante Ozono 3000mg,27-09-2021 17:22:14,Chile,ISPCH,,,
https://www.gob.mx/cms/uploads/attachment/file/1037734/Alerta_Sanitaria__RAQUIMIX_III_13112025.pdf,18_Alerta_Sanitaria__RAQUIMIX_III,13-11-2025,México,COFEPRIS,,,
https://www.gob.mx/cms/uploads/attachment/file/1021388/Alerta_Sanitaria__SICO_10092025.pdf,17_Alerta_Sanitaria__SICO,10-09-2025,México,COFEPRIS,,,
https://www.gob.mx/cms/uploads/attachment/file/1004506/Alerta_Sanitaria_Jeringa_27062025.pdf,16_Alerta_Sanitaria_Jeringa,27-06-2025,México,COFEPRIS,,,
https://www.gob.mx/cms/uploads/attachment/file/951276/Alerta_sanitaria_Lapiz_Electrocirug_a_16102024.pdf,15_Alerta_sanitaria_Lapiz_Electrocirug_a,16-10-2024,México,COFEPRIS,,,
https://www.gob.mx/cms/uploads/attachment/file/922192/Alerta_Sanitaria_Citrato_de_Sodio_17062024.pdf,14_Alerta_Sanitaria_Citrato_de_Sodio,17-06-2024,México,COFEPRIS,,,
https://www.gob.mx/cms/uploads/attachment/file/917365/Alerta_Sanitaria_Freshcolors_22052024.pdf,13_Alerta_Sanitaria_Freshcolors,22-05-2024,México,COFEPRIS,,,
https://www.gob.mx/cms/uploads/attachment/file/915034/Alerta_Sanitaria_Productos_Luman_10052024.pdf,12_Alerta_Sanitaria_Productos_Luman,10-05-2024,México,COFEPRIS,,,
https://www.gob.mx/cms/uploads/attachment/file/909496/Alerta_sanitaria_de_Restylane_Kysse_17042024.pdf,11_Alerta_sanitaria_de_Restylane_Kysse,17-04-2024,México,COFEPRIS,,,
https://www.gob.mx/cms/uploads/attachment/file/831718/Aviso_de_Riesgo_Estetoscopio_120620232.pdf,10. Alerta sanitarias  Estetoscopio,12-06-2023,México,COFEPRIS,,,
https://www.gob.mx/cms/uploads/attachment/file/829302/Alerta_Sanitaria_Refresh_Tears_y_optive_30052023.pdf,09. Alerta sanitaria  Refresh Tears y Optive,30-05-2023,México,COFEPRIS,,,
https://www.gob.mx/cms/uploads/attachment/file/1040710/Alerta_Sanitaria_Act_falsificaci_n_Jardianz_01122025.pdf,273_Alerta_Sanitaria_Act_falsificaci_n_Jardianz,01-12-2025,México,COFEPRIS,,,
https://www.gob.mx/cms/uploads/attachment/file/1034684/Alerta_Sanitaria_Com._Ilegal_Med._31102025.pdf,272_Alerta_Sanitaria_Com._Ilegal_Med.,31-10-2025,México,COFEPRIS,,,
https://www.gob.mx/cms/uploads/attachment/file/1023581/Alerta_Sanitaria_Humalog_MIX_19092025.pdf,271_Alerta_Sanitaria_Humalog_MIX,19-09-2025,México,COFEPRIS,,,
https://www.gob.mx/cms/uploads/attachment/file/1021386/Alerta_Sanitaria_Materna_10092025.pdf,270_Alerta_Sanitaria_Materna,10-09-2025,México,COFEPRIS,,,
https://www.gob.mx/cms/uploads/attachment/file/1021387/Alerta_Sanitaria_Act_falsificaci_n_Bayer_10092025.pdf,269_Alerta_Sanitaria_Act_falsificaci_n_Bayer,10-09-2025,México,COFEPRIS,,,
https://www.gob.mx/cms/uploads/attachment/file/1019645/Alerta_Sanitaria_Act_Dysport_01092025.pdf,268_Alerta_Sanitaria_Act_Dysport,01-09-2025,México,COFEPRIS,,,
https://www.gob.mx/cms/uploads/attachment/file/1019641/Alerta_Sanitaria_Choragon_01092025.pdf,267_Alerta_Sanitaria_Choragon,01-09-2025,México,COFEPRIS,,,
https://www.gob.mx/cms/uploads/attachment/file/1019338/Alerta_sanitaria_de_Xgeva_29082025.pdf,266_Alerta_sanitaria_de_Xgeva,29-08-2025,México,COFEPRIS,,,
https://www.gob.mx/cms/uploads/attachment/file/1015958/Alerta_Sanitaria_Higlobin_18082025.pdf,265_Alerta_Sanitaria_Higlobin,18-08-2025,México,COFEPRIS,,,
https://www.gob.mx/cms/uploads/attachment/file/1015957/Alerta_Sanitaria_Glypressin_18082025.pdf,264_Alerta_Sanitaria_Glypressin,18-08-2025,México,COFEPRIS,,,
https://www.gob.mx/cms/uploads/attachment/file/1019337/Alerta_Sanitaria_Abbott_Laboratories_29082025.pdf,06_Alerta_Sanitaria_Abbott_Laboratories,29-08-2025,México,COFEPRIS,,,
https://www.gob.mx/cms/uploads/attachment/file/850686/Alerta_Sanitaria_Helados_Sotf_Serve_On_The_Go_18082023.pdf,05. Alerta sanitaria  Helados Sotf Serve On The Go,18-08-2023,México,COFEPRIS,,,
https://www.gob.mx/cms/uploads/attachment/file/716139/Alerta_Kinder.pdf,04. Alerta sanitaria  Kinder,11-04-2022,México,COFEPRIS,,,
https://www.gob.mx/cms/uploads/attachment/file/705479/Alerta_Abbott_F_rmulas_Abbott_23022022_VF.pdf,03. Alerta sanitaria   Abbott Formulas Abbott,23-02-2022,México,COFEPRIS,,,
https://www.gob.mx/cms/uploads/attachment/file/211093/Alerta_Sanitaria_Pistaches_Regularizada_120417.pdf,02. Alerta sanitaria  Pistaches Regularizada,12-04-2017,México,COFEPRIS,,,
https://www.gob.mx/cms/uploads/attachment/file/116582/2_Aerta_sanitaria_Pistaches_marca_Wondelful_10032016.pdf,01. Alerta sanitaria  Pistaches marca Wondelful,10-03-2016,México,COFEPRIS,,,
https://www.gob.mx/cms/uploads/attachment/file/157324/3_Alerta_sanitaria_Campeonato_de_Borrachos_10102016.pdf,02. Alerta sanitaria  Campeonato de Borrachos,10-10-2016,México,COFEPRIS,,,
https://www.gob.mx/cms/uploads/attachment/file/127524/1_Alerta_sanitaria_Bebidas_que_se_ostentan_como_alcoh_licas_05082016.pdf,01. Alerta sanitaria  Bebidas que se ostentan como alcoholicas,05-08-2016,México,COFEPRIS,,,
https://www.gob.mx/cms/uploads/attachment/file/984311/Alerta_sanitaria_de_Robo_a_Laboratorios_Columbia_18032025.pdf,42_Alerta_sanitaria_de_Robo_a_Laboratorios_Columbia,18-03-2025,México,COFEPRIS,,,
https://www.gob.mx/cms/uploads/attachment/file/984310/Alerta_Sanitaria_Suplementos_alimenticios_18032025.pdf,41_Alerta_Sanitaria_Suplementos_alimenticios,18-03-2025,México,COFEPRIS,,,
https://www.gob.mx/cms/uploads/attachment/file/678074/Alerta_sanitaria_ADUL-T_281020212__1_.pdf,40. Alerta sanitaria  Adul-T,28-10-2021,México,COFEPRIS,,,
https://www.gob.mx/cms/uploads/attachment/file/553923/Actualicaci_n_de_Alerta__Sanitaria_Novirsa_25052020.pdf,39.  Alerta sanitaria  Actualizacion Novirsa,25-05-2020,México,COFEPRIS,,,
https://www.gob.mx/cms/uploads/attachment/file/529724/Alerta_Sanitaria_Novirsa.pdf,38. Alerta sanitaria  Novirsa S.A. de C. V,29-01-2020,México,COFEPRIS,,,
https://www.gob.mx/cms/uploads/attachment/file/268582/37_Alerta_Sanitaria_Ajo_Estrella.pdf,37. Alerta sanitaria  Ajo Estrella,27-10-2017,México,COFEPRIS,,,
https://www.gob.mx/cms/uploads/attachment/file/264486/Alerta_Sanitaria_Garnia_Cambogia_16102017.pdf,36. Alerta sanitaria  Garnia Cambogia,16-10-2017,México,COFEPRIS,,,
https://www.gob.mx/cms/uploads/attachment/file/252473/36_Alerta__Sanitaria_PHN_proher_natura_30082017.pdf,35. Alerta sanitaria  PHN Proher Natura Actualización,30-08-2017,México,COFEPRIS,,,
https://www.gob.mx/cms/uploads/attachment/file/248123/ALERTA_CAPSLIM_Actualizaci_n_2017-08-10__2_.pdf,34. Alerta sanitaria  Capslim Actualizacion,11-08-2017,México,COFEPRIS,,,
https://www.gob.mx/cms/uploads/attachment/file/247147/Alerta_Sanitaria_GLUCOAJO_C2_09082017.pdf,33. Alerta sanitaria  Glucoajo C2,09-08-2017,México,COFEPRIS,,,
https://app.invima.gov.co/alertas/ckfinder/userfiles/files/ALERTAS%20SANITARIAS/Dispositivos_Medicos/2025/NOVIEMBRE/Alerta%20No_%20%23376-2025%20-%20M%C3%81QUINA%20DE%20ANESTESIA%20PRIMUS%20DRAGER%20.pdf,MÁQUINA DE ANESTESIA PRIMUS DRAGER,30-11-2025,Colombia,INVIMA,,,
https://app.invima.gov.co/alertas/ckfinder/userfiles/files/ALERTAS%20SANITARIAS/Dispositivos_Medicos/2025/NOVIEMBRE/Alerta%20No_%20%23375-2025%20-%20VENTILADORES%20DE%20CUIDADOS%20INTENSIVOS%20EVITA%20DR%C3%84GER%20.pdf,Alerta sanitaria sobre: VENTILADORES DE CUIDADOS INTENSIVOS EVITA DRÄGER,30-11-2025,Colombia,INVIMA,,,
https://app.invima.gov.co/alertas/ckfinder/userfiles/files/ALERTAS%20SANITARIAS/Dispositivos_Medicos/2025/NOVIEMBRE/Alerta%20No_%20%23350-2025%20-%20STENT%20URETERAL%20-%20URETERAL%20STENT%20.pdf,Alerta sanitaria sobre: STENT URETERAL - URETERAL STENT,30-11-2025,Colombia,INVIMA,,,
https://app.invima.gov.co/alertas/ckfinder/userfiles/files/ALERTAS%20SANITARIAS/Dispositivos_Medicos/2025/NOVIEMBRE/Alerta%20No_%20%23343-2025%20-%20PARCHE%20PERIC%C3%81RDICO%20SJM%E2%84%A2%20CON%20TECNOLOG%C3%8DA%20ENCAP%E2%84%A2%20-%20PARCHES%20DE%20PERICARDIO%20BOVINO%20.pdf,Alerta sanitaria sobre: PARCHE PERICÁRDICO SJM™ CON TECNOLOGÍA ENCAP™ - PARCHES DE PERICARDIO BOVINO,30-11-2025,Colombia,INVIMA,,,
https://app.invima.gov.co/alertas/ckfinder/userfiles/files/ALERTAS%20SANITARIAS/Dispositivos_Medicos/2025/NOVIEMBRE/Alerta%20No_%20%23344-2025%20-%20EQUIPOS%20DE%20RAYOS%20X%20PARA%20RADIOLOG%C3%8DA%20Y%20FLUOROSCOPIA%2C%20ACCESORIOS%20Y%20REPUESTOS%20GENERAL%20ELECTRIC%20-%20EQUIPOS%20DE%20RAYOS%20X%20PARA%20RADIOLOG%C3%8DA%20Y%20FLUOROSCOPIA%20.pdf,"Alerta sanitaria sobre: EQUIPOS DE RAYOS X PARA RADIOLOGÍA Y FLUOROSCOPIA, ACCESORIOS Y REPUESTOS GENERAL ELECTRIC - EQUIPOS DE RAYOS X PARA RADIOLOGÍA Y FLUOROSCOPIA",30-11-2025,Colombia,INVIMA,,,
https://app.invima.gov.co/alertas/ckfinder/userfiles/files/ALERTAS%20SANITARIAS/Dispositivos_Medicos/2025/NOVIEMBRE/Alerta%20No_%20%23345-2025%20-%20MINIMED%20780G%20INSULIN%20PUMP%20_%20BOMBA%20DE%20INSULINA%20MINIMED%20780G%20.pdf,Alerta sanitaria sobre: MINIMED 780G INSULIN PUMP / BOMBA DE INSULINA MINIMED 780G,30-11-2025,Colombia,INVIMA,,,
https://app.invima.gov.co/alertas/ckfinder/userfiles/files/ALERTAS%20SANITARIAS/medicamentos_pbiologicos/2025/NOVIEMBRE/Alerta%20No%23383-2025%20-%20PROSTATE%20HEALTH%20marca%20SNAP%20.pdf,Alerta sanitaria sobre : PROSTATE HEALTH marca SNAP,28-11-2025,Colombia,INVIMA,,,
https://app.invima.gov.co/alertas/ckfinder/userfiles/files/ALERTAS%20SANITARIAS/medicamentos_pbiologicos/2025/NOVIEMBRE/Alerta%20No%23382-2025%20-%20CANDIDA%20CURE%20DE%20LA%20MARCA%20WELLNESS%20.pdf,Alerta Sanitaria sobre :CANDIDA CURE DE LA MARCA WELLNESS,28-11-2025,Colombia,INVIMA,,,
http://antigo.anvisa.gov.br/informacoes-tecnicas13?p_p_id=101_INSTANCE_R6VaZWsQDDzS&p_p_col_id=column-1&p_p_col_count=1&_101_INSTANCE_R6VaZWsQDDzS_groupId=33868&_101_INSTANCE_R6VaZWsQDDzS_urlTitle=alerta-5087-tecnovigilancia-comunicado-da-empresa-ge-healthcare-do-brasil-com-e-serv-para-equipamentos-medico-hospitalares-ltda-viewpoint-6-&_101_INSTANCE_R6VaZWsQDDzS_struts_action=%2Fasset_publisher%2Fview_content&_101_INSTANCE_R6VaZWsQDDzS_assetEntryId=7166259&_101_INSTANCE_R6VaZWsQDDzS_type=content,"Alerta 5087 (Tecnovigilância) - Comunicado da empresa GE Healthcare do Brasil, Com. e Serv. para Equipamentos Médico-Hospitalares Ltda - Viewpoint 6.",01-12-2025 17:10,Brasil,ANVISA,,,
http://antigo.anvisa.gov.br/informacoes-tecnicas13?p_p_id=101_INSTANCE_R6VaZWsQDDzS&p_p_col_id=column-1&p_p_col_count=1&_101_INSTANCE_R6VaZWsQDDzS_groupId=33868&_101_INSTANCE_R6VaZWsQDDzS_urlTitle=alerta-5086-tecnovigilancia-tecnident-equipamentos-ortodonticos-ltda-recolhimento-re-n-2-566-de-13-de-julho-de-2023-braquete-odontologico-metalico-tec&_101_INSTANCE_R6VaZWsQDDzS_struts_action=%2Fasset_publisher%2Fview_content&_101_INSTANCE_R6VaZWsQDDzS_assetEntryId=7166172&_101_INSTANCE_R6VaZWsQDDzS_type=content,Alerta 5086 (Tecnovigilância) – Tecnident Equipamentos Ortodônticos Ltda – Recolhimento – RE Nº 2.566 de 13 de julho de 2023 - Braquete Odontológico Metálico Tecnident (10401570046); Braquetes (10401570012); Braquetes Metálicos NEW (10401579009); Braquetes Cosméticos New (10401579011); Braquete Odontológico Cerâmico (Alumina) Tecnident (10401570043); Braquete Odontológico Cosmético (10401570013); Braquete Odontológico Cosmético Tecnident (10401570045); Elástico Ortodôntico Tecnident (10401570006); Fios Ortodônticos Aço Inox Tecnident (10401579020); Placas de Acetato- Tecnident (10401570040); Adesivos Tecbond (10401570050); Fios Ortodônticos NITI Tecnident (10401579021); Banda Ortodôntica Tecnident (10401570014); Família de componentes Dosae (10401579007); Máscara Facial para Ortodontia (10401570061); Propulsor Mandibular-Tecnident (10401570034).,01-12-2025 16:31,Brasil,ANVISA,,,
http://antigo.anvisa.gov.br/informacoes-tecnicas13?p_p_id=101_INSTANCE_R6VaZWsQDDzS&p_p_col_id=column-1&p_p_col_count=1&_101_INSTANCE_R6VaZWsQDDzS_groupId=33868&_101_INSTANCE_R6VaZWsQDDzS_urlTitle=alerta-5085-tecnovigilancia-comunicado-da-empresa-werfen-medical-ltda-hemosil-tempo-de-coagulacao-de-silica-&_101_INSTANCE_R6VaZWsQDDzS_struts_action=%2Fasset_publisher%2Fview_content&_101_INSTANCE_R6VaZWsQDDzS_assetEntryId=7163772&_101_INSTANCE_R6VaZWsQDDzS_type=content,Alerta 5085 (Tecnovigilância) - Comunicado da empresa Werfen Medical Ltda - Hemosil Tempo de Coagulação de Sílica.,27-11-2025 18:34,Brasil,ANVISA,,,
http://antigo.anvisa.gov.br/informacoes-tecnicas13?p_p_id=101_INSTANCE_R6VaZWsQDDzS&p_p_col_id=column-1&p_p_col_count=1&_101_INSTANCE_R6VaZWsQDDzS_groupId=33868&_101_INSTANCE_R6VaZWsQDDzS_urlTitle=alerta-5084-tecnovigilancia-comunicado-da-empresa-getinge-do-brasil-equipamentos-medicos-ltda-bomba-de-balao-intra-aortico-&_101_INSTANCE_R6VaZWsQDDzS_struts_action=%2Fasset_publisher%2Fview_content&_101_INSTANCE_R6VaZWsQDDzS_assetEntryId=7163601&_101_INSTANCE_R6VaZWsQDDzS_type=content,Alerta 5084 (Tecnovigilância) - Comunicado da empresa Getinge do Brasil Equipamentos Médicos LTDA - Bomba de Balão Intra-Aórtico.,27-11-2025 08:47,Brasil,ANVISA,,,
http://antigo.anvisa.gov.br/informacoes-tecnicas13?p_p_id=101_INSTANCE_R6VaZWsQDDzS&p_p_col_id=column-1&p_p_col_count=1&_101_INSTANCE_R6VaZWsQDDzS_groupId=33868&_101_INSTANCE_R6VaZWsQDDzS_urlTitle=alerta-5083-tecnovigilancia-comunicado-da-empresa-cepheid-brasil-importacao-exportacao-e-comercio-de-produtos-de-diagnosticos-ltda-xpert-hbv-viral-loa&_101_INSTANCE_R6VaZWsQDDzS_struts_action=%2Fasset_publisher%2Fview_content&_101_INSTANCE_R6VaZWsQDDzS_assetEntryId=7163024&_101_INSTANCE_R6VaZWsQDDzS_type=content,"Alerta 5083 (Tecnovigilância) - Comunicado da empresa Cepheid Brasil, Importação, Exportação e Comércio de Produtos de Diagnósticos Ltda - Xpert HBV Viral Load.",26-11-2025 13:37,Brasil,ANVISA,,,
http://antigo.anvisa.gov.br/informacoes-tecnicas13?p_p_id=101_INSTANCE_R6VaZWsQDDzS&p_p_col_id=column-1&p_p_col_count=1&_101_INSTANCE_R6VaZWsQDDzS_groupId=33868&_101_INSTANCE_R6VaZWsQDDzS_urlTitle=alerta-5082-tecnovigilancia-comunicado-da-empresa-cepheid-brasil-importacao-exportacao-e-comercio-de-produtos-de-diagnosticos-ltda-xpert-ct-ng-&_101_INSTANCE_R6VaZWsQDDzS_struts_action=%2Fasset_publisher%2Fview_content&_101_INSTANCE_R6VaZWsQDDzS_assetEntryId=7162978&_101_INSTANCE_R6VaZWsQDDzS_type=content,"Alerta 5082 (Tecnovigilância) - Comunicado da empresa Cepheid Brasil, Importação, Exportação e Comércio de Produtos de Diagnósticos Ltda - Xpert CT/NG.",26-11-2025 12:56,Brasil,ANVISA,,,
http://antigo.anvisa.gov.br/informacoes-tecnicas13?p_p_id=101_INSTANCE_R6VaZWsQDDzS&p_p_col_id=column-1&p_p_col_count=1&_101_INSTANCE_R6VaZWsQDDzS_groupId=33868&_101_INSTANCE_R6VaZWsQDDzS_urlTitle=alerta-5081-tecnovigilancia-comunicado-da-empresa-h-strattner-e-cia-ltda-equipamento-de-ultrassom-bk-medical-10302860235-equipamento-de-ultrassom-bksp&_101_INSTANCE_R6VaZWsQDDzS_struts_action=%2Fasset_publisher%2Fview_content&_101_INSTANCE_R6VaZWsQDDzS_assetEntryId=7162907&_101_INSTANCE_R6VaZWsQDDzS_type=content,Alerta 5081 (Tecnovigilância) - Comunicado da empresa H Strattner e Cia Ltda - Equipamento de Ultrassom BK Medical (10302860235); Equipamento de Ultrassom Bkspecto (10302869005).,26-11-2025 09:56,Brasil,ANVISA,,,
http://antigo.anvisa.gov.br/informacoes-tecnicas13?p_p_id=101_INSTANCE_R6VaZWsQDDzS&p_p_col_id=column-1&p_p_col_count=1&_101_INSTANCE_R6VaZWsQDDzS_groupId=33868&_101_INSTANCE_R6VaZWsQDDzS_urlTitle=alerta-5080-tecnovigilancia-comunicado-da-empresa-philips-medical-systems-ltda-equipamento-de-ressonancia-magnetica-&_101_INSTANCE_R6VaZWsQDDzS_struts_action=%2Fasset_publisher%2Fview_content&_101_INSTANCE_R6VaZWsQDDzS_assetEntryId=7162765&_101_INSTANCE_R6VaZWsQDDzS_type=content,Alerta 5080 (Tecnovigilância) - Comunicado da empresa Philips Medical Systems Ltda - Equipamento de Ressonância Magnética.,26-11-2025 09:01,Brasil,ANVISA,,,
http://antigo.anvisa.gov.br/informacoes-tecnicas13?p_p_id=101_INSTANCE_R6VaZWsQDDzS&p_p_col_id=column-1&p_p_col_count=1&_101_INSTANCE_R6VaZWsQDDzS_groupId=33868&_101_INSTANCE_R6VaZWsQDDzS_urlTitle=alerta-5079-tecnovigilancia-comunicado-da-empresa-medstar-importacao-e-exportacao-ltda-familia-de-audiometros-tipo-1077-&_101_INSTANCE_R6VaZWsQDDzS_struts_action=%2Fasset_publisher%2Fview_content&_101_INSTANCE_R6VaZWsQDDzS_assetEntryId=7162443&_101_INSTANCE_R6VaZWsQDDzS_type=content,Alerta 5079 (Tecnovigilância) - Comunicado da empresa Medstar Importação e Exportação Ltda - Família de Audiômetros Tipo 1077.,25-11-2025 17:34,Brasil,ANVISA,,,
http://antigo.anvisa.gov.br/informacoes-tecnicas13?p_p_id=101_INSTANCE_R6VaZWsQDDzS&p_p_col_id=column-1&p_p_col_count=1&_101_INSTANCE_R6VaZWsQDDzS_groupId=33868&_101_INSTANCE_R6VaZWsQDDzS_urlTitle=alerta-5078-tecnovigilancia-comunicado-da-empresa-intuitive-surgical-brasil-importacao-e-comercio-de-equipamentos-cirurgicos-ltda-sistema-cirurgico-ro&_101_INSTANCE_R6VaZWsQDDzS_struts_action=%2Fasset_publisher%2Fview_content&_101_INSTANCE_R6VaZWsQDDzS_assetEntryId=7162409&_101_INSTANCE_R6VaZWsQDDzS_type=content,Alerta 5078 (Tecnovigilância) - Comunicado da empresa Intuitive Surgical Brasil Importação e Comércio de Equipamentos Cirúrgicos Ltda - Sistema Cirúrgico Robótico da Vinci - Intuitive Surgical / Endoscopic Instrument Control System da Vinci - Intuitive Surgical.,25-11-2025 17:11,Brasil,ANVISA,,,
https://app.invima.gov.co/alertas/ckfinder/userfiles/files/ALERTAS%20SANITARIAS/Dispositivos_Medicos/2025/DICIEMBRE/Alerta%20No_%20%23387-2025%20-%20Xpert®%20HIV-1%20Viral%20Load%20XC%20.pdf,Alerta sanitaria sobre: Xpert® HIV-1 Viral Load XC,02-12-2025,Colombia,INVIMA,,,
http://antigo.anvisa.gov.br/informacoes-tecnicas13?p_p_id=101_INSTANCE_R6VaZWsQDDzS&p_p_col_id=column-1&p_p_col_count=1&_101_INSTANCE_R6VaZWsQDDzS_groupId=33868&_101_INSTANCE_R6VaZWsQDDzS_urlTitle=alerta-5088-tecnovigilancia-comunicado-da-empresa-medicone-projetos-e-solucoes-para-a-industria-e-a-saude-ltda-cateter-para-retirada-de-balao-intragas&_101_INSTANCE_R6VaZWsQDDzS_struts_action=%2Fasset_publisher%2Fview_content&_101_INSTANCE_R6VaZWsQDDzS_assetEntryId=7167166&_101_INSTANCE_R6VaZWsQDDzS_type=content,Alerta 5088 (Tecnovigilância) - Comunicado da empresa Medicone Projetos e Soluções para a Indústria e a Saúde Ltda - Cateter para retirada de balão intragástrico medicone - tipo agulha.,03-12-2025 08:27,Brasil,ANVISA,,,
https://app.invima.gov.co/alertas/ckfinder/userfiles/files/ALERTAS%20SANITARIAS/medicamentos_pbiologicos/2025/DICIEMBRE/Alerta%20No%20389-2025%20-%20PRODUCTO%20FALSIFICADO%20MABTHERA%20500%20mg_50mL.pdf,Alerta Sanitaria sobre: PRODUCTO FALSIFICADO MABTHERA 500 mg/50mL LOTE M8521D09 FECHA DE MANUFACTURA 09-2023 Y FECHA DE EXPIRACIÓN 09-2026.,03-12-2025,Colombia,INVIMA,,,
http://antigo.anvisa.gov.br/informacoes-tecnicas13?p_p_id=101_INSTANCE_R6VaZWsQDDzS&p_p_col_id=column-1&p_p_col_count=1&_101_INSTANCE_R6VaZWsQDDzS_groupId=33868&_101_INSTANCE_R6VaZWsQDDzS_urlTitle=alerta-5089-tecnovigilancia-comunicado-da-empresa-philips-medical-systems-ltda-arco-cirurgico-zenition-&_101_INSTANCE_R6VaZWsQDDzS_struts_action=%2Fasset_publisher%2Fview_content&_101_INSTANCE_R6VaZWsQDDzS_assetEntryId=7167383&_101_INSTANCE_R6VaZWsQDDzS_type=content,Alerta 5089 (Tecnovigilância) - Comunicado da empresa Philips Medical Systems Ltda - Arco Cirúrgico Zenition.,03-12-2025 13:30,Brasil,ANVISA,,,
https://www.ispch.gob.cl/alerta/sistemas-allura-r8-2-x-equipados-con-un-generador-de-rayos-x-certeray/,Sistemas Allura R8.2.x equipados con un generador de rayos X Certeray,03-12-2025 15:46:14,Chile,ISPCH,,,
https://www.ispch.gob.cl/alerta/retiro-del-mercado-n3-2025-de-productos-con-finalidad-esmalte-de-unas-que-en-su-formula-contienen-el-ingrediente-dimethyltolylamine/,"RETIRO DEL MERCADO N°3/2025 DE PRODUCTOS CON FINALIDAD ESMALTE DE UÑAS, QUE EN SU FÓRMULA CONTIENEN EL INGREDIENTE DIMETHYLTOLYLAMINE",04-12-2025 18:19:18,Chile,ISPCH,,,
https://www.gob.mx/cms/uploads/attachment/file/1041403/Alerta_Sanitaria_Rituximab_04122025.pdf,274_Alerta_Sanitaria_Rituximab,04-12-2025,México,COFEPRIS,,,
https://app.invima.gov.co/alertas/ckfinder/userfiles/files/ALERTAS%20SANITARIAS/medicamentos_pbiologicos/2025/DICIEMBRE/Alerta%20No%23385-2025%20-%20.pdf,Alerta Sanitaria sobre: LIPOFAT E HIDROLIPO,05-12-2025,Colombia,INVIMA,,,
https://app.invima.gov.co/alertas/ckfinder/userfiles/files/ALERTAS%20SANITARIAS/medicamentos_pbiologicos/2025/DICIEMBRE/Alerta%20No%23386-2025%20-%20PRODUCTO%20FALSIFICADO%20ALECENSA%20150%20mg%20Lote_%20B1739M1%20con%20fecha%20de%20fabricaci%C3%B3n%20F_F_%2010_2023%20-Fecha%20de%20vencimiento%20F_V_%2010_2025%20%20.pdf,Alerta Sanitaria sobre: PRODUCTO FALSIFICADO ALECENSA 150 mg Lote: B1739M1 con fecha de fabricación F.F. 10/2023 -Fecha de vencimiento F.V. 10/2025,05-12-2025,Colombia,INVIMA,,,
https://app.invima.gov.co/alertas/ckfinder/userfiles/files/ALERTAS%20SANITARIAS/medicamentos_pbiologicos/2025/DICIEMBRE/Alerta%20No%23388-2025%20-%20TURKESTERONE%20.pdf,Alerta Sanitaria Sobre: TURKESTERONE,05-12-2025,Colombia,INVIMA,,,
https://app.invima.gov.co/alertas/ckfinder/userfiles/files/ALERTAS%20SANITARIAS/medicamentos_pbiologicos/2025/DICIEMBRE/Alerta%20No%23361-2025%20-%20%20.pdf,Alerta Sanitaria sobre: PRODUCTOS FRAUDULENTOS COMERCIALIZADOS EN LA CUENTA MYFITNESSCOL DE INSTAGRAM,05-12-2025,Colombia,INVIMA,,,
https://app.invima.gov.co/alertas/ckfinder/userfiles/files/ALERTAS%20SANITARIAS/Alimentos_Bebidas/2025/Diciembre/Alerta%20No_%20%23390-2025%20-%20FALSIFICACI%C3%93N%20DE%20LECHE%20EN%20POLVO%20ENTERA%20FORTIFICADA%20CON%20VITAMINAS%20A%20Y%20D3%20MARCA%20INDULECHE%2C%20presentaci%C3%B3n%20800%20g%2C%20Lote%201J120525%20CON%20FECHA%20DE%20VENCIMIENTO%20DEL%2012%20MAY%202026.pdf,"Alerta sanitaria sobre: FALSIFICACIÓN DE LECHE EN POLVO ENTERA FORTIFICADA CON VITAMINAS A Y D3 MARCA INDULECHE, presentación 800 g, Lote 1J120525 CON FECHA DE VENCIMIENTO DEL 12 MAY 2026",05-12-2025,Colombia,INVIMA,,,
https://app.invima.gov.co/alertas/ckfinder/userfiles/files/ALERTAS%20SANITARIAS/Dispositivos_Medicos/2025/DICIEMBRE/Alerta%20No_%20%23391-2025%20-%20RADIOLOGY%20PICTURE%20ARCHIVING%20AND%20COMMUNICATION%20SYSTEMS%20APPLICATION%20SOFTWARE%20.pdf,Alerta sanitaria sobre: RADIOLOGY PICTURE ARCHIVING AND COMMUNICATION SYSTEMS APPLICATION SOFTWARE,10-12-2025,Colombia,INVIMA,,,
https://app.invima.gov.co/alertas/ckfinder/userfiles/files/ALERTAS%20SANITARIAS/medicamentos_pbiologicos/2025/NOVIEMBRE/Alerta%20No%23342-2025%20%20ANTIOFIDICO%20POLIVALENTE%20LIOFILIZADO%20PROBIOL%20(INMUNOGLOBULINAS%20DE%20ORIGEN%20EQUINO%20(IGG)%20LIOFILIZADO)%20Lote_%20AP023II25%20con%20fecha%20de%20vencimiento%20febrero%202030_%20pdf.pdf,Alerta Sanitaria Sobre : SUERO ANTIOFIDICO POLIVALENTE LIOFILIZADO PROBIOL (INMUNOGLOBULINAS DE ORIGEN EQUINO (IGG) LIOFILIZADO) Lote: AP023II25 con fecha de vencimiento febrero 2030.,11-11-2025,Colombia,INVIMA,,,
http://antigo.anvisa.gov.br/informacoes-tecnicas13?p_p_id=101_INSTANCE_R6VaZWsQDDzS&p_p_col_id=column-1&p_p_col_count=1&_101_INSTANCE_R6VaZWsQDDzS_groupId=33868&_101_INSTANCE_R6VaZWsQDDzS_urlTitle=alerta-5093-tecnovigilancia-comunicado-da-empresa-point-suture-do-brasil-ind-de-fios-cirurgicos-ltda-catpoint-&_101_INSTANCE_R6VaZWsQDDzS_struts_action=%2Fasset_publisher%2Fview_content&_101_INSTANCE_R6VaZWsQDDzS_assetEntryId=7170542&_101_INSTANCE_R6VaZWsQDDzS_type=content,Alerta 5093 (Tecnovigilância) - Comunicado da empresa Point Suture do Brasil Ind. de Fios Cirúrgicos LTDA - Catpoint.,08-12-2025 17:23,Brasil,ANVISA,,,
http://antigo.anvisa.gov.br/informacoes-tecnicas13?p_p_id=101_INSTANCE_R6VaZWsQDDzS&p_p_col_id=column-1&p_p_col_count=1&_101_INSTANCE_R6VaZWsQDDzS_groupId=33868&_101_INSTANCE_R6VaZWsQDDzS_urlTitle=alerta-5092-tecnovigilancia-comunicado-da-empresa-philips-medical-systems-ltda-sistema-de-ultrassom-lumify-&_101_INSTANCE_R6VaZWsQDDzS_struts_action=%2Fasset_publisher%2Fview_content&_101_INSTANCE_R6VaZWsQDDzS_assetEntryId=7170487&_101_INSTANCE_R6VaZWsQDDzS_type=content,Alerta 5092 (Tecnovigilância) - Comunicado da empresa Philips Medical Systems Ltda - Sistema de Ultrassom Lumify.,08-12-2025 16:50,Brasil,ANVISA,,,
http://antigo.anvisa.gov.br/informacoes-tecnicas13?p_p_id=101_INSTANCE_R6VaZWsQDDzS&p_p_col_id=column-1&p_p_col_count=1&_101_INSTANCE_R6VaZWsQDDzS_groupId=33868&_101_INSTANCE_R6VaZWsQDDzS_urlTitle=alerta-5091-tecnovigilancia-comunicado-da-empresa-cepheid-brasil-importacao-exportacao-e-comercio-de-produtos-de-diagnosticos-ltda-xpert-bcr-abl-ultra&_101_INSTANCE_R6VaZWsQDDzS_struts_action=%2Fasset_publisher%2Fview_content&_101_INSTANCE_R6VaZWsQDDzS_assetEntryId=7170281&_101_INSTANCE_R6VaZWsQDDzS_type=content,"Alerta 5091 (Tecnovigilância) - Comunicado da empresa Cepheid Brasil, Importação, Exportação e Comércio de Produtos de Diagnósticos Ltda - Xpert BCR-ABL Ultra.",08-12-2025 12:10,Brasil,ANVISA,,,
http://antigo.anvisa.gov.br/informacoes-tecnicas13?p_p_id=101_INSTANCE_R6VaZWsQDDzS&p_p_col_id=column-1&p_p_col_count=1&_101_INSTANCE_R6VaZWsQDDzS_groupId=33868&_101_INSTANCE_R6VaZWsQDDzS_urlTitle=alerta-5090-tecnovigilancia-comunicado-da-empresa-e-tamussino-cia-ltda-introdutor-aramado-10212990226-conjunto-para-acesso-transjugular-ao-figado-1021&_101_INSTANCE_R6VaZWsQDDzS_struts_action=%2Fasset_publisher%2Fview_content&_101_INSTANCE_R6VaZWsQDDzS_assetEntryId=7168745&_101_INSTANCE_R6VaZWsQDDzS_type=content,Alerta 5090 (Tecnovigilância) - Comunicado da empresa E. Tamussino & Cia Ltda - Introdutor Aramado (10212990226); Conjunto para Acesso Transjugular ao Fígado (10212990037).,05-12-2025 17:50,Brasil,ANVISA,,,
https://www.argentina.gob.ar/noticias/retiro-del-mercado-de-tres-lotes-de-lacrigestina,Retiro del mercado de tres lotes de Lacrigestina,05-12-2025 16:40,Argentina,ANMAT,,,
https://www.argentina.gob.ar/noticias/inmovilizacion-de-un-lote-del-producto-agua-dalibour-dasipa,Inmovilización de un lote del producto Agua  D´Alibour DASIPA,04-12-2025 17:36,Argentina,ANMAT,,,
https://www.argentina.gob.ar/noticias/retiro-del-mercado-de-otro-lote-de-solucion-de-gluconato-de-calcio-de-la-firma-lavimar-sa,Retiro del mercado de otro lote de Solución de Gluconato de calcio de la firma LAVIMAR S.A.,04-12-2025 17:33,Argentina,ANMAT,,,
https://www.argentina.gob.ar/noticias/retiro-del-mercado-de-un-lote-de-solucion-de-gluconato-de-calcio-10-de-la-firma-lavimar-sa,Retiro del mercado de un lote de Solución de Gluconato de calcio 10% de la firma LAVIMAR S.A.,04-12-2025 17:29,Argentina,ANMAT,,,
https://www.argentina.gob.ar/noticias/retiro-del-mercado-de-varios-lotes-del-producto-solucion-molar-de-bicarbonato-de-sodio,Retiro del mercado de varios lotes del producto “Solución molar de bicarbonato de sodio inyectable Rigecin” de la firma RIGECIN LABS S.A.,03-12-2025 17:54,Argentina,ANMAT,,,
https://www.argentina.gob.ar/noticias/inmovilizacion-de-2-lotes-del-medicamento-solucion-ringer-lactato-rigecin-inyectable-iv-de,Inmovilización de 2 lotes del medicamento “Solución Ringer-Lactato Rigecin inyectable I.V.” de la firma RIGECIN LABS S.A.,01-12-2025 18:23,Argentina,ANMAT,,,
https://www.argentina.gob.ar/noticias/retiro-del-mercado-de-varios-lotes-de-solucion-molar-de-bicarbonato-de-sodio-inyectable,Retiro del mercado de varios lotes de “Solución molar de bicarbonato de sodio inyectable Rigecin” de la firma RIGECIN LABS S.A.,01-12-2025 18:22,Argentina,ANMAT,,,
https://www.argentina.gob.ar/noticias/retiro-del-mercado-de-varios-lotes-de-produccion-de-la-firma-rigecin-labs-sa,Retiro del mercado de varios lotes de producción de la firma Rigecin Labs S.A,25-11-2025 17:01,Argentina,ANMAT,,,
https://www.argentina.gob.ar/noticias/anmat-inhibe-preventivamente-las-actividades-productivas-de-la-firma-drawer-sa-ordena-el-0,"ANMAT inhibe preventivamente las actividades productivas de la firma DRAWER S.A., ordena el retiro del mercado de 4 lotes de productos e indica la inmovilización de 139 lotes",20-11-2025 19:59,Argentina,ANMAT,,,
https://www.argentina.gob.ar/noticias/anmat-prohibe-unidades-del-producto-tirzecr-5,ANMAT prohíbe unidades del producto TIRZEC® 5,04-11-2025 07:32,Argentina,ANMAT,,,
https://www.argentina.gob.ar/noticias/anmat-prohibe-dos-lotes-de-solucion-fisiologica-marca-rigecin,ANMAT prohíbe dos lotes de solución fisiológica marca RIGECIN,04-11-2025 07:04,Argentina,ANMAT,,,
https://www.argentina.gob.ar/noticias/retiro-del-mercado-de-un-lote-de-clindamicina-drawer,Retiro del mercado de un lote de Clindamicina Drawer,31-10-2025 15:10,Argentina,ANMAT,,,
https://www.argentina.gob.ar/noticias/anmat-levanta-parcialmente-la-inhibicion-de-las-actividades-productivas-la-firma,ANMAT levanta parcialmente la inhibición de las actividades productivas a la firma Laboratorios BETA S.A.,28-10-2025 07:57,Argentina,ANMAT,,,
https://www.argentina.gob.ar/noticias/anmat-inhibe-preventivamente-las-actividades-productivas-de-la-firma-laboratorio-pretoria,ANMAT Inhibe preventivamente las actividades productivas de la firma Laboratorio Pretoria SRL,24-10-2025 12:30,Argentina,ANMAT,,,
https://www.argentina.gob.ar/noticias/anmat-inhibe-preventivamente-las-actividades-productivas-de-la-firma-cooperativa-de-trabajo,ANMAT Inhibe preventivamente las actividades productivas de la firma Cooperativa de trabajo Laboratorios ION Limitada,24-10-2025 12:24,Argentina,ANMAT,,,
https://www.argentina.gob.ar/noticias/inmovilizacion-de-varios-lotes-de-productos-de-la-firma-rigecin-labs-sa,Inmovilización de varios lotes de productos de la firma Rigecin LABS S.A,20-10-2025 16:02,Argentina,ANMAT,,,
https://www.argentina.gob.ar/noticias/anmat-advierte-sobre-retiro-internacional-de-formula-infantil-byheart-whole-nutrition,ANMAT advierte sobre retiro internacional de fórmula infantil - ByHeart Whole Nutrition,20-11-2025 16:26,Argentina,ANMAT,,,
https://www.argentina.gob.ar/noticias/anmat-alerta-sobre-el-uso-de-varios-productos-reportados-por-presunto-desvio-de-calidad,ANMAT alerta sobre el uso de varios productos reportados por presunto desvío de calidad,13-11-2025 20:01,Argentina,ANMAT,,,
https://www.argentina.gob.ar/noticias/anmat-prohibe-la-comercializacion-de-productos-de-cafe-de-las-marcas-caffe-del-doge-cafe-0,"ANMAT prohíbe la comercialización de productos de café de las marcas Caffé del Doge, Café Sol y Caffé del Ponte Rialto",13-11-2025 08:25,Argentina,ANMAT,,,
https://www.argentina.gob.ar/noticias/anmat-prohibe-el-producto-aceite-de-oliva-extra-virgen-marca-valle-de-beraca,ANMAT prohíbe el producto “Aceite de oliva extra virgen” marca Valle de Beraca,04-11-2025 07:38,Argentina,ANMAT,,,
https://www.argentina.gob.ar/noticias/anmat-prohibe-varios-productos-de-la-marca-grupo-bio-fit-srl,"ANMAT prohíbe varios productos de la marca ""Grupo Bio Fit SRL""",04-11-2025 07:09,Argentina,ANMAT,,,
https://www.argentina.gob.ar/noticias/anmat-prohibe-el-producto-aceite-comestible-mezcla-libre-de-gluten-de-la-marca-ecoliva,"ANMAT prohíbe el producto “Aceite comestible mezcla, libre de gluten” de la marca Ecoliva",04-11-2025 07:04,Argentina,ANMAT,,,
https://www.argentina.gob.ar/noticias/anmat-prohibe-el-producto-extracto-hidroalcoholico-reishi-y-ashwagandha-de-la-marca-health,ANMAT prohíbe el producto “Extracto hidroalcohólico - REISHI Y ASHWAGANDHA” de la marca Health Zana,23-10-2025 07:58,Argentina,ANMAT,,,
https://www.argentina.gob.ar/noticias/anmat-prohibe-el-producto-aceite-de-oliva-extra-virgen-marca-olivos-de-arauco,ANMAT prohíbe el producto “Aceite de oliva extra virgen” marca Olivos de Arauco,23-10-2025 07:47,Argentina,ANMAT,,,
https://www.argentina.gob.ar/noticias/anmat-prohibe-el-producto-golosina-base-de-oblea-y-azucar-marca-gallinita-orly,ANMAT prohíbe el producto “Golosina a base de oblea y azúcar” marca Gallinita Orly,23-10-2025 07:39,Argentina,ANMAT,,,
https://www.argentina.gob.ar/noticias/anmat-prohibe-el-producto-aceite-de-oliva-extra-virgen-primera-prensada-en-frio-sabor,"ANMAT prohíbe el producto ""Aceite de oliva extra virgen - Primera prensada en frío, sabor intenso” marca Cumbres Riojanas",23-10-2025 07:31,Argentina,ANMAT,,,
https://www.argentina.gob.ar/noticias/anmat-prohibe-el-producto-pasas-de-uva-jumbo-sin-semillas-marca-valle-encantado-fraccionado,"ANMAT prohibe el producto “Pasas de uva jumbo sin semillas, marca Valle Encantado, Fraccionado por Productos Valle Encantado”",22-10-2025 07:29,Argentina,ANMAT,,,
https://www.argentina.gob.ar/noticias/anmat-prohibe-la-comercializacion-del-producto-suplemento-dietario-base-de-miel-marca-honey,"ANMAT prohíbe la comercialización del producto ""Suplemento dietario a base de miel, marca HONEY NATURAL POWER, Vigorizante - Estimulante""",22-10-2025 07:29,Argentina,ANMAT,,,
https://www.argentina.gob.ar/noticias/anmat-prohibe-el-producto-aceite-de-oliva-extra-virgen-artesanal-de-la-marca-olivos-andinos,ANMAT prohíbe el producto “Aceite de Oliva extra virgen artesanal” de la marca OLIVOS ANDINOS,20-10-2025 09:49,Argentina,ANMAT,,,
https://www.argentina.gob.ar/noticias/anmat-prohibe-la-comercializacion-de-un-aceite-de-oliva-falsamente-rotulado,ANMAT prohíbe la comercialización de un aceite de oliva falsamente rotulado,20-10-2025 08:34,Argentina,ANMAT,,,
https://www.argentina.gob.ar/noticias/anmat-prohibe-el-producto-rotulado-como-copito-de-nieve-heladitos-secos-rne-ndeg-04017294,"ANMAT prohíbe el producto rotulado como ""Copito de Nieve, Heladitos Secos, R.N.E. N°: 04017294, R.N.P.A. N°: 04039186-04039187""",15-10-2025 08:07,Argentina,ANMAT,,,
https://www.argentina.gob.ar/noticias/anmat-prohibe-varios-productos-de-la-marca-mami-keto,"ANMAT prohíbe varios productos de la marca ""Mami Keto""",15-10-2025 07:40,Argentina,ANMAT,,,
https://www.argentina.gob.ar/noticias/anmat-prohibe-el-uso-y-comercializacion-de-los-lotes-de-los-productos-puntas-de-shaver,ANMAT prohíbe el uso y comercialización de los lotes de los productos puntas de Shaver marca Smith & Nephew y Stryker,10-12-2025 10:19,Argentina,ANMAT,,,
https://www.argentina.gob.ar/noticias/anmat-prohibe-los-productos-dermotherap-modelo-aqua-y-dermotherap-modelo-sienna-de-la-marca,"ANMAT prohíbe los productos “Dermotherap, Modelo AQUA” y “Dermotherap, Modelo SIENNA” de la marca DERMOEQUIPOS SRL",02-12-2025 08:29,Argentina,ANMAT,,,
https://www.argentina.gob.ar/noticias/anmat-prohibe-los-productos-medicos-igb-central-de-esterilizacion-medical-element,ANMAT prohíbe los productos médicos “igb central de esterilización - MEDICAL ELEMENT”,28-11-2025 11:00,Argentina,ANMAT,,,
https://www.argentina.gob.ar/noticias/anmat-prohibe-el-uso-la-comercializacion-y-la-distribucion-del-producto-bomba-de-infusion,"ANMAT prohíbe el uso, la comercialización y la distribución del producto “Bomba de infusión PlumTM A+, (serie) 18304147”",28-11-2025 11:00,Argentina,ANMAT,,,
https://www.argentina.gob.ar/noticias/anmat-prohibe-los-productos-medicos-de-la-firma-juratec-medical-srl,"ANMAT prohíbe los productos médicos de la firma ""JURATEC MEDICAL S.R.L.""",27-11-2025 08:27,Argentina,ANMAT,,,
https://www.argentina.gob.ar/noticias/anmat-prohibe-los-productos-medicos-de-las-firmas-mdt-sa-y-macrodent-sa,"ANMAT prohíbe los productos médicos de las firmas ""MDT S.A."" y ""Macrodent S.A.""",27-11-2025 08:19,Argentina,ANMAT,,,
https://www.argentina.gob.ar/noticias/anmat-advierte-sobre-hilos-para-sutura-ilegitimos-marca-farmadental,"ANMAT advierte sobre hilos para sutura ilegítimos marca ""Farmadental""",18-11-2025 18:09,Argentina,ANMAT,,,
https://www.argentina.gob.ar/noticias/anmat-advierte-sobre-fallas-de-calidad-en-ciertos-lotes-del-producto-medico-sonda-para,"ANMAT advierte sobre fallas de calidad en ciertos lotes del producto médico ""SONDA PARA SUCCIÓN"", marca comercial BIOEQUIP, fabricado por la empresa BIOPLAS S.R.L.",07-11-2025 13:51,Argentina,ANMAT,,,
https://www.argentina.gob.ar/noticias/anmat-suspende-preventivamente-el-certificado-de-transporte-interjurisdiccional-de,"ANMAT suspende preventivamente el certificado de transporte interjurisdiccional de productos médicos de la firma ""MEDICAL TEAM S.R.L.""",07-11-2025 09:00,Argentina,ANMAT,,,
https://www.argentina.gob.ar/noticias/anmat-advierte-sobre-fallas-de-calidad-en-ciertos-lotes-del-producto-medico-clamp-umbilical,"ANMAT advierte sobre fallas de calidad en ciertos lotes del producto médico ""Clamp Umbilical"", marca PLASTIMED",16-10-2025 14:53,Argentina,ANMAT,,,
https://www.argentina.gob.ar/noticias/anmat-prohibe-el-uso-y-comercializacion-de-un-equipo-estetico-soprano-ice-marca-alma-2,ANMAT prohíbe el uso y comercialización de un equipo estético “SOPRANO ICE” marca ALMA,06-10-2025 07:26,Argentina,ANMAT,,,
https://www.argentina.gob.ar/noticias/anmat-prohibe-dos-productos-medicos-comercializados-como-placas-de-osteosintesis-y-puntas-2,ANMAT prohíbe dos productos médicos comercializados como Placas de osteosíntesis y Puntas de Shaver,30-09-2025 07:04,Argentina,ANMAT,,,
https://www.argentina.gob.ar/noticias/anmat-prohibe-el-producto-brackets-hworld-class-technology-usa-9162152-h4022-u-hks-345-7x7,"ANMAT prohíbe el producto ""Brackets HWorld Class Technology USA – 916.2152 – H4.022 U HKS 345 – 7x7 CA - Lot#MO098954”",25-09-2025 07:50,Argentina,ANMAT,,,
https://www.argentina.gob.ar/noticias/anmat-prohibe-el-uso-comercializacion-y-distribucion-del-producto-medico-soprano-titanium,"ANMAT Prohíbe el uso, comercialización y distribución del producto médico “SOPRANO TITANIUM – ALMA – SN MNLTEMS12212202-01”",24-09-2025 08:38,Argentina,ANMAT,,,
https://www.argentina.gob.ar/noticias/anmat-prohibe-los-productos-medicos-de-la-firma-medical-team-srl,"ANMAT prohíbe los productos médicos de la firma ""MEDICAL TEAM S.R.L.""",15-09-2025 09:01,Argentina,ANMAT,,,
https://www.argentina.gob.ar/noticias/anmat-prohibe-el-uso-la-comercializacion-y-la-distribucion-del-producto-airsence-10-cpap,"ANMAT prohíbe el uso, la comercialización y la distribución del producto ""AirSence 10 CPAP, Resmed, código BUM37217, N° de serie 221511""",15-09-2025 08:35,Argentina,ANMAT,,,
https://www.argentina.gob.ar/noticias/anmat-prohibe-el-uso-y-la-comercializacion-del-producto-cosmetico-jabon-liquido-para-manos,"ANMAT prohíbe el uso y la comercialización del producto cosmético ""Jabón líquido para manos"" marca SWELL",28-11-2025 11:00,Argentina,ANMAT,,,
https://www.argentina.gob.ar/noticias/anmat-prohibe-el-uso-y-la-comercializacion-del-producto-cosmetico-jabon-liquido-keeper,"ANMAT prohíbe el uso y la comercialización del producto cosmético ""Jabón líquido KEEPER"" fabricado por Keperchem SRL.",28-11-2025 11:00,Argentina,ANMAT,,,
https://www.argentina.gob.ar/noticias/anmat-prohibe-distintos-productos-para-el-cabello-de-la-marca-prodigy,"ANMAT prohíbe distintos productos para el cabello de la marca “PRODIGY""",27-11-2025 08:45,Argentina,ANMAT,,,
https://www.argentina.gob.ar/noticias/anmat-prohibe-distintos-productos-para-el-cabello-de-la-marca-tecnoliss,ANMAT prohíbe distintos productos para el cabello de la marca “T’ECNOLISS”,06-10-2025 07:20,Argentina,ANMAT,,,
https://www.argentina.gob.ar/noticias/anmat-prohibe-el-uso-y-la-comercializacion-de-diversos-productos-cosmeticos,ANMAT prohíbe el uso y la comercialización de diversos productos cosméticos,23-09-2025 08:31,Argentina,ANMAT,,,
https://www.argentina.gob.ar/noticias/anmat-recuerda-la-prohibicion-del-uso-la-distribucion-y-la-comercializacion-de-la-crema,"ANMAT recuerda la prohibición del uso, la distribución y la comercialización de la crema dental COLGATE TOTAL ACTIVE PREVENTION CLEAN MINT",19-09-2025 12:14,Argentina,ANMAT,,,
https://www.argentina.gob.ar/noticias/anmat-prohibe-el-uso-y-la-comercializacion-de-productos-capilares-de-la-marca-jukaalisados,ANMAT prohíbe el uso y la comercialización de productos capilares de la marca “JUKA.ALISADOS”,15-09-2025 08:39,Argentina,ANMAT,,,
https://www.argentina.gob.ar/noticias/anmat-prohibe-el-uso-y-la-comercializacion-de-productos-capilares-de-la-marca-vieless,ANMAT prohíbe el uso y la comercialización de productos capilares de la marca “VIELESS”,11-09-2025 08:09,Argentina,ANMAT,,,
https://www.argentina.gob.ar/noticias/anmat-prohibe-la-venta-y-distribucion-de-productos-cosmeticos-de-la-marca-my-hair-por,ANMAT prohíbe la venta y distribución de productos cosméticos de la marca “UP! MY HAIR” por carecer de inscripción sanitaria,11-09-2025 08:07,Argentina,ANMAT,,,
https://www.argentina.gob.ar/noticias/anmat-prohibe-el-uso-y-la-comercializacion-de-diversos-productos-de-la-marca-carbon-coco,ANMAT prohíbe el uso y la comercialización de diversos productos de la marca CARBON COCO,06-08-2025 08:18,Argentina,ANMAT,,,
https://www.argentina.gob.ar/noticias/anmat-prohibe-el-uso-y-la-comercializacion-de-productos-cosmeticos-de-la-marca-evolucion,ANMAT prohíbe el uso y la comercialización de productos cosméticos de la marca EVOLUCION COSMETICS HAIR,06-08-2025 08:05,Argentina,ANMAT,,,
https://www.argentina.gob.ar/noticias/anmat-prohibe-productos-cosmeticos-de-las-marcas-celuvera-fenogrec-y-alidol,"ANMAT prohíbe productos cosméticos de las marcas CELUVERA, FENOGREC y ALIDOL",29-07-2025 07:43,Argentina,ANMAT,,,
https://www.argentina.gob.ar/noticias/anmat-prohibe-el-uso-y-la-comercializacion-del-producto-cosmetico-unguento-de-coca-arnica-y,"ANMAT prohíbe el uso y la comercialización del producto cosmético ""Ungüento de Coca-Árnica y Aceite de Cannabis"" - Laboratorio Norteño S.R.L.",25-07-2025 08:00,Argentina,ANMAT,,,
https://www.argentina.gob.ar/noticias/la-anmat-prohibe-la-venta-de-la-crema-dental-colgate-total-active-prevention-clean-mint,La ANMAT prohibe la venta de la crema dental COLGATE TOTAL ACTIVE PREVENTION CLEAN MINT,22-07-2025 08:11,Argentina,ANMAT,,,
https://www.argentina.gob.ar/noticias/anmat-prohibe-el-uso-y-la-comercializacion-de-productos-cosmeticos-de-la-marca-banana,ANMAT prohíbe el uso y la comercialización de productos cosméticos de la marca BANANA PREMIUM,18-07-2025 09:00,Argentina,ANMAT,,,
https://www.argentina.gob.ar/noticias/anmat-prohibe-el-uso-y-la-comercializacion-de-diversos-productos-cosmeticos-de-la-marca-2,ANMAT prohíbe el uso y la comercialización de diversos productos cosméticos de la marca TOPLISS,18-07-2025 09:00,Argentina,ANMAT,,,
https://www.argentina.gob.ar/noticias/anmat-prohibe-la-comercializacion-de-productos-domisanitarios-de-la-marca-swell-y-la-firma,"ANMAT prohíbe la comercialización de productos domisanitarios de la marca “Swell"" y la firma ""Grupo Jac SA""",09-12-2025 10:20,Argentina,ANMAT,,,
https://www.argentina.gob.ar/noticias/anmat-prohibe-todos-los-lotes-de-todos-los-productos-de-uso-domestico-de-la-marca-marclean,ANMAT prohíbe todos los lotes de todos los productos de uso doméstico de la marca MARCLEAN,09-12-2025 08:31,Argentina,ANMAT,,,
https://www.argentina.gob.ar/noticias/anmat-prohibe-la-comercializacion-de-productos-de-la-marca-seco-cleaner,"ANMAT prohíbe la comercialización de productos de la marca ""Seco Cleaner""",18-11-2025 07:13,Argentina,ANMAT,,,
https://www.argentina.gob.ar/noticias/anmat-prohibe-la-comercializacion-de-productos-de-limpieza-marca-limpimax,ANMAT prohíbe la comercialización de productos de limpieza marca “Limpimax”,06-10-2025 07:17,Argentina,ANMAT,,,
https://www.argentina.gob.ar/noticias/anmat-prohibe-la-comercializacion-de-productos-domisanitarios-de-agua-de-red-domiciliaria,ANMAT prohíbe la comercialización de productos domisanitarios de agua de red domiciliaria,23-09-2025 08:06,Argentina,ANMAT,,,
https://www.argentina.gob.ar/noticias/anmat-prohibe-la-comercializacion-del-producto-domisanitario-lavandina-en-polvo-calitex,ANMAT prohíbe la comercialización del producto domisanitario Lavandina en polvo “CALITEX”,15-09-2025 09:25,Argentina,ANMAT,,,
https://www.argentina.gob.ar/noticias/anmat-prohibe-la-comercializacion-de-un-producto-domisanitario-de-la-marca-chau-pis,ANMAT prohíbe la comercialización de un producto domisanitario de la marca “Chau Pis”,15-09-2025 08:04,Argentina,ANMAT,,,
https://www.argentina.gob.ar/noticias/anmat-prohibe-la-comercializacion-de-productos-domisanitarios-de-la-marca-la-bonne-vie,ANMAT prohíbe la comercialización de productos domisanitarios de la marca “La Bonne Vie”,06-08-2025 07:32,Argentina,ANMAT,,,
https://www.argentina.gob.ar/noticias/anmat-prohibe-el-producto-detergente-eco-5-lts-de-la-marca-quimica-spegazzini,ANMAT prohíbe el producto DETERGENTE ECO 5 lts de la marca QUÍMICA SPEGAZZINI,30-07-2025 07:54,Argentina,ANMAT,,,
https://www.argentina.gob.ar/noticias/anmat-prohibe-la-comercializacion-de-productos-domisanitarios-de-la-marca-seiq-group-sa,"ANMAT prohíbe la comercialización de productos domisanitarios de la marca ""SEIQ GROUP S.A.""",15-07-2025 07:23,Argentina,ANMAT,,,
https://www.argentina.gob.ar/noticias/anmat-prohibe-la-comercializacion-de-productos-domisanitarios-de-la-marca-walker,"ANMAT prohíbe la comercialización de productos domisanitarios de la marca ""Walker""",23-06-2025 09:18,Argentina,ANMAT,,,
https://www.argentina.gob.ar/noticias/anmat-prohibe-todos-los-lotes-del-producto-lavandina-basica-de-la-firma-compania-de,"ANMAT prohíbe todos los lotes del producto ""Lavandina básica"" de la firma COMPAÑÍA DE POLIPRODUCTOS BAIGÓ S.A.",04-06-2025 08:18,Argentina,ANMAT,,,
https://www.argentina.gob.ar/noticias/anmat-prohibe-el-producto-iberia-aire-pur-repelente-de-mosquitos-con-aceite-de-citronella,"ANMAT prohíbe el producto ""IBERIA. AIRE PUR. REPELENTE DE MOSQUITOS con aceite de citronella. ECOLÓGICO 0% INSECTICIDA""",21-05-2025 07:41,Argentina,ANMAT,,,
https://www.argentina.gob.ar/noticias/anmat-prohibe-la-comercializacion-de-productos-domisanitarios-sin-registro-sanitario-de-0,"ANMAT prohíbe la comercialización de productos domisanitarios sin registro sanitario de la marca ""Proquality maxx""",19-05-2025 09:50,Argentina,ANMAT,,,
https://www.argentina.gob.ar/noticias/anmat-prohibe-la-elaboracion-comercializacion-y-distribucion-del-producto-agua-lavandina,"ANMAT prohíbe la elaboración, comercialización y distribución del producto ""Agua lavandina concentrada Dione""  de la firma DIONE QUÍMICA S.A.",28-03-2025 08:46,Argentina,ANMAT,,,
https://www.argentina.gob.ar/noticias/anmat-prohibe-la-comercializacion-de-productos-domisanitarios-sin-registro-sanitario-de-la,"ANMAT prohíbe la comercialización de productos domisanitarios sin registro sanitario de la marca ""Details ECO HOME""",17-03-2025 08:12,Argentina,ANMAT,,,
https://www.agemed.gob.bo/archivo_farmacovigi/alertas/2025/ALERTA_242_2025.pdf,"Alerta N° 242/2025 - MEDICAMENTO ILÍCITO “LEVOFLOXACINA ABD SOLUCION INYECTABLE” - ENVASE SECUNDARIO FALSIFICADO CON CONTENIDO DE 
                                METRONIDAZOL",01-12-2025,Bolivia,AGEMED,,,
https://www.agemed.gob.bo/archivo_farmacovigi/alertas/2025/ALERTA_241_2025.pdf,Alerta N° 241/2025 - MEDICAMENTO ILÍCITO “FLUCONAZOL SOLUCION INYECTABLE” - ENVASE SECUNDARIO FALSIFICADO,01-12-2025,Bolivia,AGEMED,,,
https://www.agemed.gob.bo/archivo_farmacovigi/alertas/2025/ALERTA_240_2025.pdf,Alerta N° 240/2025 - MEDICAMENTO ILÍCITO “LEVOFLOXACINA ABD SOLUCION INYECTABLE” - ENVASE SECUNDARIO FALSIFICADO,01-12-2025,Bolivia,AGEMED,,,
https://www.agemed.gob.bo/archivo_farmacovigi/alertas/2025/ALERTA_239_2025.pdf,"Alerta N° 239/2025 - DISPOSITIVO MEDICO ILÍCITO ""MONONYLON ™ ETHILON ™"" FALSIFICADO",23-10-2025,Bolivia,AGEMED,,,
https://www.agemed.gob.bo/archivo_farmacovigi/alertas/2025/ALERTA_238_2025.pdf,"Alerta N° 238/2025 - PRODUCTO ILICITO ""SHOW WY ANYLADY"" - SIN NOTIFICACIÓN SANITARIA OBLIGATORIA (NSO)",20-10-2025,Bolivia,AGEMED,,,
https://www.agemed.gob.bo/archivo_farmacovigi/alertas/2025/ALERTA_237_2025.pdf,"Alerta N° 237/2025 - PRODUCTO ILICITO ""CELLECTIVE COLOR SUPER COVER"" - SIN NOTIFICACIÓN SANITARIA OBLIGATORIA (NSO)",20-10-2025,Bolivia,AGEMED,,,
https://www.agemed.gob.bo/archivo_farmacovigi/alertas/2025/ALERTA_236_2025.pdf,"Alerta N° 236/2025 - PRODUCTO ILICITO ""AMUSE"" - SIN NOTIFICACIÓN SANITARIA OBLIGATORIA (NSO)",20-10-2025,Bolivia,AGEMED,,,
https://www.agemed.gob.bo/archivo_farmacovigi/alertas/2025/ALERTA_235_2025.pdf,"Alerta N° 235/2025 - PRODUCTO ILICITO ""ALOE VERA"" - SIN NOTIFICACIÓN SANITARIA OBLIGATORIA (NSO)",20-10-2025,Bolivia,AGEMED,,,
https://www.agemed.gob.bo/archivo_farmacovigi/alertas/2025/ALERTA_234_2025.pdf,"Alerta N° 234/2025 - PRODUCTO ILICITO ""STAY HIGH"" - SIN NOTIFICACIÓN SANITARIA OBLIGATORIA (NSO)",20-10-2025,Bolivia,AGEMED,,,
https://www.agemed.gob.bo/archivo_farmacovigi/alertas/2025/ALERTA_233_2025.pdf,"Alerta N° 233/2025 - PRODUCTO ILICITO ""ETHEREAL VIOLET"" - SIN NOTIFICACIÓN SANITARIA OBLIGATORIA (NSO)",20-10-2025,Bolivia,AGEMED,,,
https://www.agemed.gob.bo/archivo_farmacovigi/alertas/2025/ALERTA_232_2025.pdf,"Alerta N° 232/2025 - PRODUCTO ILICITO ""CONCEALER STICK KARITE 2 IN 1"" - SIN NOTIFICACIÓN SANITARIA OBLIGATORIA (NSO)",20-10-2025,Bolivia,AGEMED,,,
https://www.agemed.gob.bo/archivo_farmacovigi/alertas/2025/ALERTA_231_2025.pdf,"Alerta N° 231/2025 - PRODUCTO ILICITO ""EYELASH GROWTH SERUM"" - SIN NOTIFICACIÓN SANITARIA OBLIGATORIA (NSO)",20-10-2025,Bolivia,AGEMED,,,
https://www.agemed.gob.bo/archivo_farmacovigi/alertas/2025/ALERTA_230_2025.pdf,"Alerta N° 230/2025 - PRODUCTO ILICITO ""CITY COLOR ENHANCED SHADOW PRIMER"" - SIN NOTIFICACIÓN SANITARIA OBLIGATORIA (NSO)",20-10-2025,Bolivia,AGEMED,,,
https://www.agemed.gob.bo/archivo_farmacovigi/alertas/2025/ALERTA_229_2025.pdf,"Alerta N° 229/2025 - PRODUCTO ILICITO ""HYDRATE ME PRIMER"" - SIN NOTIFICACIÓN SANITARIA OBLIGATORIA (NSO)",20-10-2025,Bolivia,AGEMED,,,
https://www.agemed.gob.bo/archivo_farmacovigi/alertas/2025/ALERTA_228_2025.pdf,"Alerta N° 228/2025 - PRODUCTO ILICITO ""KARITE HYDRA PRIMER"" - SIN NOTIFICACIÓN SANITARIA OBLIGATORIA (NSO)",20-10-2025,Bolivia,AGEMED,,,
https://www.agemed.gob.bo/archivo_farmacovigi/alertas/2025/ALERTA_227_2025.pdf,"Alerta N° 227/2025 - PRODUCTO ILICITO ""KISS BEAUTY SUPER COVER"" - SIN NOTIFICACIÓN SANITARIA OBLIGATORIA (NSO)",20-10-2025,Bolivia,AGEMED,,,
https://www.agemed.gob.bo/archivo_farmacovigi/alertas/2025/ALERTA_226_2025.pdf,"Alerta N° 226/2025 - PRODUCTO ILICITO ""KARITE SUPER BLACK LIQUID EYELINER"" - SIN NOTIFICACIÓN SANITARIA OBLIGATORIA (NSO)",20-10-2025,Bolivia,AGEMED,,,
https://www.agemed.gob.bo/archivo_farmacovigi/alertas/2025/ALERTA_225_2025.pdf,"Alerta N° 225/2025 - PRODUCTO ILICITO ""FACE PRIMER"" - SIN NOTIFICACIÓN SANITARIA OBLIGATORIA (NSO)",20-10-2025,Bolivia,AGEMED,,,
https://www.agemed.gob.bo/archivo_farmacovigi/alertas/2025/ALERTA_224_2025.pdf,"Alerta N° 224/2025 - PRODUCTO ILICITO ""FAST BASE BLUSH"" - SIN NOTIFICACIÓN SANITARIA OBLIGATORIA (NSO)",20-10-2025,Bolivia,AGEMED,,,
https://www.agemed.gob.bo/archivo_farmacovigi/alertas/2025/ALERTA_223_2025.pdf,"Alerta N° 223/2025 - PRODUCTO ILICITO ""KALIYA BEAUTY FIT ME"" - SIN NOTIFICACIÓN SANITARIA OBLIGATORIA (NSO)",20-10-2025,Bolivia,AGEMED,,,
https://www.agemed.gob.bo/archivo_farmacovigi/alertas/2025/ALERTA_222_2025.pdf,"Alerta N° 222/2025 - PRODUCTO ILICITO ""FIT MYI"" - SIN NOTIFICACIÓN SANITARIA OBLIGATORIA (NSO)",20-10-2025,Bolivia,AGEMED,,,
https://www.agemed.gob.bo/archivo_farmacovigi/alertas/2025/ALERTA_221_2025.pdf,"Alerta N° 221/2025 - PRODUCTO ILICITO ""KUYILA FIT ME"" - SIN NOTIFICACIÓN SANITARIA OBLIGATORIA (NSO)",20-10-2025,Bolivia,AGEMED,,,
https://www.agemed.gob.bo/archivo_farmacovigi/alertas/2025/ALERTA_220_2025.pdf,"Alerta N° 220/2025 - PRODUCTO ILICITO ""GRAPE POWDER & FOUNDATION"" - SIN NOTIFICACIÓN SANITARIA OBLIGATORIA (NSO)",20-10-2025,Bolivia,AGEMED,,,
https://www.agemed.gob.bo/archivo_farmacovigi/alertas/2025/ALERTA_219_2025.pdf,"Alerta N° 219/2025 - PRODUCTO ILICITO ""FORTALECEDOR DE PESTAÑAS"" - SIN NOTIFICACIÓN SANITARIA OBLIGATORIA (NSO)",20-10-2025,Bolivia,AGEMED,,,
https://www.agemed.gob.bo/archivo_farmacovigi/alertas/2025/ALERTA_218_2025.pdf,"Alerta N° 218/2025 - PRODUCTO ILICITO ""KLEAN COLOR PRO PREP & PRIME"" - SIN NOTIFICACIÓN SANITARIA OBLIGATORIA (NSO)",20-10-2025,Bolivia,AGEMED,,,
https://www.agemed.gob.bo/archivo_farmacovigi/alertas/2025/ALERTA_217_2025.pdf,"Alerta N° 217/2025 - PRODUCTO ILICITO ""KLEAN COLOR PRO SEALER"" - SIN NOTIFICACIÓN SANITARIA OBLIGATORIA (NSO)",20-10-2025,Bolivia,AGEMED,,,
https://www.agemed.gob.bo/archivo_farmacovigi/alertas/2025/ALERTA_216_2025.pdf,"Alerta N° 216/2025 - PRODUCTO ILICITO ""KISS BEAUTY MATTE POWDER WATERPROOF"" - SIN NOTIFICACIÓN SANITARIA OBLIGATORIA (NSO)",20-10-2025,Bolivia,AGEMED,,,
https://www.agemed.gob.bo/archivo_farmacovigi/alertas/2025/ALERTA_215_2025.pdf,"Alerta N° 215/2025 - PRODUCTO ILICITO ""MISCELLAR CLEANSING WATER"" - SIN NOTIFICACIÓN SANITARIA OBLIGATORIA (NSO)",20-10-2025,Bolivia,AGEMED,,,
https://www.agemed.gob.bo/archivo_farmacovigi/alertas/2025/ALERTA_214_2025.pdf,"Alerta N° 214/2025 - PRODUCTO ILICITO ""MAKE UP CLEANSING WATER"" - SIN NOTIFICACIÓN SANITARIA OBLIGATORIA (NSO)",20-10-2025,Bolivia,AGEMED,,,
https://www.agemed.gob.bo/archivo_farmacovigi/alertas/2025/ALERTA_213_2025.pdf,"Alerta N° 213/2025 - PRODUCTO ILICITO ""L.A. GIRL PRO COVERAGE"" - SIN NOTIFICACIÓN SANITARIA OBLIGATORIA (NSO)",20-10-2025,Bolivia,AGEMED,,,
https://www.agemed.gob.bo/archivo_farmacovigi/alertas/2025/ALERTA_212_2025.pdf,"Alerta N° 212/2025 - PRODUCTO ILICITO ""KEVIN & COCO COLOR EYE PALETTE"" - SIN NOTIFICACIÓN SANITARIA OBLIGATORIA (NSO)",20-10-2025,Bolivia,AGEMED,,,
https://www.agemed.gob.bo/archivo_farmacovigi/alertas/2025/ALERTA_211_2025.pdf,"Alerta N° 211/2025 - PRODUCTO ILICITO ""FACE PRIMER KISS BEAUTY"" - SIN NOTIFICACIÓN SANITARIA OBLIGATORIA (NSO)",16-10-2025,Bolivia,AGEMED,,,
https://www.agemed.gob.bo/archivo_farmacovigi/alertas/2025/ALERTA_210_2025.pdf,"Alerta N° 210/2025 - PRODUCTO ILICITO ""BAOLISHI POWER"" - SIN NOTIFICACIÓN SANITARIA OBLIGATORIA (NSO)",16-10-2025,Bolivia,AGEMED,,,
https://www.agemed.gob.bo/archivo_farmacovigi/alertas/2025/ALERTA_209_2025.pdf,"Alerta N° 209/2025 - PRODUCTO ILICITO ""FIT BB MATTE POWER"" - SIN NOTIFICACIÓN SANITARIA OBLIGATORIA (NSO)",16-10-2025,Bolivia,AGEMED,,,
https://www.agemed.gob.bo/archivo_farmacovigi/alertas/2025/ALERTA_208_2025.pdf,"Alerta N° 208/2025 - PRODUCTO ILICITO ""ARGAN OIL"" - SIN NOTIFICACIÓN SANITARIA OBLIGATORIA (NSO)",16-10-2025,Bolivia,AGEMED,,,
https://www.agemed.gob.bo/archivo_farmacovigi/alertas/2025/ALERTA_207_2025.pdf,"Alerta N° 207/2025 - PRODUCTO ILICITO ""ULTIMATE COLOR YOUR LIFE BEAUTY"" - SIN NOTIFICACIÓN SANITARIA OBLIGATORIA (NSO)",16-10-2025,Bolivia,AGEMED,,,
https://www.agemed.gob.bo/archivo_farmacovigi/alertas/2025/ALERTA_206_2025.pdf,"Alerta N° 206/2025 - PRODUCTO ILICITO ""THE ONE SPIRIT"" - SIN NOTIFICACIÓN SANITARIA OBLIGATORIA (NSO)",16-10-2025,Bolivia,AGEMED,,,
https://www.agemed.gob.bo/archivo_farmacovigi/alertas/2025/ALERTA_205_2025.pdf,"Alerta N° 205/2025 - PRODUCTO ILICITO ""SWEET PRINCESS"" - SIN NOTIFICACIÓN SANITARIA OBLIGATORIA (NSO)",16-10-2025,Bolivia,AGEMED,,,
https://www.agemed.gob.bo/archivo_farmacovigi/alertas/2025/ALERTA_204_2025.pdf,"Alerta N° 204/2025 - PRODUCTO ILICITO ""SWEET DESSERTS BLUSHER"" - SIN NOTIFICACIÓN SANITARIA OBLIGATORIA (NSO)",16-10-2025,Bolivia,AGEMED,,,
https://www.agemed.gob.bo/archivo_farmacovigi/alertas/2025/ALERTA_203_2025.pdf,"Alerta N° 203/2025 - PRODUCTO ILICITO ""PALETA DE SOMBRAS"" - SIN NOTIFICACIÓN SANITARIA OBLIGATORIA (NSO)",16-10-2025,Bolivia,AGEMED,,,
https://www.agemed.gob.bo/archivo_farmacovigi/alertas/2025/ALERTA_202_2025.pdf,"Alerta N° 202/2025 - PRODUCTO ILICITO ""MIRACLE PARADISE SHOCK"" - SIN NOTIFICACIÓN SANITARIA OBLIGATORIA (NSO)",16-10-2025,Bolivia,AGEMED,,,
https://www.agemed.gob.bo/archivo_farmacovigi/alertas/2025/ALERTA_201_2025.pdf,"Alerta N° 201/2025 - PRODUCTO ILICITO ""MAKE ME GLOW"" - SIN NOTIFICACIÓN SANITARIA OBLIGATORIA (NSO)",16-10-2025,Bolivia,AGEMED,,,
https://www.agemed.gob.bo/archivo_farmacovigi/alertas/2025/ALERTA_200_2025.pdf,"Alerta N° 200/2025 - PRODUCTO ILICITO ""FACE PRIMER OIL FREE"" - SIN NOTIFICACIÓN SANITARIA OBLIGATORIA (NSO)",16-10-2025,Bolivia,AGEMED,,,
https://www.agemed.gob.bo/archivo_farmacovigi/alertas/2025/ALERTA_199_2025.pdf,"Alerta N° 199/2025 - PRODUCTO ILICITO ""BELIEVE IN YOURSELF"" - SIN NOTIFICACIÓN SANITARIA OBLIGATORIA (NSO)",16-10-2025,Bolivia,AGEMED,,,
https://www.agemed.gob.bo/archivo_farmacovigi/alertas/2025/ALERTA_198_2025.pdf,"Alerta N° 198/2025 - PRODUCTO ILICITO ""MAKE UP FIX SPRAY"" - SIN NOTIFICACIÓN SANITARIA OBLIGATORIA (NSO)",16-10-2025,Bolivia,AGEMED,,,
https://www.agemed.gob.bo/archivo_farmacovigi/alertas/2025/ALERTA_197_2025.pdf,"Alerta N° 197/2025 - PRODUCTO ILICITO ""BANANA KLEAN COLOR"" - SIN NOTIFICACIÓN SANITARIA OBLIGATORIA (NSO)",16-10-2025,Bolivia,AGEMED,,,
https://www.agemed.gob.bo/archivo_farmacovigi/alertas/2025/ALERTA_196_2025.pdf,"Alerta N° 196/2025 - PRODUCTO ILICITO ""WARM & DELIGHT"" - SIN NOTIFICACIÓN SANITARIA OBLIGATORIA (NSO)/td>16/10/2025",16-10-2025,Bolivia,AGEMED,,,
https://www.agemed.gob.bo/archivo_farmacovigi/alertas/2025/ALERTA_195_2025.pdf,"Alerta N° 195/2025 - PRODUCTO ILICITO ""VV LOVE CHAMPAGNE GLOW"" - SIN NOTIFICACIÓN SANITARIA OBLIGATORIA (NSO)",16-10-2025,Bolivia,AGEMED,,,
https://www.agemed.gob.bo/archivo_farmacovigi/alertas/2025/ALERTA_194_2025.pdf,"Alerta N° 194/2025 - PRODUCTO ILICITO ""LET´S HYDRATE"" - SIN NOTIFICACIÓN SANITARIA OBLIGATORIA (NSO)",16-10-2025,Bolivia,AGEMED,,,
https://www.agemed.gob.bo/archivo_farmacovigi/alertas/2025/ALERTA_193_2025.pdf,"Alerta N° 193/2025 - PRODUCTO ILICITO ""VITAMIN C"" - SIN NOTIFICACIÓN SANITARIA OBLIGATORIA (NSO)",16-10-2025,Bolivia,AGEMED,,,
https://www.agemed.gob.bo/archivo_farmacovigi/alertas/2025/ALERTA_192_2025.pdf,"Alerta N° 192/2025 - PRODUCTO ILICITO ""VITAMIN C NIGHT CREAM"" - SIN NOTIFICACIÓN SANITARIA OBLIGATORIA (NSO)",16-10-2025,Bolivia,AGEMED,,,
https://www.agemed.gob.bo/archivo_farmacovigi/alertas/2025/ALERTA_191_2025.pdf,"Alerta N° 191/2025 - PRODUCTO ILICITO ""VEGAN VITAMIN SHEET MASK"" - SIN NOTIFICACIÓN SANITARIA OBLIGATORIA (NSO)",16-10-2025,Bolivia,AGEMED,,,
https://www.agemed.gob.bo/archivo_farmacovigi/alertas/2025/ALERTA_190_2025.pdf,"Alerta N° 190/2025 - PRODUCTO ILICITO ""VEGAN TEA TREE SHEET MASK"" - SIN NOTIFICACIÓN SANITARIA OBLIGATORIA (NSO)",16-10-2025,Bolivia,AGEMED,,,
https://www.agemed.gob.bo/archivo_farmacovigi/alertas/2025/ALERTA_189_2025.pdf,"Alerta N° 189/2025 - PRODUCTO ILICITO ""THE BEST CONCEALER BEAUTICIAN"" - SIN NOTIFICACIÓN SANITARIA OBLIGATORIA (NSO)",16-10-2025,Bolivia,AGEMED,,,
https://www.agemed.gob.bo/archivo_farmacovigi/alertas/2025/ALERTA_188_2025.pdf,"Alerta N° 188/2025 - PRODUCTO ILICITO ""SKIN PERFECT PRIMER FACIAL"" - SIN NOTIFICACIÓN SANITARIA OBLIGATORIA (NSO)",16-10-2025,Bolivia,AGEMED,,,
https://www.agemed.gob.bo/archivo_farmacovigi/alertas/2025/ALERTA_187_2025.pdf,"Alerta N° 187/2025 - PRODUCTO ILICITO ""SHINNING GLITTER"" - SIN NOTIFICACIÓN SANITARIA OBLIGATORIA (NSO)",16-10-2025,Bolivia,AGEMED,,,
https://www.agemed.gob.bo/archivo_farmacovigi/alertas/2025/ALERTA_186_2025.pdf,"Alerta N° 186/2025 - PRODUCTO ILICITO ""PORELESS FACE PRIME"" - SIN NOTIFICACIÓN SANITARIA OBLIGATORIA (NSO)",16-10-2025,Bolivia,AGEMED,,,
https://www.agemed.gob.bo/archivo_farmacovigi/alertas/2025/ALERTA_185_2025.pdf,"Alerta N° 185/2025 - PRODUCTO ILICITO ""MAGIC YOUR LIFE OH MY BLUSH"" - SIN NOTIFICACIÓN SANITARIA OBLIGATORIA (NSO)",16-10-2025,Bolivia,AGEMED,,,
https://www.agemed.gob.bo/archivo_farmacovigi/alertas/2025/ALERTA_184_2025.pdf,"Alerta N° 184/2025 - PRODUCTO ILICITO ""LIGHT FLAWLESS LIQUID FOUNDATION"" - SIN NOTIFICACIÓN SANITARIA OBLIGATORIA (NSO)",16-10-2025,Bolivia,AGEMED,,,
https://www.agemed.gob.bo/archivo_farmacovigi/alertas/2025/ALERTA_183_2025.pdf,"Alerta N° 183/2025 - PRODUCTO ILICITO ""ONLY BEAUTY MAGIQUE BB"" - SIN NOTIFICACIÓN SANITARIA OBLIGATORIA (NSO)",16-10-2025,Bolivia,AGEMED,,,
https://www.agemed.gob.bo/archivo_farmacovigi/alertas/2025/ALERTA_182_2025.pdf,"Alerta N° 182/2025 - PRODUCTO ILICITO ""ALOE VERA 99% BIOAQUA"" - SIN NOTIFICACIÓN SANITARIA OBLIGATORIA (NSO)",16-10-2025,Bolivia,AGEMED,,,
https://www.agemed.gob.bo/archivo_farmacovigi/alertas/2025/ALERTA_181_2025.pdf,"Alerta N° 181/2025 - PRODUCTO ILICITO ""head & shoulders - HIDRATACIÓN"" - FALSIFICADO",13-10-2025,Bolivia,AGEMED,,,
https://www.agemed.gob.bo/archivo_farmacovigi/alertas/2025/ALERTA_180_2025.pdf,"Alerta N° 180/2025 - PRODUCTO ILICITO ""VICTORIA´S SECRET - JASMINE CASSIS"" - SIN NOTIFICACION SANITARIA OBLIGATORIA (NSO)",13-10-2025,Bolivia,AGEMED,,,
https://www.agemed.gob.bo/archivo_farmacovigi/alertas/2025/ALERTA_179_2025.pdf,"Alerta N° 179/2025 - PRODUCTO ILICITO ""teomny girl"" - SIN NOTIFICACIÓN SANITARIA OBLIGATORIA (NSO)",13-10-2025,Bolivia,AGEMED,,,
https://www.agemed.gob.bo/archivo_farmacovigi/alertas/2025/ALERTA_178_2025.pdf,"Alerta N° 178/2025 - PRODUCTO ILÍCITP ""VERCARES ROUGE FLAME"" - SIN NOTIFICACIÓN SANIATRIA OBLIGATORIA (NSO)",13-10-2025,Bolivia,AGEMED,,,
https://www.agemed.gob.bo/archivo_farmacovigi/alertas/2025/ALERTA_177_2025.pdf,"Alerta N° 177/2025 - MEDICAMENTO ILICITO ""HUTOX INJ."" - SIN REGISTRO SANITARIO Y DE CONTRABANDO",09-10-2025,Bolivia,AGEMED,,,
https://www.agemed.gob.bo/archivo_farmacovigi/alertas/2025/ALERTA_176_2025.pdf,"Alerta N° 176/2025 - PRODUCTO ILICITO ""VICTORIA ´S SECRET COCONUT PASSION SHIMMER"" - SIN NOTIFICACIÓN SANITARIA OBLIGATORIA (NSO)",30-09-2025,Bolivia,AGEMED,,,
https://www.agemed.gob.bo/archivo_farmacovigi/alertas/2025/ALERTA_175_2025.pdf,"Alerta N° 175/2025 - PRODUCTO ILICITO ""VICTORIA´S SECRET COCONUT PASSION NOIR"" - SIN NOTIFICACION SANITARIA OBLIGATORIA (NSO)",29-09-2025,Bolivia,AGEMED,,,
https://www.agemed.gob.bo/archivo_farmacovigi/alertas/2025/ALERTA_174_2025.pdf,"Alerta N° 174/2025 - PRODUCTO ILICITO ""TAKE IT OUT QUITA ESMALTE 0% ACETONA"" - SIN NOTIFICACION SANITARIA OBLIGATORIA (NSO)",29-09-2025,Bolivia,AGEMED,,,
https://www.agemed.gob.bo/archivo_farmacovigi/alertas/2025/ALERTA_173_2025.pdf,"Alerta N° 173/2025 - PRODUCTO ILICITO ""RUCREM CREMA REPELENTE DE INSECTOS"" - SIN NOTIFICACION SANITARIA OBLIGATORIA (NSO)",29-09-2025,Bolivia,AGEMED,,,
https://www.agemed.gob.bo/archivo_farmacovigi/alertas/2025/ALERTA_172_2025.pdf,"Alerta N° 172/2025 - DISPOSITIVO MEDICO ILICITO ""TOOTHBRUSH MATRIX"" - SIN REGISTRO SANITARIO",29-09-2025,Bolivia,AGEMED,,,
https://www.agemed.gob.bo/archivo_farmacovigi/alertas/2025/ALERTA_171_2025.pdf,"Alerta N° 171/2025 - PRODUCTO ILICITO ""HINDS PERFECTION ANTITRANSPIRANTE SIN ALCOHOL"" - SIN NOTIFICACION SANITARIA OBLIGATORIA (NSO)",29-09-2025,Bolivia,AGEMED,,,
https://www.agemed.gob.bo/archivo_farmacovigi/alertas/2025/ALERTA_170_2025.pdf,"Alerta N° 170/2025 - PRODUCTO ILICITO ""HIPOGLOS ® TRANSPARENTE"" - SIN NOTIFICACION SANITARIA OBLIGATORIA Y DE CONTRABANDO",19-09-2025,Bolivia,AGEMED,,,
https://www.agemed.gob.bo/archivo_farmacovigi/alertas/2025/ALERTA_169_2025.pdf,"Alerta N° 169/2025 - PRODUCTO ILICITO ""HIPOGLOS ® "" - SIN NOTIFICACION SANITARIA OBLIGATORIA Y DE CONTRABANDO",19-09-2025,Bolivia,AGEMED,,,
https://www.agemed.gob.bo/archivo_farmacovigi/alertas/2025/ALERTA_168_2025.pdf,"Alerta N° 168/2025 - PRODUCTO ILICITO ""HIPOGLOS ® POMADA"" - SIN NOTIFICACION SANITARIA OBLIGATORIA Y DE CONTRABANDO",19-09-2025,Bolivia,AGEMED,,,
https://www.agemed.gob.bo/archivo_farmacovigi/alertas/2025/ALERTA_167_2025.pdf,"Alerta N° 167/2025 - PRODUCTO ILICITO ""HIPOGLOS ® AMENDOAS"" - SIN NOTIFICACION SANITARIA OBLIGATORIA Y DE CONTRABANDO",19-09-2025,Bolivia,AGEMED,,,
https://www.agemed.gob.bo/archivo_farmacovigi/alertas/2025/ALERTA_166_2025.pdf,"Alerta N° 166/2025 - PRODUCTO ILICITO ""d HIPOCLÓS z EMULSIÓN"" - DE CONTRABANDO",18-09-2025,Bolivia,AGEMED,,,
https://www.agemed.gob.bo/archivo_farmacovigi/alertas/2025/ALERTA_165_2025.pdf,Alerta N° 165/2025 - PRODUCTO ILÍCITO “SULFATIAZOL EN POLVO” -  FRAUDULENTO,03-09-2025,Bolivia,AGEMED,,,
https://www.agemed.gob.bo/archivo_farmacovigi/alertas/2025/ALERTA_164_2025.pdf,"Alerta N° 164/2025 - PRODUCTO ILICITO ""PENICILINA EN POLVO"" - FRAUDULENTO",03-09-2025,Bolivia,AGEMED,,,
https://www.agemed.gob.bo/archivo_farmacovigi/alertas/2025/ALERTA_163_2025.pdf,"Alerta N° 163/2025 - PRODUCTO ILICITO ""ALCANFORADO EN GRANULADO"" - FRAUDULENTO",03-09-2025,Bolivia,AGEMED,,,
https://www.agemed.gob.bo/archivo_farmacovigi/alertas/2025/ALERTA_162_2025.pdf,"Alerta N° 162/2025 - MEDICAMENTO ILICITO ""IMIPENEM + CILASTATINA FM"" - FALSIFICADO",29-08-2025,Bolivia,AGEMED,,,
https://www.agemed.gob.bo/archivo_farmacovigi/alertas/2025/ALERTA_161_2025.pdf,"Alerta N° 161/2025 - PRODUCTO ILICITO ""LAGOS ESSENTIAL"" - SIN NITIFICACIÓN SANITARIA OBLIGATORIA (NSO)",29-08-2025,Bolivia,AGEMED,,,
https://www.agemed.gob.bo/archivo_farmacovigi/alertas/2025/ALERTA_160_2025.pdf,"Alerta N° 160/2025 - PRODUCTO ILICITO ""TO MY GIRL"" - SIN NOTIFICACIÓN SANITARIA OBLIGATORIA (NSO)",28-08-2025,Bolivia,AGEMED,,,
https://www.agemed.gob.bo/archivo_farmacovigi/alertas/2025/ALERTA_159_2025.pdf,"Alerta N° 159/2025 - PRODUCTO ILICITO ""J'DOR"" - SIN NOTIFICACIÓN SANITARIA OBLIGATORIA (NSO)",28-08-2025,Bolivia,AGEMED,,,
https://www.agemed.gob.bo/archivo_farmacovigi/alertas/2025/ALERTA_158_2025.pdf,"Alerta N° 158/2025 - PRODUCTO ILICITO ""PARTYCLUB - PINK"" - SIN NOTIFICACIÓN SANITARIA OBLIGATORIA (NSO)",28-08-2025,Bolivia,AGEMED,,,
https://www.agemed.gob.bo/archivo_farmacovigi/alertas/2025/ALERTA_157_2025.pdf,"Alerta N° 157/2025 - PRODUCTO ILICITO ""VICTORIA SEEKERS GARDEN DREAMER"" - SIN NOTIFICACIÓN SANITARIA OBLIGATORIA (NSO)",28-08-2025,Bolivia,AGEMED,,,
https://www.agemed.gob.bo/archivo_farmacovigi/alertas/2025/ALERTA_156_2025.pdf,"Alerta N° 156/2025 - PRODUCTO ILICITO ""WOMAN'S SECRET - LAN DE PARFUM"" - SIN NOTIFICACIÓN SANITARIA OBLIGATORIA (NSO)",28-08-2025,Bolivia,AGEMED,,,
https://www.agemed.gob.bo/archivo_farmacovigi/alertas/2025/ALERTA_155_2025.pdf,"Alerta N° 155/2025 - PRODUCTO ILICITO ""BUIGRAL SPLENDIDA MAGNOLIA SENSUEL"" - SIN NOTIFICACIÓN SANITARIA OBLIGATORIA (NSO)",28-08-2025,Bolivia,AGEMED,,,
https://www.agemed.gob.bo/archivo_farmacovigi/alertas/2025/ALERTA_154_2025.pdf,"Alerta N° 154/2025 - PRODUCTO ILICITO ""COOG CHAVEG PARFUM"" - SIN NOTIFICACIÓN SANITARIA OBLIGATORIA (NSO)",27-08-2025,Bolivia,AGEMED,,,
https://www.agemed.gob.bo/archivo_farmacovigi/alertas/2025/ALERTA_153_2025.pdf,"Alerta N° 153/2025 - PRODUCTO ILICITO ""COOG MADEMOISELLE CHINELA PARFUM"" - SIN NOTIFICACIÓN SANITARIA OBLIGATORIA (NSO)",27-08-2025,Bolivia,AGEMED,,,
https://www.agemed.gob.bo/archivo_farmacovigi/alertas/2025/ALERTA_152_2025.pdf,"Alerta N° 152/2025 - PRODUCTO ILICITO ""TO MY BOY POUR HOMME"" - SIN NOTIFICACIÓN SANITARIA OBLIGATORIA (NSO)",27-08-2025,Bolivia,AGEMED,,,
https://www.agemed.gob.bo/archivo_farmacovigi/alertas/2025/ALERTA_151_2025.pdf,"Alerta N° 151/2025 - PRODUCTO ILICITO ""JEMMA CHCO EAU DE PARFUM"" - SIN NOTIFICACIÓN SANITARIA OBLIGATORIA (NSO)",27-08-2025,Bolivia,AGEMED,,,
https://www.agemed.gob.bo/archivo_farmacovigi/alertas/2025/ALERTA_150_2025.pdf,"Alerta N° 150/2025 - PRODUCTO ILICITO ""VERCAGA HEROES FLAME"" - SIN NOTIFICACIÓN SANITARIA OBLIGATORIA (NSO)",27-08-2025,Bolivia,AGEMED,,,
https://www.agemed.gob.bo/archivo_farmacovigi/alertas/2025/ALERTA_149_2025.pdf,"Alerta N° 149/2025 - MEDICAMENTO ILICITO ""OMEBI-20"" - FALSIFICADO",22-08-2025,Bolivia,AGEMED,,,
https://www.agemed.gob.bo/archivo_farmacovigi/alertas/2025/ALERTA_148_2025.pdf,"Alerta N° 148/2025 - MEDICAMENTO ILICITO ""MEROPENEM 1GR IV"" - FALSIFICADO",22-08-2025,Bolivia,AGEMED,,,
https://www.agemed.gob.bo/archivo_farmacovigi/alertas/2025/ALERTA_147_2025.pdf,"Alerta N° 147/2025 - PRODUCTO ILICITO ""PENICILINA POMADA"" - FRAUDULENTO",18-08-2025,Bolivia,AGEMED,,,
https://www.agemed.gob.bo/archivo_farmacovigi/alertas/2025/ALERTA_146_2025.pdf,"Alerta N° 146/2025 - MEDICAMENTO ILICITO ""COOG CHAVEG PARFUM"" - SIN NOTIFICACIÓN SANITARIA OBLIGATORIA (NSO)",11-08-2025,Bolivia,AGEMED,,,
https://www.agemed.gob.bo/archivo_farmacovigi/alertas/2025/ALERTA_145_2025.pdf,"Alerta N° 145/2025 - MEDICAMENTO ILICITO ""CHIC WOMAN"" - SIN NOTIFICACIÓN SANITARIA OBLIGATORIA (NSO)",11-08-2025,Bolivia,AGEMED,,,
https://www.agemed.gob.bo/archivo_farmacovigi/alertas/2025/ALERTA_144_2025.pdf,"Alerta N° 144/2025 - MEDICAMENTO ILICITO ""APTAMIL PREMIUM 1"" - SIN REGISTRO SANITARIO Y DE CONTRABANDO",11-08-2025,Bolivia,AGEMED,,,
https://www.agemed.gob.bo/archivo_farmacovigi/alertas/2025/ALERTA_143_2025.pdf,"Alerta N° 143/2025 - MEDICAMENTO ILICITO ""APTAMIL PREMIUM 2"" - SIN REGISTRO SANITARIO Y DE CONTRABANDO",11-08-2025,Bolivia,AGEMED,,,
https://www.agemed.gob.bo/archivo_farmacovigi/alertas/2025/ALERTA_142_2025.pdf,"Alerta N° 142/2025 - MEDICAMENTO ILICITO ""MIDAZOLAN 5MG/ML"" - SIN REGISTRO SANITARIO Y DE CONTRABANDO",24-07-2025,Bolivia,AGEMED,,,
https://www.agemed.gob.bo/archivo_farmacovigi/alertas/2025/ALERTA_141_2025.pdf,"Alerta N° 141/2025 - MEDICAMENTO ILICITO ""REUMAFROST NF"" - DE CONTRABANDO",24-07-2025,Bolivia,AGEMED,,,
https://www.agemed.gob.bo/archivo_farmacovigi/alertas/2025/ALERTA_140_2025.pdf,"Alerta N° 140/2025 - MEDICAMENTO ILICITO ""MULTIFROST FLEX 20%"" - SIN REGISTRO SANITARIO Y DE CONTRABANDO",24-07-2025,Bolivia,AGEMED,,,
https://www.agemed.gob.bo/archivo_farmacovigi/alertas/2025/ALERTA_139_2025.pdf,"Alerta N° 139/2025 - MEDICAMENTO ILICITO ""FENTANILO LABESFAL 0,5MG/10ML - SIN REGISTRO SANITARIO Y DE CONTRABANDO",24-07-2025,Bolivia,AGEMED,,,
https://www.agemed.gob.bo/archivo_farmacovigi/alertas/2025/ALERTA_138_2025.pdf,"Alerta N° 138/2025 - MEDICAMENTO ILICITO ""FENTANILO LABESFAL 0,5MG/10ML - SIN REGISTRO SANITARIO Y DE CONTRABANDO",24-07-2025,Bolivia,AGEMED,,,
https://www.agemed.gob.bo/archivo_farmacovigi/alertas/2025/ALERTA_137_2025.pdf,"Alerta N° 137/2025 - MEDICAMENTO ILICITO ""DORMIRE®"" - DE CONTRABANDO",24-07-2025,Bolivia,AGEMED,,,
https://www.agemed.gob.bo/archivo_farmacovigi/alertas/2025/ALERTA_136_2025.pdf,"Alerta N° 136/2025 - MEDICAMENTO ILICITO ""MIDAZOLAM CELTYC 5MG/ML"" - SIN REGISTRO Y DE CONTRABANDO",24-07-2025,Bolivia,AGEMED,,,
https://www.agemed.gob.bo/archivo_farmacovigi/alertas/2025/ALERTA_135_2025.pdf,"Alerta N° 135/2025 - MEDICAMENTO ILICITO ""PROPOFOL 1% MCT"" - DE CONTRABANDO",24-07-2025,Bolivia,AGEMED,,,
https://www.agemed.gob.bo/archivo_farmacovigi/alertas/2025/ALERTA_134_2025.pdf,"Alerta N° 134/2025 - MEDICAMENTO ILICITO ""UNIFENTAL®"" - DE CONTRABANDO",24-07-2025,Bolivia,AGEMED,,,
https://www.agemed.gob.bo/archivo_farmacovigi/alertas/2025/ALERTA_133_2025.pdf,"Alerta N° 133/2025 - MEDICAMENTO ILICITO ""LEXOTANIL®"" - SIN REGISTRO SANITARIO Y DE CONTRABANDO",24-07-2025,Bolivia,AGEMED,,,
https://www.agemed.gob.bo/archivo_farmacovigi/alertas/2025/ALERTA_132_2025.pdf,"Alerta N° 132/2025 - MEDICAMENTO ILICITO ""AVASTIN"" - FALSIFICADO",24-07-2025,Bolivia,AGEMED,,,
https://www.agemed.gob.bo/archivo_farmacovigi/alertas/2025/ALERTA_131_2025.pdf,"Alerta N° 131/2025 - MEDICAMENTO ILICITO ""MIDAZOLAM 5MG/ML"" - SIN REGISTRO SANITARIO Y DE CONTRABANDO",24-07-2025,Bolivia,AGEMED,,,
https://www.agemed.gob.bo/archivo_farmacovigi/alertas/2025/ALERTA_130_2025.pdf,"Alerta N° 130/2025 - MEDICAMENTO ILICITO ""SOROJCHI PILLS"" - FALSIFICADO",08-07-2025,Bolivia,AGEMED,,,
https://www.agemed.gob.bo/archivo_farmacovigi/alertas/2025/ALERTA_129_2025.pdf,"Alerta N° 129/2025 - MEDICAMENTO ILICITO ""ALCOHOL MEDICINAL"" - ADULTERADO",08-07-2025,Bolivia,AGEMED,,,
https://www.agemed.gob.bo/archivo_farmacovigi/alertas/2025/ALERTA_128_2025.pdf,"Alerta N° 128/2025 - MEDICAMENTO ILICITO ""SULFITOL"" - ADULTERADO",08-07-2025,Bolivia,AGEMED,,,
https://www.agemed.gob.bo/archivo_farmacovigi/alertas/2025/ALERTA_127_2025.pdf,"Alerta N° 127/2025 - MEDICAMENTO ILICITO ""FORMODRYL"" - ADULTERADO",08-07-2025,Bolivia,AGEMED,,,
https://www.agemed.gob.bo/archivo_farmacovigi/alertas/2025/ALERTA_126_2025.pdf,"Alerta N° 126/2025 - MEDICAMENTO ILICITO ""BENZO ACTIVE JABON"" - ADULTERADO",08-07-2025,Bolivia,AGEMED,,,
https://www.agemed.gob.bo/archivo_farmacovigi/alertas/2025/ALERTA_125_2025.pdf,"Alerta N° 125/2025 - MEDICAMENTO ILICITO ""FORMODRYL"" - ADULTERADO",08-07-2025,Bolivia,AGEMED,,,
https://www.agemed.gob.bo/archivo_farmacovigi/alertas/2025/ALERTA_124_2025.pdf,"Alerta N° 124/2025 - MEDICAMENTO ILICITO ""ALCOHOL MEDICINAL"" - ADULTERADO",08-07-2025,Bolivia,AGEMED,,,
https://www.agemed.gob.bo/archivo_farmacovigi/alertas/2025/ALERTA_123_2025.pdf,"Alerta N° 123/2025 - MEDICAMENTO ILICITO ""ALCOHOL MEDICINAL"" - ADULTERADO",08-07-2025,Bolivia,AGEMED,,,
https://www.agemed.gob.bo/archivo_farmacovigi/alertas/2025/ALERTA_122_2025.pdf,"Alerta N° 122/2025 - MEDICAMENTO ILICITO ""ALCODITO"" - ADULTERADO",08-07-2025,Bolivia,AGEMED,,,
https://www.agemed.gob.bo/archivo_farmacovigi/alertas/2025/ALERTA_121_2025.pdf,"Alerta N° 121/2025 - MEDICAMENTO ILICITO ""ALCODITO"" - ADULTERADO",08-07-2025,Bolivia,AGEMED,,,
https://www.agemed.gob.bo/archivo_farmacovigi/alertas/2025/ALERTA_120_2025.pdf,"Alerta N° 120/2025 - MEDICAMENTO ILICITO ""REVLIMID ® 15MG"" - FALSIFICADO",23-06-2025,Bolivia,AGEMED,,,
https://www.agemed.gob.bo/archivo_farmacovigi/alertas/2025/ALERTA_119_2025.pdf,"Alerta N° 119/2025 - MEDICAMENTO ILICITO ""PORTIL NF 20G"" - SIN REGISTRO SANITARIO Y DE CONTRABANDO",12-05-2025,Bolivia,AGEMED,,,
https://www.agemed.gob.bo/archivo_farmacovigi/alertas/2025/ALERTA_118_2025.pdf,"Alerta N° 118/2025 - PRODUCTO ILICITO ""VOGUE - VARIED QUEEN 28 FASHION EYE SHADOW & FACE PALETTE"" - SIN NOTIFICACIÓN SANITARIA OBLIGATORIA 
                                (NSO)",12-05-2025,Bolivia,AGEMED,,,
https://www.agemed.gob.bo/archivo_farmacovigi/alertas/2025/ALERTA_117_2025.pdf,"Alerta N° 117/2025 - PRODUCTO ILICITO ""VARIED QUEEN"" - SIN NOTIFICACIÓN SANITARIA OBLIGATORIA (NSO)",12-05-2025,Bolivia,AGEMED,,,
https://www.agemed.gob.bo/archivo_farmacovigi/alertas/2025/ALERTA_116_2025.pdf,"Alerta N° 116/2025 - PRODUCTO ILICITO ""PROFESSIONAL MAKE UP - 8 COLOR PROFESSIONAL CONTOURING PALETTE"" - IN NOTIFICACIÓN SANITARIA OBLIGATORIA 
                                (NSO)",12-05-2025,Bolivia,AGEMED,,,
https://www.agemed.gob.bo/archivo_farmacovigi/alertas/2025/ALERTA_115_2025.pdf,"Alerta N° 115/2025 - PRODUCTO ILICITO ""KUROMI THE WORLD - PROFESSIONAL MAKEUP"" - SIN NOTIFICACIÓN SANITARIA OBLIGATORIA (NSO)",12-05-2025,Bolivia,AGEMED,,,
https://www.agemed.gob.bo/archivo_farmacovigi/alertas/2025/ALERTA_114_2025.pdf,"Alerta N° 114/2025 - PRODUCTO ILICITO ""IGOODCO - BEAUTY & FASHION NEW MAKEUP ARTIST 70 COLOR EYE SHADOW PALETTE"" - SIN NOTIFICACIÓN SANITARIA 
                                OBLIGATORIA (NSO)",12-05-2025,Bolivia,AGEMED,,,
https://www.agemed.gob.bo/archivo_farmacovigi/alertas/2025/ALERTA_113_2025.pdf,"Alerta N° 113/2025 - PRODUCTO ILICITO ""IGOODCO - 78 COLOR EYE SHADOW PALETTE"" - SIN NOTIFICACIÓN SANITARIA OBLIGATORIA (NSO)",12-05-2025,Bolivia,AGEMED,,,
https://www.agemed.gob.bo/archivo_farmacovigi/alertas/2025/ALERTA_112_2025.pdf,"Alerta N° 112/2025 - PRODUCTO ILICITO ""HORA DE UN CUENTO -STITCH PROFESSIONAL MAKEUP"" - SIN NOTIFICACIÓN SANITARIA OBLIGATORIA (NSO)",12-05-2025,Bolivia,AGEMED,,,
https://www.agemed.gob.bo/archivo_farmacovigi/alertas/2025/ALERTA_111_2025.pdf,"Alerta N° 111/2025 - PRODUCTO ILICITO ""IGOODCO - WILD GIRL FASHION & BEAUTY 50 COLORS EYE SHADOW PALETTE"" - SIN NOTIFICACIÓN SANITARIA OBLIGATORIA 
                                (NSO)",12-05-2025,Bolivia,AGEMED,,,
https://www.agemed.gob.bo/archivo_farmacovigi/alertas/2025/ALERTA_110_2025.pdf,"Alerta N° 110/2025 - PRODUCTO ILICITO ""BEAUTY KISS LIP GLOSS"" - SIN NOTIFICACIÓN SANITARIA OBLIGATORIA (NSO)",12-05-2025,Bolivia,AGEMED,,,
https://www.agemed.gob.bo/archivo_farmacovigi/alertas/2025/ALERTA_109_2025.pdf,"Alerta N° 109/2025 - PRODUCTO ILICITO ""BEAUTY 101 - BEAUTY BOOK PROFUSION"" - SIN NOTIFICACION SANITARIA OBLIGATORIA (NSO)",12-05-2025,Bolivia,AGEMED,,,
https://www.agemed.gob.bo/archivo_farmacovigi/alertas/2025/ALERTA_108_2025.pdf,"Alerta N° 108/2025 - PRODUCTO ILÍCITO ""BEAUTY 101 - PROFUSION"" - SIN NOTIFICACIÓN SANITARIA OBLIGATORIA (NSO)",12-05-2025,Bolivia,AGEMED,,,
https://www.agemed.gob.bo/archivo_farmacovigi/alertas/2025/ALERTA_107_2025.pdf,"Alerta N° 107/2025 - PRODUCTO ILÍCITO ""BLS - BAOLISHI BEAUTY AQUA STYLISH SILKY MILK FOUNDATION"" - SIN NOTIFICACIÓN SANITARIA OBLIGATORIA (NSO)",12-05-2025,Bolivia,AGEMED,,,
https://www.agemed.gob.bo/archivo_farmacovigi/alertas/2025/ALERTA_106_2025.pdf,"Alerta N° 106/2025 - PRODUCTO ILICITO ""MULTIFROST POMADA 100G"" FALSIFICADO",23-04-2025,Bolivia,AGEMED,,,
https://www.agemed.gob.bo/archivo_farmacovigi/alertas/2025/ALERTA_105_2025.pdf,"Alerta N° 105/2025 - MEDICAMENTO ILICITO ""BENZOACTIVE LOCIÓN"" - ADULTERADO",23-04-2025,Bolivia,AGEMED,,,
https://www.agemed.gob.bo/archivo_farmacovigi/alertas/2025/ALERTA_104_2025.pdf,"Alerta N° 104/2025 - PRODUCTO ILICITO ""MATTE LIP GLOSS"" - SIN NOTIFICACION SANITARIA OBLIGATORIA (NSO)",10-03-2025,Bolivia,AGEMED,,,
https://www.agemed.gob.bo/archivo_farmacovigi/alertas/2025/ALERTA_103_2025.pdf,"Alerta N° 103/2025 - PRODUCTO ILICITO ""PROTECTOR LABIAL COM MANTEIGA DE CACAU"" - SIN NOTIFICACIÓN SANITARIA OBLIGATORIA (NSO)",10-03-2025,Bolivia,AGEMED,,,
https://www.agemed.gob.bo/archivo_farmacovigi/alertas/2025/ALERTA_102_2025.pdf,"Alerta N° 102/2025 - DISPOSITIVO MÉDICO ILÍCITO ""PHILIPS AVENT EXTRACTOR DE LECHE ELECTRICO SIMPLE"" - SIN REGISTRO SANITARIO Y DE CONTRABANDO",10-03-2025,Bolivia,AGEMED,,,
https://www.agemed.gob.bo/archivo_farmacovigi/alertas/2025/ALERTA_101_2025.pdf,"Alerta N° 101/2025 - DISPOSITIVO MÉDICO ILÍCITO ""PHILIPS AVENT CLASSIC SET PARA RECIEN NACIDO"" - SIN REGISTRO SANITARIO Y DE CONTRABANDO",10-03-2025,Bolivia,AGEMED,,,
https://www.agemed.gob.bo/archivo_farmacovigi/alertas/2025/ALERTA_100_2025.pdf,"Alerta N° 100/2025 - DISPOSITIVO MEDICO ILÍCITO ""CHUPETE AVENT BABY PRODUCTS SAFETY PACIFIER 6-12m"" - FALSIFICADO",10-03-2025,Bolivia,AGEMED,,,
https://www.agemed.gob.bo/archivo_farmacovigi/alertas/2025/ALERTA_099_2025.pdf,"Alerta N° 099/2025 - DISPOSITIVO MÉDICO ILÍCITO ""BIBERON PHILIPS AVENT CLASSIC MONKEY 1m+"" - SIN REGISTRO SANITARIO Y DE CONTRABANDO",10-03-2025,Bolivia,AGEMED,,,
https://www.agemed.gob.bo/archivo_farmacovigi/alertas/2025/ALERTA_098_2025.pdf,"Alerta N° 098/2025 - DISPOSITIVO MEDICO ILÍCITO ""BIBERON PHILIPS AVENT CLASSIC GIRAFFE 1m+"" - SIN REGISTRO SANITARIO Y DE CONTRABANDO",10-03-2025,Bolivia,AGEMED,,,
https://www.agemed.gob.bo/archivo_farmacovigi/alertas/2025/ALERTA_097_2025.pdf,"Alerta N° 097/2025 - MEDICAMENTO ILÍCITO ""DOLODRAN ®EXTRA FORTE"" - DE CONTRABANDO",25-02-2025,Bolivia,AGEMED,,,
https://www.agemed.gob.bo/archivo_farmacovigi/alertas/2025/ALERTA_096_2025.pdf,"Alerta N° 096/2025 - PRODUCTO ILÍCITO ""CUCUMBER BODY EXFOLIATING JAM"" - SIN NOTIFICACIÓN SANITARIA OBLIGATORIA (NSO)",20-02-2025,Bolivia,AGEMED,,,
https://www.agemed.gob.bo/archivo_farmacovigi/alertas/2025/ALERTA_095_2025.pdf,"Alerta N° 095/2025 - PRODUCTO ILÍCITO ""FACIAL SCRUB WITH RASPBERRY EXTRACT"" - SIN NOTIFICACIÓN SANITARIA OBLIGATORIA (NSO)",20-02-2025,Bolivia,AGEMED,,,
https://www.agemed.gob.bo/archivo_farmacovigi/alertas/2025/ALERTA_094_2025.pdf,"Alerta N° 094/2025 - PRODUCTO ILÍCITO ""FACIAL SCRUB WITH ALOE VERA EXTRACT"" - SIN NOTIFICACIÓN SANITARIA OBLIGATORIA (NSO)",20-02-2025,Bolivia,AGEMED,,,
https://www.agemed.gob.bo/archivo_farmacovigi/alertas/2025/ALERTA_093_2025.pdf,"Alerta N° 093/2025 - PRODUCTO ILÍCITO ""FACIAL SCRUB WITH COCONUT EXTRACT"" - SIN NOTIFICACIÓN SANITARIA OBLIGATORIA (NSO)",20-02-2025,Bolivia,AGEMED,,,
https://www.agemed.gob.bo/archivo_farmacovigi/alertas/2025/ALERTA_092_2025.pdf,"Alerta N° 092/2025 - PRODUCTO ILÍCITO ""FACIAL SCRUB WITH AVOCADO EXTRACT"" - SIN NOTIFICACIÓN SANITARIA OBLIGATORIA (NSO)",20-02-2025,Bolivia,AGEMED,,,
https://www.agemed.gob.bo/archivo_farmacovigi/alertas/2025/ALERTA_091_2025.pdf,"Alerta N° 091/2025 - PRODUCTO ILÍCITO ""EXFOLIATING SCRUB STRAWBERRY"" - SIN NOTIFICACIÓN SANITARIA OBLIGATORIA (NSO)",20-02-2025,Bolivia,AGEMED,,,
https://www.agemed.gob.bo/archivo_farmacovigi/alertas/2025/ALERTA_090_2025.pdf,"Alerta N° 090/2025 - MEDICAMENTO ILÍCITO ""NEBIDO ® 1000MG/4ML"" - FALSIFICADO",20-02-2025,Bolivia,AGEMED,,,
https://www.agemed.gob.bo/archivo_farmacovigi/alertas/2025/ALERTA_089_2025.pdf,"Alerta N° 089/2025 - MEDICAMENTO ILÍCITO ""FOTORRETIN ®"" - ADULTERADO",13-02-2025,Bolivia,AGEMED,,,
https://www.agemed.gob.bo/archivo_farmacovigi/alertas/2025/ALERTA_088_2025.pdf,"Alerta N° 088/2025 - PRODUCTO ILÍCITO ""PREVIENE EL ENVEJECIMIENTO SIERO VITAMINA C SCHIARENTE ANTIOSSIDANTE"" - FRAUDULENTO",06-02-2025,Bolivia,AGEMED,,,
https://www.agemed.gob.bo/archivo_farmacovigi/alertas/2025/ALERTA_087_2025.pdf,"Alerta N° 087/2025 - PRODUCTO ILÍCITO ""STARSCENT ADMIRE POUR FEMME EAU DE PARFUM""- SIN NOTIFICACIÓN SANITARIA OBLIGATORIA (NSO)",06-02-2025,Bolivia,AGEMED,,,
https://www.agemed.gob.bo/archivo_farmacovigi/alertas/2025/ALERTA_086_2025.pdf,"Alerta N° 086/2025 - PRODUCTO ILÍCITO ""BECKHAM SIGNATURE WOMEN BODY SILK LOTION""- SIN NOTIFICACIÓN SANITARIA OBLIGATORIA (NSO)",06-02-2025,Bolivia,AGEMED,,,
https://www.agemed.gob.bo/archivo_farmacovigi/alertas/2025/ALERTA_085_2025.pdf,"Alerta N° 085/2025 - PRODUCTO ILÍCITO ""SHANDARA ELLE EAU DE PARFUM POUR FEMME"" - SIN NOTIFICACIÓN SANITARIA OBLIGATORIA (NSO)",06-02-2025,Bolivia,AGEMED,,,
https://www.agemed.gob.bo/archivo_farmacovigi/alertas/2025/ALERTA_084_2025.pdf,"Alerta N° 084/2025 - PRODUCTO ILÍCITO ""STARSCENT STAR DOM POUR FEMME EAU DE PARFUM"" - SIN NOTIFICACIÓN SANITARIA OBLIGATORIA (NSO)",06-02-2025,Bolivia,AGEMED,,,
https://www.agemed.gob.bo/archivo_farmacovigi/alertas/2025/ALERTA_083_2025.pdf,"Alerta N° 083/2025 - PRODUCTO ILÍCITO ""BASIC BEAUTY LATTE IDRATANTE ENERGIZZANTE MOISTURIZING MILK""- SIN NOTIFICACIÓN SANITARIA OBLIGATORIA (NSO)",06-02-2025,Bolivia,AGEMED,,,
https://www.agemed.gob.bo/archivo_farmacovigi/alertas/2025/ALERTA_082_2025.pdf,"Alerta N° 082/2025 - PRODUCTO ILÍCITO ""BASIC BEAUTY BALSAMO NUTRIENTE CAPELLI SECCHI E ARIDI"" - SIN NOTIFICACIÓN SANITARIA OBLIGATORIA (NSO)",06-02-2025,Bolivia,AGEMED,,,
https://www.agemed.gob.bo/archivo_farmacovigi/alertas/2025/ALERTA_081_2025.pdf,"Alerta N° 081/2025 - PRODUCTO ILÍCITO ""ANIKA DEPIL CREMA DEPILADORA BRACCIA E GAMBE CON OLIO DI ARGAN"" - SIN NOTIFICACIÓN SANITARIA OBLIGATORIA (NSO)",06-02-2025,Bolivia,AGEMED,,,
https://www.agemed.gob.bo/archivo_farmacovigi/alertas/2025/ALERTA_080_2025.pdf,"Alerta N° 080/2025 - PRODUCTO ILÍCITO ""ANIKA PROFESSIONAL COLOR TREATMENT CON ESTRATTI DI ALOE VERA"" - SIN NOTIFICACIÓN SANITARIA OBLIGATORIA (NSO)",06-02-2025,Bolivia,AGEMED,,,
https://www.agemed.gob.bo/archivo_farmacovigi/alertas/2025/ALERTA_079_2025.pdf,"Alerta N° 079/2025 - PRODUCTO ILÍCITO ""CERA DI CUPRA SUN 30 PELLI SENSIBILI SENSITIVE SKIN"" - SIN NOTIFICACIÓN SANITARIA OBLIGATORIA (NSO)",06-02-2025,Bolivia,AGEMED,,,
https://www.agemed.gob.bo/archivo_farmacovigi/alertas/2025/ALERTA_078_2025.pdf,"Alerta N° 078/2025 - PRODUCTO ILÍCITO ""CREMA VISO VIPERA ANTIRUGHE DI ESPRESSIONE EFFETTO TENSORE"" - FRAUDULENTO",06-02-2025,Bolivia,AGEMED,,,
https://www.agemed.gob.bo/archivo_farmacovigi/alertas/2025/ALERTA_077_2025.pdf,"Alerta N° 077/2025 - PRODUCTO ILÍCITO ""CLINIANS HYDRA PLUS CREMA IDRATANTE NO STOP CON ACQUA DI FIORDALISO"" - SIN NOTIFICACIÓN SANITARIA OBLIGATORIA (NSO)",06-02-2025,Bolivia,AGEMED,,,
https://www.agemed.gob.bo/archivo_farmacovigi/alertas/2025/ALERTA_076_2025.pdf,"Alerta N° 076/2025 - PRODUCTO ILÍCITO ""CREMA VISO ANTIMACCHIA ANTI-INFIAMMATORIA ANTIOSSIDANTE"" - FRAUDULENTO",06-02-2025,Bolivia,AGEMED,,,
https://www.agemed.gob.bo/archivo_farmacovigi/alertas/2025/ALERTA_075_2025.pdf,"Alerta N° 075/2025 - PRODUCTO ILÍCITO ""FACE COMPLEX BAVA DI LUMACA ANTIRUGHE TUTTI I TIPI DI PELLE"" - SIN NOTIFICACIÓN SANITARIA OBLIGATORIA (NSO)",06-02-2025,Bolivia,AGEMED,,,
https://www.agemed.gob.bo/archivo_farmacovigi/alertas/2025/ALERTA_074_2025.pdf,"Alerta N° 074/2025 - PRODUCTO ILÍCITO ""SIBUTRAMINA 20MG Y FENTERMINA 40MG"" - FRAUDULENTO",05-02-2025,Bolivia,AGEMED,,,
https://www.agemed.gob.bo/archivo_farmacovigi/alertas/2025/ALERTA_073_2025.pdf,"Alerta N° 073/2025 - PRODUCTO ILÍCITO ""TAKE ME BACK ROLLER GLOSS WATERMELON - BEAUTY CREATIONS"" - SIN NOTIFICACIÓN SANITARIA OBLIGATORIA (NSO)",05-02-2025,Bolivia,AGEMED,,,
https://www.agemed.gob.bo/archivo_farmacovigi/alertas/2025/ALERTA_072_2025.pdf,"Alerta N° 072/2025 - PRODUCTO ILÍCITO ""FLAWLESS STAY PRIMER STICK MATTE - BEAUTY CREATIONS"" - SIN NOTIFICACIÓN SANITARIA OBLIGATORIA (NSO)",05-02-2025,Bolivia,AGEMED,,,
https://www.agemed.gob.bo/archivo_farmacovigi/alertas/2025/ALERTA_071_2025.pdf,"Alerta N° 071/2025 - PRODUCTO ILÍCITO ""FLAWLESS STAY PORELESS PRIMER - BEAUTY CREATIONS"" - SIN NOTIFICACIÓN SANITARIA OBLIGATORIA (NSO)",05-02-2025,Bolivia,AGEMED,,,
https://www.agemed.gob.bo/archivo_farmacovigi/alertas/2025/ALERTA_070_2025.pdf,"Alerta N° 070/2025 - PRODUCTO ILÍCITO ""YERIMUA MY FAVES LIP TRIO - BEAUTY CREATIONS"" - SIN NOTIFICACIÓN SANITARIA OBLIGATORIA (NSO)",05-02-2025,Bolivia,AGEMED,,,
https://www.agemed.gob.bo/archivo_farmacovigi/alertas/2025/ALERTA_069_2025.pdf,"Alerta N° 069/2025 - PRODUCTO ILÍCITO ""YERIMUA BAD B*TCH LIP DUO - BEAUTY CREATIONS"" - SIN NOTIFICACIÓN SANITARIA OBLIGATORIA (NSO)",05-02-2025,Bolivia,AGEMED,,,
https://www.agemed.gob.bo/archivo_farmacovigi/alertas/2025/ALERTA_068_2025.pdf,"Alerta N° 068/2025 - PRODUCTO ILÍCITO ""NEUTRAL EYE BASE PRIMER LIGHT HONEY - BEAUTY CREATIONS"" - SIN NOTIFICACIÓN SANITARIA OBLIGATORIA (NSO)",05-02-2025,Bolivia,AGEMED,,,
https://www.agemed.gob.bo/archivo_farmacovigi/alertas/2025/ALERTA_067_2025.pdf,"Alerta N° 067/2025 - PRODUCTO ILÍCITO ""ROSY MC MICHAEL - BEAUTY CREATIONS"" -SIN NOTIFICACIÓN SANITARIA OBLIGATORIA (NSO)",05-02-2025,Bolivia,AGEMED,,,
https://www.agemed.gob.bo/archivo_farmacovigi/alertas/2025/ALERTA_066_2025.pdf,"Alerta N° 066/2025 - PRODUCTO ILÍCITO ""LIP BALM PASTEL PLEASE SUNS OUT - BEAUTY CREATIONS"" - SIN NOTIFICACIÓN SANITARIA OBLIGATORIA (NSO)",05-02-2025,Bolivia,AGEMED,,,
https://www.agemed.gob.bo/archivo_farmacovigi/alertas/2025/ALERTA_065_2025.pdf,"Alerta N° 065/2025 - PRODUCTO ILÍCITO ""BARELY BLUSHING OH SWEET CHEEKS - BEAUTY CREATIONS"" - SIN NOTIFICACIÓN SANITARIA OBLIGATORIA (NSO)",05-02-2025,Bolivia,AGEMED,,,
https://www.agemed.gob.bo/archivo_farmacovigi/alertas/2025/ALERTA_064_2025.pdf,"Alerta N° 064/2025 - PRODUCTO ILÍCITO ""CAN YOU WAIT LIP DUO SET - BEAUTY CREATIONS"" - SIN NOTIFICACIÓN SANITARIA OBLIGATORIA (NSO)",05-02-2025,Bolivia,AGEMED,,,
https://www.agemed.gob.bo/archivo_farmacovigi/alertas/2025/ALERTA_063_2025.pdf,"Alerta N° 063/2025 - PRODUCTO ILÍCITO ""BABE O'CLOCK LIP DUO SET - BEAUTY CREATIONS"" -  SIN NOTIFICACIÓN SANITARIA",05-02-2025,Bolivia,AGEMED,,,
https://www.agemed.gob.bo/archivo_farmacovigi/alertas/2025/ALERTA_062_2025.pdf,"Alerta N° 062/2025 - PRODUCTO ILÍCITO ""CHIT CHAT TIME LIP DUO SET - BEAUTY CREATIONS"" - SIN NOTIFICACIÓN SANITARIA OBLIGATORIA (NSO)",05-02-2025,Bolivia,AGEMED,,,
https://www.agemed.gob.bo/archivo_farmacovigi/alertas/2025/ALERTA_061_2025.pdf,"Alerta N° 061/2025 - PRODUCTO ILÍCITO ""PLUMP E POUT LIP PLUMPING BOOSTER - BEAUTY CREATIONS"" - SIN NOTIFICACIÓN SANITARIA OBLIGATORIA (NSO)",05-02-2025,Bolivia,AGEMED,,,
https://www.agemed.gob.bo/archivo_farmacovigi/alertas/2025/ALERTA_060_2025.pdf,"Alerta N° 060/2025 - PRODUCTO ILÍCITO ""SEAL THE DEAL MATTE LIQUID LIPSTICK - BEAUTY CREATIONS"" - SIN NOTIFICACIÓN SANITARIA OBLIGATORIA (NSO)",05-02-2025,Bolivia,AGEMED,,,
https://www.agemed.gob.bo/archivo_farmacovigi/alertas/2025/ALERTA_059_2025.pdf,"Alerta N° 059/2025 - PRODUCTO ILÍCITO ""ULTRA DAZZLE LIPGLOSS - BEAUTY CREATIONS"" - SIN NOTIFICACIÓN SANITARIA OBLIGATORIA (NSO)",05-02-2025,Bolivia,AGEMED,,,
https://www.agemed.gob.bo/archivo_farmacovigi/alertas/2025/ALERTA_058_2025.pdf,"Alerta N° 058/2025 - PRODUCTO ILÍCITO ""VELVET STAY LIP PAINT - BEAUTY CREATIONS"" - SIN NOTIFICACIÓN SANITARIA OBLIGATORIA (NSO)",05-02-2025,Bolivia,AGEMED,,,
https://www.agemed.gob.bo/archivo_farmacovigi/alertas/2025/ALERTA_057_2025.pdf,"Alerta N° 057/2025 - MEDICAMENTO ILÍCITO ""PERJETA ® (PERTUZUMAB) 30MG/ML SOLUCIÓN"" - FALSIFICADO",03-02-2025,Bolivia,AGEMED,,,
https://www.agemed.gob.bo/archivo_farmacovigi/alertas/2025/ALERTA_056_2025.pdf,"Alerta N° 056/2025 - MEDICAMENTO ILÍCITO ""BOTOX (BOTULINUM TOXIN TYPE A)"" - SIN REGISTRO SANITARIO",03-02-2025,Bolivia,AGEMED,,,
https://www.agemed.gob.bo/archivo_farmacovigi/alertas/2025/ALERTA_055_2025.pdf,"Alerta N° 055/2025 - MEDICAMENTO ILÍCITO ""BACTRIM FORTE (SULFAMETOXAZOL + TRIMETOPRIMA 800 + 160MG)"" - FALSIFICADO",03-02-2025,Bolivia,AGEMED,,,
https://www.agemed.gob.bo/archivo_farmacovigi/alertas/2025/ALERTA_054_2025.pdf,"Alerta N° 054/2025 - PRODUCTO ILÍCITO ""MIA MAKEUP FIX POWDER BRUSH ON POWER"" - SIN NOTIFICACIÓN SANITARIA OBLIGATORIA (NSO)",03-02-2025,Bolivia,AGEMED,,,
https://www.agemed.gob.bo/archivo_farmacovigi/alertas/2025/ALERTA_053_2025.pdf,"Alerta N° 053/2025 - PRODUCTO ILÍCITO ""ARIANNA EAÚ DE PARFUM POUR FEMME"" - SIN NOTIFICACIÓN SANITARIA OBLIGATORIA (NSO)",03-02-2025,Bolivia,AGEMED,,,
https://www.agemed.gob.bo/archivo_farmacovigi/alertas/2025/ALERTA_052_2025.pdf,"Alerta N° 052/2025 - PRODUCTO ILÍCITO ""STARSCENT MADE WITH LOVE POUR FEMME EAU DE PARFUM"" – SIN NOTIFICACIÓN SANITARIA OBLIGATORIA (NSO)",03-02-2025,Bolivia,AGEMED,,,
https://www.agemed.gob.bo/archivo_farmacovigi/alertas/2025/ALERTA_051_2025.pdf,"Alerta N° 051/2025 - PRODUCTO ILÍCITO ""PEAK EAU DE TOILETTE"" - SIN NOTIFICACIÓN SANITARIA OBLIGATORIA (NSO)",03-02-2025,Bolivia,AGEMED,,,
https://www.agemed.gob.bo/archivo_farmacovigi/alertas/2025/ALERTA_050_2025.pdf,"Alerta N° 050/2025 - PRODUCTO ILÍCITO ""STARSCENT STAR SHINE POUR FEMME EAU DE PARFUM"" – SIN NOTIFICACIÓN SANITARIA OBLIGATORIA (NSO)",03-02-2025,Bolivia,AGEMED,,,
https://www.agemed.gob.bo/archivo_farmacovigi/alertas/2025/ALERTA_049_2025.pdf,"Alerta N° 049/2025 - PRODUCTO ILÍCITO ""SERUM FACIAL - CANTO DO UNICÓRNIO"" - SIN NOTIFICACIÓN SANITARIA OBLIGATORIA (NSO)",16-01-2025,Bolivia,AGEMED,,,
https://www.agemed.gob.bo/archivo_farmacovigi/alertas/2025/ALERTA_048_2025.pdf,"Alerta N° 048/2025 - PRODUCTO ILÍCITO ""PEEL OFF MASK - WHITENING COMPLEX COLLAGEN"" - SIN NOTIFICACIÓN SANITARIA OBLIGATORIA (NSO)",16-01-2025,Bolivia,AGEMED,,,
https://www.agemed.gob.bo/archivo_farmacovigi/alertas/2025/ALERTA_047_2025.pdf,"Alerta N° 047/2025 - PRODUCTO ILÍCITO ""FACIAL SCRUB - WITH CUCUMBER EXTRACT DEEPLY CLEANS PORES"" - SIN NOTIFICACIÓN SANITARIA OBLIGATORIA (NSO)",16-01-2025,Bolivia,AGEMED,,,
https://www.agemed.gob.bo/archivo_farmacovigi/alertas/2025/ALERTA_046_2025.pdf,"Alerta N° 046/2025 - PRODUCTO ILÍCITO ""FACIAL SCRUB - WITH VITAMIN C EXTRACT DEEPLY CLEANS PORES"" - SIN NOTIFICACIÓN SANITARIA OBLIGATORIA (NSO)",16-01-2025,Bolivia,AGEMED,,,
https://www.agemed.gob.bo/archivo_farmacovigi/alertas/2025/ALERTA_045_2025.pdf,"Alerta N° 045/2025 - PRODUCTO ILÍCITO ""FACIAL SCRUB - WITH CHARCOAL EXTRACT DEEPLY CLEANS PORES"" - SIN NOTIFICACIÓN SANITARIA OBLIGATORIA (NSO)",16-01-2025,Bolivia,AGEMED,,,
https://www.agemed.gob.bo/archivo_farmacovigi/alertas/2025/ALERTA_044_2025.pdf,"Alerta N° 044/2025 - PRODUCTO ILÍCITO ""FACIAL SCRUB - WITH SNAIL EXTRACT DEEPLY CLEANS PORES"" - SIN NOTIFICACIÓN SANITARIA OBLIGATORIA (NSO)",16-01-2025,Bolivia,AGEMED,,,
https://www.agemed.gob.bo/archivo_farmacovigi/alertas/2025/ALERTA_043_2025.pdf,"Alerta N° 043/2025 - PRODUCTO ILÍCITO ""DR. DAVEY ® BRAND QUALITY-SNAIL WHITE"" - SIN NOTIFICACIÓN SANITARIA OBLIGATORIA (NSO)",16-01-2025,Bolivia,AGEMED,,,
https://www.agemed.gob.bo/archivo_farmacovigi/alertas/2025/ALERTA_042_2025.pdf,"Alerta N° 042/2025 - PRODUCTO ILÍCITO ""WHITENING COMPLEX - COLLAGEN GOLD MASK"" - SIN NOTIFICACIÓN SANITARIA OBLIGATORIA (NSO)",16-01-2025,Bolivia,AGEMED,,,
https://www.agemed.gob.bo/archivo_farmacovigi/alertas/2025/ALERTA_041_2025.pdf,"Alerta N° 041/2025 - PRODUCTO ILÍCITO ""BIOAQUA - EXFOLIANTE GEL DE ARROZ"" - SIN NOTIFICACIÓN SANITARIA OBLIGATORIA (NSO)",16-01-2025,Bolivia,AGEMED,,,
https://www.agemed.gob.bo/archivo_farmacovigi/alertas/2025/ALERTA_040_2025.pdf,"Alerta N° 040/2025 - PRODUCTO ILÍCITO ""SERUM FACIAL - ANTIPOLUICAO COM EXTRACTOS DE CHA BRANCO E HIBISCO"" - SIN NOTIFICACIÓN SANITARIA OBLIGATORIA (NSO)",16-01-2025,Bolivia,AGEMED,,,
https://www.agemed.gob.bo/archivo_farmacovigi/alertas/2025/ALERTA_039_2025.pdf,"Alerta N° 039/2025 - PRODUCTO ILÍCITO ""HIALURONIC ACID-NUTRITION GEL MASCARA"" - SIN NOTIFICACIÓN SANITARIA OBLIGATORIA (NSO)",16-01-2025,Bolivia,AGEMED,,,
https://www.agemed.gob.bo/archivo_farmacovigi/alertas/2025/ALERTA_038_2025.pdf,"Alerta N° 038/2025 - PRODUCTO ILÍCITO ""WOKALI NEW WHITENING-GOLD CAVIAR PEEL OFF MASK"" - SIN NOTIFICACIÓN SANITARIA OBLIGATORIA (NSO)",16-01-2025,Bolivia,AGEMED,,,
https://www.agemed.gob.bo/archivo_farmacovigi/alertas/2025/ALERTA_037_2025.pdf,"Alerta N° 037/2025 - PRODUCTO ILÍCITO ""NATURAFUL - COLLAGEN SPRAY""-SIN NOTIFICACIÓN SANITARIA OBLIGATORIA (NSO)",16-01-2025,Bolivia,AGEMED,,,
https://www.agemed.gob.bo/archivo_farmacovigi/alertas/2025/ALERTA_036_2025.pdf,"Alerta N° 036/2025 - PRODUCTO ILÍCITO ""FANA - ROSE WATER FACE & BODY CARE"" - SIN NOTIFICACIÓN SANITARIA OBLIGATORIA (NSO)",16-01-2025,Bolivia,AGEMED,,,
https://www.agemed.gob.bo/archivo_farmacovigi/alertas/2025/ALERTA_035_2025.pdf,"Alerta N° 035/2025 - PRODUCTO ILICITO ""FACE MASK WHITENING COMPLEX-GOLD MASK"" - SIN NOTIFICACIÓN SANITARIA OBLIGATORIA (NSO)",16-01-2025,Bolivia,AGEMED,,,
https://www.agemed.gob.bo/archivo_farmacovigi/alertas/2025/ALERTA_034_2025.pdf,"Alerta N° 034/2025 - PRODUCTO ILÍCITO ""DR. DAVEY® BRAND QUALITY-COLLAGEN"" - SIN NOTIFICACION SANITARIA OBLIGATORIA (NSO)",16-01-2025,Bolivia,AGEMED,,,
https://www.agemed.gob.bo/archivo_farmacovigi/alertas/2025/ALERTA_033_2025.pdf,"Alerta N° 033/2025 - PRODUCTO ILÍCITO ""WHITENING COMPLEX-BOTOX WHITE MASK"" - SIN NOTIFICACION SANITARIA OBLIGATORIA (NSO)",16-01-2025,Bolivia,AGEMED,,,
https://www.agemed.gob.bo/archivo_farmacovigi/alertas/2025/ALERTA_032_2025.pdf,"Alerta N° 032/2025 - PRODUCTO ILÍCITO ""DR. DAVEY® BRAND QUALITY-VITAMINA C""- SIN NOTIFICACION SANITARIA OBLIGATORIA (NSO)",16-01-2025,Bolivia,AGEMED,,,
https://www.agemed.gob.bo/archivo_farmacovigi/alertas/2025/ALERTA_031_2025.pdf,"Alerta N° 031/2025 - MEDICAMENTO ILÍCITO ""FENTANILO 0,5 MG/10ML"" -SIN REGISTRO SANITARIO Y DE CONTRABANDO",16-01-2025,Bolivia,AGEMED,,,
https://www.agemed.gob.bo/archivo_farmacovigi/alertas/2025/ALERTA_030_2025.pdf,"Alerta N° 030/2025 - MEDICAMENTO ILÍCITO ""MIDAZOLAM DRAWER""- SIN REGISTRO SANITARIO Y DE CONTRABANDO",16-01-2025,Bolivia,AGEMED,,,
https://www.agemed.gob.bo/archivo_farmacovigi/alertas/2025/ALERTA_029_2025.pdf,"Alerta N° 029/2025 - VACUNA ILICITA ""MENACTRA® ""- DE CONTRABANDO.",13-01-2025,Bolivia,AGEMED,,,
https://www.agemed.gob.bo/archivo_farmacovigi/alertas/2025/ALERTA_028_2025.pdf,"Alerta N° 028/2025 - PRODUCTO ILICITO ""EXFOLIATING SCRUB COLLAGEN""- SIN NOTIFICACION SANITARIA OBLIGATORIA (NSO).",07-01-2025,Bolivia,AGEMED,,,
https://www.agemed.gob.bo/archivo_farmacovigi/alertas/2025/ALERTA_027_2025.pdf,"Alerta N° 027/2025 - PRODUCTO ILICITO ""EXFOLIATING SCRUB COCONUT""- SIN NOTIFICACION SANITARIA OBLIGATORIA (NSO).",07-01-2025,Bolivia,AGEMED,,,
https://www.agemed.gob.bo/archivo_farmacovigi/alertas/2025/ALERTA_026_2025.pdf,"Alerta N° 026/2025 - PRODUCTO ILICITO ""EXFOLIATING SCRUB ROSE""- SIN NOTIFICACION SANITARIA OBLIGATORIA (NSO).",07-01-2025,Bolivia,AGEMED,,,
https://www.agemed.gob.bo/archivo_farmacovigi/alertas/2025/ALERTA_025_2025.pdf,"Alerta N° 025/2025 - PRODUCTO ILICITO ""DONKEY MILK FACIAL MASK""- SIN NOTIFICACION SANITARIA OBLIGATORIA (NSO).",07-01-2025,Bolivia,AGEMED,,,
https://www.agemed.gob.bo/archivo_farmacovigi/alertas/2025/ALERTA_024_2025.pdf,"Alerta N° 024/2025 - PRODUCTO ILICITO ""BROCOLI & SUNFLOWER OIL FACIAL MASK""- SIN NOTIFICACION SANITARIA OBLIGATORIA (NSO).",07-01-2025,Bolivia,AGEMED,,,
https://www.agemed.gob.bo/archivo_farmacovigi/alertas/2025/ALERTA_023_2025.pdf,"Alerta N° 023/2025 - PRODUCTO ILICITO ""HYALURONOC ACID & RETINOL FACE MASK""- SIN NOTIFICACION SANITARIA OBLIGATORIA (NSO).",07-01-2025,Bolivia,AGEMED,,,
https://www.agemed.gob.bo/archivo_farmacovigi/alertas/2025/ALERTA_022_2025.pdf,"Alerta N° 022/2025 - PRODUCTO ILICITO ""HYDRA PEARL FACE MASK""- SIN NOTIFICACION SANITARIA OBLIGATORIA (NSO).",07-01-2025,Bolivia,AGEMED,,,
https://www.agemed.gob.bo/archivo_farmacovigi/alertas/2025/ALERTA_021_2025.pdf,"Alerta N° 021/2025 - PRODUCTO ILICITO ""VOLCANIC MUD REMOVE BLACKHEAD MASK""- SIN NOTIFICACION SANITARIA OBLIGATORIA (NSO).",07-01-2025,Bolivia,AGEMED,,,
https://www.agemed.gob.bo/archivo_farmacovigi/alertas/2025/ALERTA_020_2025.pdf,"Alerta N° 020/2025 - PRODUCTO ILICITO ""SNAIL & COLLAGEN FACE MASK""- SIN NOTIFICACION SANITARIA OBLIGATORIA.",07-01-2025,Bolivia,AGEMED,,,
https://www.agemed.gob.bo/archivo_farmacovigi/alertas/2025/ALERTA_019_2025.pdf,"Alerta N° 019/2025 - PRODUCTO ILICITO ""ORGANIC RICE & VITAMIN E FACE MASK""- SIN NOTIFICACION SANITARIA OBLIGATORIA.",07-01-2025,Bolivia,AGEMED,,,
https://www.agemed.gob.bo/archivo_farmacovigi/alertas/2025/ALERTA_018_2025.pdf,"Alerta N° 018/2025 - PRODUCTO ILICITO ""PURE MILK & VITAMIN E FACE MASK""- SIN NOTIFICACION SANITARIA OBLIGATORIA.",07-01-2025,Bolivia,AGEMED,,,
https://www.agemed.gob.bo/archivo_farmacovigi/alertas/2025/ALERTA_017_2025.pdf,"Alerta N° 017/2025 - PRODUCTO ILICITO ""DETERGENTE PATITO""- DE CONTRABANDO.",07-01-2025,Bolivia,AGEMED,,,
https://www.agemed.gob.bo/archivo_farmacovigi/alertas/2025/ALERTA_016_2025.pdf,"Alerta N° 016/2025 - PRODUCTO ILÍCITO ""ALOE VERA SLEEPING MASK""- SIN NOTIFICACION SANITARIA OBLIGATORIA.",06-01-2025,Bolivia,AGEMED,,,
https://www.agemed.gob.bo/archivo_farmacovigi/alertas/2025/ALERTA_015_2025.pdf,"Alerta N° 015/2025 - PRODUCTO ILÍCITO ""APRICOT SHERBET BODY SCRUB""- SIN NOTIFICACION SANITARIA OBLIGATORIA.",06-01-2025,Bolivia,AGEMED,,,
https://www.agemed.gob.bo/archivo_farmacovigi/alertas/2025/ALERTA_014_2025.pdf,"Alerta N° 014/2025 - PRODUCTO ILÍCITO ""RICE SHERBET BODY SCRUB""- SIN NOTIFICACION SANITARIA OBLIGATORIA.",06-01-2025,Bolivia,AGEMED,,,
https://www.agemed.gob.bo/archivo_farmacovigi/alertas/2025/ALERTA_013_2025.pdf,"Alerta N° 013/2025 - PRODUCTO ILÍCITO ""BBROSE COSMETICS-HAIR COLOR CREAM""- SIN NOTIFICACION SANITARIA OBLIGATORIA.",06-01-2025,Bolivia,AGEMED,,,
https://www.agemed.gob.bo/archivo_farmacovigi/alertas/2025/ALERTA_012_2025.pdf,"Alerta N° 012/2025 - PRODUCTO ILÍCITO ""COCONUT ESSENCE MASK""- SIN NOTIFICACION SANITARIA OBLIGATORIA.",03-01-2025,Bolivia,AGEMED,,,
https://www.agemed.gob.bo/archivo_farmacovigi/alertas/2025/ALERTA_011_2025.pdf,"Alerta N° 011/2025 - PRODUCTO ILÍCITO ""SELF DISSOLVING COLLAGEN MASK""- SIN NOTIFICACION SANITARIA OBLIGATORIA.",03-01-2025,Bolivia,AGEMED,,,
https://www.agemed.gob.bo/archivo_farmacovigi/alertas/2025/ALERTA_010_2025.pdf,"Alerta N° 010/2025 - PRODUCTO ILÍCITO ""L.D.M - CASTOR OIL""- SIN NOTIFICACION SANITARIA OBLIGATORIA.",03-01-2025,Bolivia,AGEMED,,,
https://www.agemed.gob.bo/archivo_farmacovigi/alertas/2025/ALERTA_009_2025.pdf,"Alerta N° 009/2025 - PRODUCTO ILÍCITO ""UNDERARM SWEAT PADS""- SIN NOTIFICACION SANITARIA OBLIGATORIA.",03-01-2025,Bolivia,AGEMED,,,
https://www.agemed.gob.bo/archivo_farmacovigi/alertas/2025/ALERTA_008_2025.pdf,"Alerta N° 008/2025 - PRODUCTO ILÍCITO ""KISS-HUDA NEW""- SIN NOTIFICACION SANITARIA OBLIGATORIA.",03-01-2025,Bolivia,AGEMED,,,
https://www.agemed.gob.bo/archivo_farmacovigi/alertas/2025/ALERTA_007_2025.pdf,"Alerta N° 007/2025 - PRODUCTO ILÍCITO ""SELF DISSOLVING COLLAGEN EYE PATCH-NATURAFUL""- SIN NOTIFICACION SANITARIA OBLIGATORIA.",03-01-2025,Bolivia,AGEMED,,,
https://www.agemed.gob.bo/archivo_farmacovigi/alertas/2025/ALERTA_006_2025.pdf,"Alerta N° 006/2025 - PRODUCTO ILÍCITO ""BIOAQUA-SEA FENNEL HYALURONIC ACID ANTI WRINKLE NOURISHING MASK""- SIN NOTIFICACION SANITARIA OBLIGATORIA.",02-01-2025,Bolivia,AGEMED,,,
https://www.agemed.gob.bo/archivo_farmacovigi/alertas/2025/ALERTA_005_2025.pdf,"Alerta N° 005/2025 - PRODUCTO ILÍCITO ""BIOAQUA-COLLAGEN ANTIAGING FACIAL MASK"" - SIN NOTIFICACION SANITARIA OBLIGATORIA.",02-01-2025,Bolivia,AGEMED,,,
https://www.agemed.gob.bo/archivo_farmacovigi/alertas/2025/ALERTA_004_2025.pdf,"Alerta N° 004/2025 - PRODUCTO ILÍCITO ""COLLAGEN HYDRATING MASK""-SIN NOTIFICACION SANITARIA OBLIGATORIA.",02-01-2025,Bolivia,AGEMED,,,
https://www.agemed.gob.bo/archivo_farmacovigi/alertas/2025/ALERTA_003_2025.pdf,"Alerta N° 003/2025 - PRODUCTO ILÍCITO ""AVOCADO MASK""-SIN NOTIFICACION SANITARIA OBLIGATORIA.",02-01-2025,Bolivia,AGEMED,,,
https://www.agemed.gob.bo/archivo_farmacovigi/alertas/2025/ALERTA_002_2025.pdf,"Alerta N° 002/2025 - PRODUCTO ILÍCITO ""WOKALI SNAIL GOLD COLLAGEN""-SIN NOTIFICACION SANITARIA OBLIGATORIA.",02-01-2025,Bolivia,AGEMED,,,
https://www.agemed.gob.bo/archivo_farmacovigi/alertas/2025/ALERTA_001_2025.pdf,"Alerta N° 001/2025 - PRODUCTO ILÍCITO ""C COLLAGEN HYDRATING MASK""-SIN NOTIFICACION SANITARIA OBLIGATORIA.",02-01-2025,Bolivia,AGEMED,,,
https://www.agemed.gob.bo/retiro_producto/2025/producto/RETIRO-DE-PRODUCTO-003.pdf,"003/2025 - ALERTA RETIRO DE PRODUCTO DEL MERCADO ""CREMA DENTAL COLGATE TOTAL CLEAN MINT""",15-08-2025,Bolivia,AGEMED,,,
https://www.agemed.gob.bo/retiro_producto/2025/producto/RETIRO-DE-PRODUCTO-002.pdf,"002/2025 - ALERTA RETIRO DE PRODUCTO DEL MERCADO ""COLGATE TOTAL CLEAN MINT CREMA DENTAL""",15-08-2025,Bolivia,AGEMED,,,
https://www.agemed.gob.bo/retiro_producto/2025/producto/RETIRO-DE-PRODUCTO-001.pdf,"001/2025 - ALERTA RETIRO DE PRODUCTO DEL MERCADO ""MEDICAMENTO FENTADOSE ABD CON CONSERVANTE""",21-05-2025,Bolivia,AGEMED,,,
https://www.agemed.gob.bo/retiro_producto/2025/RETIRO-DE-PRODUCTO-040.pdf,040/2025 - RETIRO DE LOTE “MEDICAMENTO DE CALIDAD SUBESTÁNDAR” TRIPLE C KIDS,26-11-2025,Bolivia,AGEMED,,,
https://www.agemed.gob.bo/retiro_producto/2025/RETIRO-DE-PRODUCTO-039.pdf,039/2025 - RETIRO DE LOTE “MEDICAMENTO DE CALIDAD SUBESTÁNDAR” TRIPLE C FORTE,26-11-2025,Bolivia,AGEMED,,,
https://www.agemed.gob.bo/retiro_producto/2025/RETIRO-DE-PRODUCTO-038.pdf,038/2025 - RETIRO DE LOTE “MEDICAMENTO DE CALIDAD SUBESTÁNDAR” HIGABIL SOLUCION ORAL,05-11-2025,Bolivia,AGEMED,,,
https://www.agemed.gob.bo/retiro_producto/2025/RETIRO-DE-PRODUCTO-037.pdf,037/2025 - RETIRO DE LOTE “MEDICAMENTO DE CALIDAD SUBESTÁNDAR” REGULADOR DIGESTIVO,05-11-2025,Bolivia,AGEMED,,,
https://www.agemed.gob.bo/retiro_producto/2025/RETIRO-DE-PRODUCTO-036.pdf,036/2025 - RETIRO DE LOTE “MEDICAMENTO DE CALIDAD SUBESTÁNDAR” ACICLOVIR SUSPENSIÓN ORAL,05-11-2025,Bolivia,AGEMED,,,
https://www.agemed.gob.bo/retiro_producto/2025/RETIRO-DE-PRODUCTO-035.pdf,035/2025 - RETIRO DE LOTE “MEDICAMENTO DE CALIDAD SUBESTÁNDAR” FIBERKING POLVO GRANULADO,05-11-2025,Bolivia,AGEMED,,,
https://www.agemed.gob.bo/retiro_producto/2025/RETIRO-DE-PRODUCTO-034.pdf,034/2025 - RETIRO DE LOTE “MEDICAMENTO DE CALIDAD SUBESTÁNDAR” CONFIRM ANTI-ESTROGEN RECEPTOR (ER)(SP1) RABBIT MONOCLONAL PRIMARY ANTIBODY,27-10-2025,Bolivia,AGEMED,,,
https://www.agemed.gob.bo/retiro_producto/2025/RETIRO-DE-PRODUCTO-033.pdf,033/2025 - RETIRO DE LOTE “MEDICAMENTO DE CALIDAD SUBESTÁNDAR” SABILANAGO CREMA,27-10-2025,Bolivia,AGEMED,,,
https://www.agemed.gob.bo/retiro_producto/2025/RETIRO-DE-PRODUCTO-032.pdf,032/2025 - RETIRO DE LOTE “MEDICAMENTO DE CALIDAD SUBESTÁNDAR” ONDANSETRON SOLUCION INYECTABLE,27-10-2025,Bolivia,AGEMED,,,
https://www.agemed.gob.bo/retiro_producto/2025/RETIRO-DE-PRODUCTO-031.pdf,031/2025 - RETIRO DE LOTE “MEDICAMENTO DE CALIDAD SUBESTÁNDAR” CREMA DE MANZANILLA CREMA,20-10-2025,Bolivia,AGEMED,,,
https://www.agemed.gob.bo/retiro_producto/2025/RETIRO-DE-PRODUCTO-030.pdf,030/2025 - RETIRO DE LOTE “MEDICAMENTO DE CALIDAD SUBESTÁNDAR” METAVIT TABLETAS RECUBIERTAS,20-10-2025,Bolivia,AGEMED,,,
https://www.agemed.gob.bo/retiro_producto/2025/RETIRO-DE-PRODUCTO-029.pdf,029/2025 - RETIRO DE LOTE “MEDICAMENTO DE CALIDAD SUBESTÁNDAR” GLUCONATO DE CALCIO 10% SOLUCION INYECTABLE,03-09-2025,Bolivia,AGEMED,,,
https://www.agemed.gob.bo/retiro_producto/2025/RETIRO-DE-PRODUCTO-028.pdf,028/2025 - RETIRO DE LOTE “MEDICAMENTO DE CALIDAD SUBESTÁNDAR” PARACETAMOL GOTAS,22-08-2025,Bolivia,AGEMED,,,
https://www.agemed.gob.bo/retiro_producto/2025/RETIRO-DE-PRODUCTO-027.pdf,027/2025 - RETIRO DE LOTE “MEDICAMENTO DE CALIDAD SUBESTÁNDAR” PARACETAMOL SUSPENSION,22-08-2025,Bolivia,AGEMED,,,
https://www.agemed.gob.bo/retiro_producto/2025/RETIRO-DE-PRODUCTO-026.pdf,026/2025 - RETIRO DE LOTE “MEDICAMENTO DE CALIDAD SUBESTÁNDAR” NIMODIPINA COMPRIMIDO RECUBIERTO,11-08-2025,Bolivia,AGEMED,,,
https://www.agemed.gob.bo/retiro_producto/2025/RETIRO-DE-PRODUCTO-025.pdf,025/2025 - RETIRO DE LOTE “MEDICAMENTO DE CALIDAD SUBESTÁNDAR” I-MIST SOLUCIÓN OFTÁLMICA,31-07-2025,Bolivia,AGEMED,,,
https://www.agemed.gob.bo/retiro_producto/2025/RETIRO-DE-PRODUCTO-024.pdf,"024/2025 - RETIRO DE LOTE ""MEDICAMENTO DE CALIDAD SUBESTANDAR"" LIBERTY ACTIVE COMPRIMIDO",17-07-2025,Bolivia,AGEMED,,,
https://www.agemed.gob.bo/retiro_producto/2025/RETIRO-DE-PRODUCTO-023.pdf,"023/2025 - RETIRO DE LOTE ""MEDICAMENTO DE CALIDAD SUBESTANDAR"" VALPROAS - 500 TABLETAS RECUBIERTAS",24-06-2025,Bolivia,AGEMED,,,
https://www.agemed.gob.bo/retiro_producto/2025/RETIRO-DE-PRODUCTO-022.pdf,"022/2025 - RETIRO DE LOTE ""MEDICAMENTO DE CALIDAD SUBESTANDAR"" DICLOSAN B1 B6 B12 CAPSULAS",12-06-2025,Bolivia,AGEMED,,,
https://www.agemed.gob.bo/retiro_producto/2025/RETIRO-DE-PRODUCTO-021.pdf,"021/2025 - RETIRO DE LOTE ""MEDICAMENTO DE CALIDAD SUBESTANDAR"" MEMORIN CAPSULAS",11-06-2025,Bolivia,AGEMED,,,
https://www.agemed.gob.bo/retiro_producto/2025/RETIRO-DE-PRODUCTO-020.pdf,"020/2025 - RETIRO DE LOTE ""MEDICAMENTO DE CALIDAD SUBESTANDAR"" DICLOFENACO SODICO 100mg TABLETAS RECUBIERTAS DE LIBERACIÓN PROLONGADA",21-04-2025,Bolivia,AGEMED,,,
https://www.agemed.gob.bo/retiro_producto/2025/RETIRO-DE-PRODUCTO-019.pdf,"019/2025 - RETIRO DE LOTE ""MEDICAMENTO DE CALIDAD SUBESTANDAR"" CEFIXIMA POLVO PARA RECONSTITUCÍON",21-04-2025,Bolivia,AGEMED,,,
https://www.agemed.gob.bo/retiro_producto/2025/RETIRO-DE-PRODUCTO-018.pdf,"018/2025 - RETIRO DE LOTE ""MEDICAMENTO DE CALIDAD SUBESTANDAR"" OMEGA 3 CAPSULA BLANDA",17-04-2025,Bolivia,AGEMED,,,
https://www.agemed.gob.bo/retiro_producto/2025/RETIRO-DE-PRODUCTO-017.pdf,"017/2025 - RETIRO DE LOTE ""MEDICAMENTO DE CALIDAD SUBESTANDAR"" HIDRÓXIDO DE ALUMINIO Y HIDRÓXIDO DE MAGNESIO""",04-04-2025,Bolivia,AGEMED,,,
https://www.agemed.gob.bo/retiro_producto/2025/RETIRO-DE-PRODUCTO-016.pdf,"016/2025 - RETIRO DE LOTE ""MEDICAMENTO DE CALIDAD SUBESTANDAR"" AGUA PARA INYECCION X5mL",17-03-2025,Bolivia,AGEMED,,,
https://www.agemed.gob.bo/retiro_producto/2025/RETIRO-DE-PRODUCTO-015.pdf,"015/2025 - RETIRO DE LOTE ""MEDICAMENTO DE CALIDAD SUBESTANDAR"" FLUCONAZOL 200mg",17-03-2025,Bolivia,AGEMED,,,
https://www.agemed.gob.bo/retiro_producto/2025/RETIRO-DE-PRODUCTO-014.pdf,"014/2025 - RETIRO DE LOTE ""MEDICAMENTO DE CALIDAD SUBESTANDAR"" FLUCONAZOL 150mg",17-03-2025,Bolivia,AGEMED,,,
https://www.agemed.gob.bo/retiro_producto/2025/RETIRO-DE-PRODUCTO-013.pdf,"013/2025 - RETIRO DE LOTE ""MEDICAMENTO DE CALIDAD SUBESTANDAR"" FLUCOMICOL ® 200mg",17-03-2025,Bolivia,AGEMED,,,
https://www.agemed.gob.bo/retiro_producto/2025/RETIRO-DE-PRODUCTO-012.pdf,"012/2025 - RETIRO DE LOTE ""MEDICAMENTO DE CALIDAD SUBESTANDAR"" CLOTRIMAZOL 100mg OVULOS VAGINALES",11-03-2025,Bolivia,AGEMED,,,
https://www.agemed.gob.bo/retiro_producto/2025/RETIRO-DE-PRODUCTO-011.pdf,"011/2025 - RETIRO DE LOTE ""MEDICAMENTO DE CALIDAD SUBESTANDAR"" VITAMIN C 1000mg TABLETAS",11-03-2025,Bolivia,AGEMED,,,
https://www.agemed.gob.bo/retiro_producto/2025/RETIRO-DE-PRODUCTO-010.pdf,"010/2025 - RETIRO DE LOTE ""MEDICAMENTO DE CALIDAD SUBESTÁNDAR"" IFASAN ® 10% LOCIÓN",28-02-2025,Bolivia,AGEMED,,,
https://www.agemed.gob.bo/retiro_producto/2025/RETIRO-DE-PRODUCTO-009.pdf,"009/2025 - RETIRO DE LOTE ""MEDICAMENTO DE CALIDAD SUBESTANDAR"" SANADOL ®37,5MG/325MG CAPSULAS",26-02-2025,Bolivia,AGEMED,,,
https://www.agemed.gob.bo/retiro_producto/2025/RETIRO-DE-PRODUCTO-008.pdf,"008/2025 - RETIRO DE LOTE ""MEDICAMENTO DE CALIDAD SUB-ESTÁNDAR"", ZINC 50mg - COMPRIMIDO.",23-01-2025,Bolivia,AGEMED,,,
https://www.agemed.gob.bo/retiro_producto/2025/RETIRO-DE-PRODUCTO-007.pdf,"007/2025 - RETIRO DE LOTE ""MEDICAMENTO DE CALIDAD SUB-ESTÁNDAR"", IBUCARE 400 mg - TABLETA RECUBIERTA",20-01-2025,Bolivia,AGEMED,,,
https://www.agemed.gob.bo/retiro_producto/2025/RETIRO-DE-PRODUCTO-006.pdf,"006/2025 - RETIRO DE LOTE ""MEDICAMENTO DE CALIDAD SUB-ESTÁNDAR"", IBUCARE 400 mg - TABLETA RECUBIERTA",20-01-2025,Bolivia,AGEMED,,,
https://www.agemed.gob.bo/retiro_producto/2025/RETIRO-DE-PRODUCTO-005.pdf,"005/2025 - RETIRO DE LOTE ""MEDICAMENTO DE CALIDAD SUB-ESTÁNDAR"", MEROPENEM 500 mg DUTRIEC-POLVO PARA SOLUCIÓN INYECTABLE.",20-01-2025,Bolivia,AGEMED,,,
https://www.agemed.gob.bo/retiro_producto/2025/RETIRO-DE-PRODUCTO-004.pdf,"004/2025 - RETIRO DE LOTE ""MEDICAMENTO DE CALIDAD SUB- ESTÁNDAR "", MEROPENEM 500 mg DUTRIEC-POLVO PARA SOLUCIÓN INYECTABLE.",20-01-2025,Bolivia,AGEMED,,,
https://www.agemed.gob.bo/retiro_producto/2025/RETIRO-DE-PRODUCTO-003.pdf,"003/2025 - RETIRO DE LOTE ""MEDICAMENTO DE CALIDAD SUB-ESTÁNDAR"", MEROPENEM 500 mg DUTRIEC-POLVO PARA SOLUCIÓN INYECTABLE.",20-01-2025,Bolivia,AGEMED,,,
https://www.agemed.gob.bo/retiro_producto/2025/RETIRO-DE-PRODUCTO-002.pdf,"002/2025 - Retiro de Lote del Medicamento ""Asrime Forte (400mg+80mg)/5mL Suspensión Oral""",10-01-2025,Bolivia,AGEMED,,,
https://www.agemed.gob.bo/retiro_producto/2025/RETIRO-DE-PRODUCTO-001.pdf,"001/2025 - Retiro de Lote del Medicamento ""Metronidazol 500 mg Óvulos""",03-01-2025,Bolivia,AGEMED,,,
https://www.agemed.gob.bo/archivo_uso_racional/alertas/2025/nacional/007_2025.pdf,N° 007/2025 - ALERTA DE FARMACOVIGILANCIA - SOSPECHA DE REACCIONES ADVERSAS A UN LOTE DE ONDANSETRON,23-10-2025,Bolivia,AGEMED,,,
https://www.agemed.gob.bo/archivo_uso_racional/alertas/2025/nacional/006_2025.pdf,N° 006/2025 - ALERTA DE FARMACOVIGILANCIA PARA EL PRODUCTO AMIKACINA SOLUCION INYECTABLE 100 MG/ 2ML,13-01-2025,Bolivia,AGEMED,,,
https://www.agemed.gob.bo/archivo_uso_racional/alertas/2025/nacional/005_2025.pdf,"N° 005/2025 - ALERTA DE FARMACOVIGILANCIA PARA EL PRODUCTO VITAMINAS B1, B6, B12 SOLUCION INYECTABLE 3 ML",13-01-2025,Bolivia,AGEMED,,,
https://www.agemed.gob.bo/archivo_uso_racional/alertas/2025/nacional/004_2025.pdf,N° 004/2025 - ALERTA DE FARMACOVIGILANCIA PARA EL PRODUCTO PROPOFOL EMULSION INYECTABLE (ACTUALIZACION).,13-01-2025,Bolivia,AGEMED,,,
https://www.agemed.gob.bo/archivo_uso_racional/alertas/2025/nacional/003_2025.pdf,N° 003/2025 - ALERTA DE FARMACOVIGILANCIA DEL PRODUCTO HIDROCORTISONA LIOFILIZADO PARA SOLUCION INYECTABLE 100MG,13-01-2025,Bolivia,AGEMED,,,
https://www.agemed.gob.bo/archivo_uso_racional/alertas/2025/nacional/002_2025.pdf,N° 002/2025 - ALERTA DE FARMACOVIGILANCIA  PARA LOS PRODUCTOS  CIANOCOBALAMINA SOLUCIÓN INYECTABLE 0.1 MG/ML Y DEXAMETASONA SOLUCIÓN INYECTABLE 4MG/ML.,13-01-2025,Bolivia,AGEMED,,,
https://www.agemed.gob.bo/archivo_uso_racional/alertas/2025/nacional/001_2025.pdf,"N° 001/2025 - ALERTA DE FARMACOVIGILANCIA PARA EL PRODUCTO LEVONOGESTREL 0,150 mg + ETILENESTRADIOL 0,03 mg",13-01-2025,Bolivia,AGEMED,,,
https://www.agemed.gob.bo/archivo_uso_racional/alertas/2025/internacional/003_2025.pdf,"N° 003/2025 - ALERTA DE SEGURIDAD DEL PRODUCTO ""FENTANILO HLB/CITRATO"" POR PRESENCIA DE CRECIMIENTO BACTERIANA",15-07-2025,Bolivia,AGEMED,,,
https://www.agemed.gob.bo/archivo_uso_racional/alertas/2025/internacional/002_2025.pdf,N° 002/2025 - ALERTA DE SEGURIDAD DEL PRODUCTO SUERO FISIOLÓGICO 9%. Laboratorio MEDIFARMA S.A. (PERÚ),04-04-2025,Bolivia,AGEMED,,,
https://www.agemed.gob.bo/archivo_uso_racional/alertas/2025/internacional/001_2025.pdf,N° 001/2025 - Producto que no cumple con criterios de calidad,03-02-2025,Bolivia,AGEMED,,,
https://www.agemed.gob.bo/archivo_uso_racional/notas_seguridad/2025/005_2025.pdf,N° 005/2025 - RECORDATORIO - CANCELACION DE LA COMERCIALIZACIÓN DE SIBUTRAMINA POR RIESGO CARDIOVASCULAR (ECV),23-10-2025,Bolivia,AGEMED,,,
https://www.agemed.gob.bo/archivo_uso_racional/notas_seguridad/2025/004_2025.pdf,"N° 004/2025 - ACTUALIZACIÓN A NOTA DE SEGURIDAD N° 003/2025 - REACCIONES ADVERSAS PROVOCADAS POR LA PASTA DENTAL 
                            ""COLGATE TOTAL PREVENCIÓN ACTIVA CLEAN MINT""",03-09-2025,Bolivia,AGEMED,,,
https://www.agemed.gob.bo/archivo_uso_racional/notas_seguridad/2025/003_2025.pdf,N° 003/2025 - POSIBLES REACCIONES ADVERSAS PROVOCADAS POR FLUORURO DE ESTAÑO EN PASTAS DENTALES,09-07-2025,Bolivia,AGEMED,,,
https://www.agemed.gob.bo/archivo_uso_racional/notas_seguridad/2025/002_2025.pdf,N° 002/2025 - SUSPENSIÓN DE LA AUTORIZACION DE COMERCIALIZACION DE PRODUCTOS FARMACEUTICOS CON PRINCIPIO ACTIVO RANITIDINA,02-05-2025,Bolivia,AGEMED,,,
https://www.agemed.gob.bo/archivo_uso_racional/notas_seguridad/2025/001_2025.pdf,N° 001/2025 - Revocación de la Autorización de uso del colorante Rojo N°3 (E-127 o eritrocina) en medicamento de uso humano.,03-02-2025,Bolivia,AGEMED,,,
https://www.ministeriodesalud.go.cr/index.php/biblioteca-de-archivos-left/documentos-ministerio-de-salud/alertas-sanitarias/alertas-radiologicas/8695-31-de-enero-de-2025-advertencia-sanitaria-robo-de-medidor-de-densidad-y-humedad-que-contiene-fuentes-radiactivas/file,Advertencia sanitaria robo de medidor de densidad y humedad que contiene fuentes radiactivas,31-01-2025 19:27,Costa Rica,MinSalud,Radiológica,,
https://www.ministeriodesalud.go.cr/index.php/biblioteca-de-archivos-left/documentos-ministerio-de-salud/alertas-sanitarias/alertas-por-productos-en-el-mercado/2025-advertencias-por-productos-en-el-mercado/8776-04-de-marzo-del-2025-advertencia-sanitaria-n-4-sobre-comercializacion-del-producto-dysport-falsificado/file,"Del 2025, advertencia sanitaria n° 4. sobre comercialización del producto dysport falsificado",06-03-2025 21:21,Costa Rica,MinSalud,Productos Mercado,,
https://www.ministeriodesalud.go.cr/index.php/biblioteca-de-archivos-left/documentos-ministerio-de-salud/alertas-sanitarias/alertas-por-productos-en-el-mercado/2025-advertencias-por-productos-en-el-mercado/9439-05-de-agosto-del-2025-advertencia-sanitaria-sobre-deteccion-de-productos-pink-pussycat-adulterados-con-tadalafilo/file,"Del 2025. advertencia sanitaria, sobre detección de productos pink pussycat adulterados con tadalafilo",06-08-2025 20:41,Costa Rica,MinSalud,Productos Mercado,,
https://www.ministeriodesalud.go.cr/index.php/biblioteca-de-archivos-left/documentos-ministerio-de-salud/alertas-sanitarias/alertas-por-productos-en-el-mercado/2025-advertencias-por-productos-en-el-mercado/9396-05-de-julio-del-2025-advertencia-sanitaria-n-10-2025-prohibicion-sobre-comercializacion-y-retiro-del-mercado-del-producto-vitafer-l-por-presencia-tadalafilo/file,"Del 2025, advertencia sanitaria n° 10-2025. prohibición sobre comercialización y retiro del mercado del producto vitafer-l por presencia tadalafilo",08-07-2025 19:37,Costa Rica,MinSalud,Productos Mercado,,
https://www.ministeriodesalud.go.cr/index.php/biblioteca-de-archivos-left/documentos-ministerio-de-salud/alertas-sanitarias/alertas-por-productos-en-el-mercado/2025-advertencias-por-productos-en-el-mercado/9871-07-de-noviembre-de-2025-advertencia-sanitaria-sobre-presencia-de-listeria-monocytogenes-en-muslitos-de-pollo-cocidos-marca-pollo-rey/file,"Advertencia sanitaria sobre presencia de listeria monocytogenes en muslitos de pollo cocidos, marca pollo rey",07-11-2025 22:51,Costa Rica,MinSalud,Productos Mercado,,
https://www.ministeriodesalud.go.cr/index.php/biblioteca-de-archivos-left/documentos-ministerio-de-salud/alertas-sanitarias/alertas-por-productos-en-el-mercado/2025-advertencias-por-productos-en-el-mercado/9567-08-de-setiembre-del-2025-advertencia-sanitaria-n-16-sobre-comercializacion-sin-registro-sanitario-de-producto-otoryx-tabletas/file,Del 2025. advertencia sanitaria n°16. sobre comercialización sin registro sanitario de producto otoryx (tabletas),09-09-2025 14:36,Costa Rica,MinSalud,Productos Mercado,,
https://www.ministeriodesalud.go.cr/index.php/biblioteca-de-archivos-left/documentos-ministerio-de-salud/alertas-sanitarias/alertas-por-productos-en-el-mercado/2025-advertencias-por-productos-en-el-mercado/9891-14-de-noviembre-del-2025-advertencia-sanitaria-n-23-sobre-prohibicion-sobre-comercializacion-y-retiro-del-mercado-del-producto-bichota-por-presencia-sildenafilo/file,"Del 2025, advertencia sanitaria n° 23. sobre prohibición sobre comercialización y retiro del mercado del producto bichota por presencia sildenafilo",14-11-2025 16:49,Costa Rica,MinSalud,Productos Mercado,,
https://www.ministeriodesalud.go.cr/index.php/biblioteca-de-archivos-left/documentos-ministerio-de-salud/alertas-sanitarias/alertas-por-productos-en-el-mercado/2025-advertencias-por-productos-en-el-mercado/9815-14-de-octubre-de-2025-advertencia-sanitaria-n-017-sobre-venta-de-productos-de-panaderia-sin-registro-sanitario-marca-panaderia-vega/file,", advertencia sanitaria n°017. sobre venta de productos de panadería sin registro sanitario, marca panadería vega",14-10-2025 19:57,Costa Rica,MinSalud,Productos Mercado,,
https://www.ministeriodesalud.go.cr/index.php/biblioteca-de-archivos-left/documentos-ministerio-de-salud/alertas-sanitarias/alertas-por-productos-en-el-mercado/2025-advertencias-por-productos-en-el-mercado/8938-15-de-abril-del-2025-advertencia-sanitaria-n-006-2025-prohibicion-sobre-comercializacion-de-los-productos-vital-honey-y-royal-honey-por-presencia-de-sildenadilo-y-tadalafilo/file,Del 2025. advertencia sanitaria n° 006-2025. prohibición sobre comercialización de los productos vital honey y royal honey por presencia de sildenadilo y tadalafilo,21-04-2025 15:53,Costa Rica,MinSalud,Productos Mercado,,
https://www.ministeriodesalud.go.cr/index.php/biblioteca-de-archivos-left/documentos-ministerio-de-salud/alertas-sanitarias/alertas-por-productos-en-el-mercado/2025-advertencias-por-productos-en-el-mercado/9410-16-de-julio-de-2025-advertencia-sanitaria-sobre-presencia-de-listeria-monocytogenes-en-guisantes-tamano-mediano-congelados-marca-begro/file,", advertencia sanitaria. sobre presencia de listeria monocytogenes en guisantes tamaño mediano congelados, marca begro",18-07-2025 19:41,Costa Rica,MinSalud,Productos Mercado,,
https://www.ministeriodesalud.go.cr/index.php/biblioteca-de-archivos-left/documentos-ministerio-de-salud/alertas-sanitarias/alertas-por-productos-en-el-mercado/2025-advertencias-por-productos-en-el-mercado/8683-17-de-diciembre-de-2024-advertencia-sanitaria-sobre-prohibicion-de-utilizacion-de-plaguicidas-herbicidas-de-uso-agricola-para-control-de-las-malezas-en-espacios-donde-convivan-o-circulen-personas/file,Advertencia sanitaria sobre prohibición de utilización de plaguicidas (herbicidas) de uso agrícola para control de las malezas en espacios donde convivan o circulen personas,29-01-2025 17:44,Costa Rica,MinSalud,Productos Mercado,,
https://www.ministeriodesalud.go.cr/index.php/biblioteca-de-archivos-left/documentos-ministerio-de-salud/alertas-sanitarias/alertas-por-productos-en-el-mercado/2025-advertencias-por-productos-en-el-mercado/9346-17-de-junio-de-2025-advertencia-sanitaria-sobre-presencia-de-listeria-monocytogenes-en-queso-tipo-semiduro-queso-fresco-marca-lacteos-r-h/file,"Advertencia sanitaria sobre presencia de listeria monocytogenes en queso tipo semiduro (queso fresco), marca lácteos r&h",17-06-2025 21:02,Costa Rica,MinSalud,Productos Mercado,,
https://www.ministeriodesalud.go.cr/index.php/biblioteca-de-archivos-left/documentos-ministerio-de-salud/alertas-sanitarias/alertas-por-productos-en-el-mercado/2025-advertencias-por-productos-en-el-mercado/9349-19-de-junio-del-2025-advertencia-sanitaria-n-09-medicamentos-falsificados-detectados-en-costa-rica-panadol-gripe-dia-gripe-noche-ultra/file,Del 2025. advertencia sanitaria n° 09. medicamentos falsificados detectados en costa rica:  panadol gripe día/ gripe noche/ ultra,20-06-2025 19:25,Costa Rica,MinSalud,Productos Mercado,,
https://www.ministeriodesalud.go.cr/index.php/biblioteca-de-archivos-left/documentos-ministerio-de-salud/alertas-sanitarias/alertas-por-productos-en-el-mercado/2025-advertencias-por-productos-en-el-mercado/9413-21-de-julio-de-2025-advertencia-sanitaria-sobre-presencia-de-listeria-monocytogenes-en-primavera-de-vegetales-congelados-marca-minuto-verde/file,"Advertencia sanitaria, sobre presencia de listeria monocytogenes en primavera de vegetales congelados, marca minuto verde",21-07-2025 20:04,Costa Rica,MinSalud,Productos Mercado,,
https://www.ministeriodesalud.go.cr/index.php/biblioteca-de-archivos-left/documentos-ministerio-de-salud/alertas-sanitarias/alertas-por-productos-en-el-mercado/2025-advertencias-por-productos-en-el-mercado/9918-advertencia-sanitaria-sobre-presencia-de-listeria-monocytogenes-en-tacos-de-pollo-congelados-marca-don-tacoimg-don-taco/file,"Advertencia sanitaria n°024. sobre presencia de listeria monocytogenes en tacos de pollo congelados, marca don taco",21-11-2025 22:06,Costa Rica,MinSalud,Productos Mercado,,
https://www.ministeriodesalud.go.cr/index.php/biblioteca-de-archivos-left/documentos-ministerio-de-salud/alertas-sanitarias/alertas-por-productos-en-el-mercado/2025-advertencias-por-productos-en-el-mercado/9822-21-de-octubre-del-2025-advertencia-sanitaria-producto-ultra-lipo-sin-registro-sanitario/file,"Del 2025, advertencia sanitaria producto “ultra lipo” sin registro sanitario",21-10-2025 15:36,Costa Rica,MinSalud,Productos Mercado,,
https://www.ministeriodesalud.go.cr/index.php/biblioteca-de-archivos-left/documentos-ministerio-de-salud/alertas-sanitarias/alertas-por-productos-en-el-mercado/2025-advertencias-por-productos-en-el-mercado/9503-22-de-agosto-del-2025-advertencia-sanitaria-n-14-sobre-comercializacion-sin-registro-sanitario-de-productos-que-contienen-ostarine-testolone-ibuta-y-stenabol/file,"Del 2025. advertencia sanitaria n° 14. sobre comercialización sin registro sanitario de productos que contienen ostarine, testolone, ibuta y stenabol",22-08-2025 21:10,Costa Rica,MinSalud,Productos Mercado,,
https://www.ministeriodesalud.go.cr/index.php/biblioteca-de-archivos-left/documentos-ministerio-de-salud/alertas-sanitarias/alertas-por-productos-en-el-mercado/2025-advertencias-por-productos-en-el-mercado/8684-pdf-23-de-enero-del-2025-advertencia-sanitaria-sobre-uso-consumo-y-publicidad-de-ayahuasca-e-ibogaina/file,"Del 2025. advertencia sanitaria sobre uso, consumo, y publicidad de ayahuasca e ibogaína",29-01-2025 17:44,Costa Rica,MinSalud,Productos Mercado,,
https://www.ministeriodesalud.go.cr/index.php/biblioteca-de-archivos-left/documentos-ministerio-de-salud/alertas-sanitarias/alertas-por-productos-en-el-mercado/2025-advertencias-por-productos-en-el-mercado/9926-28-de-noviembre-de-2025-advertencia-sanitaria-n-025-2025-sobre-presencia-de-listeria-monocytogenes-en-super-tacos-de-res-criollos-congelados-marca-silvita/file,"Advertencia sanitaria n°025-2025. sobre presencia de listeria monocytogenes en super tacos de res criollos congelados, marca silvita",28-11-2025 21:43,Costa Rica,MinSalud,Productos Mercado,,
https://www.ministeriodesalud.go.cr/index.php/biblioteca-de-archivos-left/documentos-ministerio-de-salud/alertas-sanitarias/alertas-por-productos-en-el-mercado/2025-advertencias-por-productos-en-el-mercado/9846-28-de-octubre-del-2025-advertencia-sanitaria-n-20-sobre-promocion-y-aplicacion-de-medicamentos-inyectables-para-bajar-de-peso-en-clinicas-de-nutricion/file,"Del 2025, advertencia sanitaria n° 20. sobre promoción y aplicación de medicamentos inyectables para bajar de peso en clínicas de nutrición",28-10-2025 20:57,Costa Rica,MinSalud,Productos Mercado,,
https://www.ministeriodesalud.go.cr/index.php/biblioteca-de-archivos-left/documentos-ministerio-de-salud/alertas-sanitarias/alertas-farmacovigilancia/advertencias-farmacovigilancia-2025/8662-nota-informativa-01-25-recordatorio-de-las-medidas-de-seguridad-para-los-antibioticos-de-fluoroquinolona-a-fin-de-reducir-el-riesgo-de-efectos-secundarios-persistentes-incapacitantes-y-potencialmente-irreversibles/file,"Nota informativa 01-25. recordatorio de las medidas de seguridad para los antibióticos de fluoroquinolona a fin de reducir el riesgo de efectos secundarios persistentes, incapacitantes y potencialmente irreversibles",15-01-2025 19:28,Costa Rica,MinSalud,Farmacovigilancia,,
https://www.ministeriodesalud.go.cr/index.php/biblioteca-de-archivos-left/documentos-ministerio-de-salud/alertas-sanitarias/alertas-farmacovigilancia/advertencias-farmacovigilancia-2025/8814-nota-informativa-03-25-actualizacion-de-las-medidas-de-seguridad-para-productos-que-contienen-metamizol-a-fin-de-reducir-el-riesgo-conocido-de-agranulocitosis/file,Nota informativa 03-25 actualización de las medidas de seguridad para productos que contienen metamizol a fin de reducir el riesgo conocido de agranulocitosis,20-03-2025 19:48,Costa Rica,MinSalud,Farmacovigilancia,,
https://www.ministeriodesalud.go.cr/index.php/biblioteca-de-archivos-left/documentos-ministerio-de-salud/alertas-sanitarias/alertas-farmacovigilancia/advertencias-farmacovigilancia-2025/8815-nota-informativa-04-25-acido-valproico-y-sus-sales-recomendaciones-sobre-el-uso-del-acido-valproico-y-sus-sales-en-varones-para-evitar-el-posible-riesgo-de-trastornos-del-neurodesarrollo-en-sus-hijos-tras-la-exposicion-paterna/file,Nota informativa 04-25 acido valproico y sus sales: recomendaciones sobre el uso del acido valproico y sus sales en varones para evitar el posible riesgo de trastornos del neurodesarrollo en sus hijos tras la exposición paterna,20-03-2025 19:48,Costa Rica,MinSalud,Farmacovigilancia,,
https://www.ministeriodesalud.go.cr/index.php/biblioteca-de-archivos-left/documentos-ministerio-de-salud/alertas-sanitarias/alertas-farmacovigilancia/advertencias-farmacovigilancia-2025/9225-nota-informativa-07-25-mesalazina-nuevas-informacion-de-seguridad/file,Nota informativa 07-25 “mesalazina: nuevas información de seguridad”,15-05-2025 14:36,Costa Rica,MinSalud,Farmacovigilancia,,
https://www.ministeriodesalud.go.cr/index.php/biblioteca-de-archivos-left/documentos-ministerio-de-salud/alertas-sanitarias/alertas-farmacovigilancia/advertencias-farmacovigilancia-2025/9843-nota-informativa-19-25-paracetamol-solo-o-en-combinacion-nueva-informacion-de-seguridad/file,Nota informativa 19-25. paracetamol (solo o en combinación): nueva información de seguridad,24-10-2025 14:27,Costa Rica,MinSalud,Farmacovigilancia,,
https://www.ministeriodesalud.go.cr/index.php/biblioteca-de-archivos-left/documentos-ministerio-de-salud/alertas-sanitarias/alertas-farmacovigilancia/advertencias-farmacovigilancia-2025/9896-nota-informativa-22-25-miconazol-topico-nueva-informacion-de-seguridad/file,Nota informativa 22-25. miconazol tópico: nueva información de seguridad,14-11-2025 18:03,Costa Rica,MinSalud,Farmacovigilancia,,
https://www.digemid.minsa.gob.pe/webDigemid/alertas-modificaciones/2025/alerta-digemid-no-137-2025/,ALERTA DIGEMID Nº 137-2025 - INMOVILIZACIÓN DE PRODUCTO FARMACEUTICO FLEVRAL 1g/2mL Solución Inyectable. Productos: FLEVRAL,29-11-2025 03:48:25,Perú,DIGEMID,,https://www.digemid.minsa.gob.pe/Archivos/Alertas/2025/ALERTA_137-25.pdf,
https://www.digemid.minsa.gob.pe/webDigemid/alertas-modificaciones/2025/alerta-digemid-no-136-2025/,ALERTA DIGEMID Nº 136-2025 - RIESGO DE TRASTORNOS ESOFÁGICOS ASOCIADO AL USO DE FENTANILO. Productos: FENTANILO,26-11-2025 19:48:03,Perú,DIGEMID,,https://www.digemid.minsa.gob.pe/Archivos/Alertas/2025/ALERTA_136-25.pdf,
https://www.digemid.minsa.gob.pe/webDigemid/alertas-modificaciones/2025/alerta-digemid-no-135-2025/,"ALERTA DIGEMID Nº 135-2025 - RETIRO DEL MERCADO DE UN LOTE DE DISPOSITIVO MÉDICO OBSERVADO POR RESULTADO CRÍTICO DE CONTROL DE CALIDAD. Productos: ECOTEST, HEPATITIS C VIRUS ANTIBODIES RAPID TEST",26-11-2025 19:44:30,Perú,DIGEMID,,https://www.digemid.minsa.gob.pe/Archivos/Alertas/2025/ALERTA_135-25.pdf,
https://www.digemid.minsa.gob.pe/webDigemid/alertas-modificaciones/2025/modificaciones-n-14-2025/,MODIFICACIONES N° 14 – 2025 - Evaluación del Informe Periódico de Seguridad de Asfotasa alfa;,25-11-2025 17:57:03,Perú,DIGEMID,,https://www.digemid.minsa.gob.pe/Archivos/Modificaciones/2025/M14-25_Asfotasa.pdf,
https://www.digemid.minsa.gob.pe/webDigemid/alertas-modificaciones/2025/modificaciones-n-13-2025/,MODIFICACIONES N° 13 – 2025 - Evaluación del Informe Periódico de Seguridad de Nexviazyme (avalglucosidasa alfa);,20-11-2025 16:03:49,Perú,DIGEMID,,https://www.digemid.minsa.gob.pe/Archivos/Modificaciones/2025/M13-25_Nexviazyme.pdf,
https://www.digemid.minsa.gob.pe/webDigemid/alertas-modificaciones/2025/alerta-digemid-no-134-2025/,ALERTA DIGEMID Nº 134-2025 - COMERCIALIZACIÓN ILEGAL DE DISPOSITIVO MÉDICO SIN REGISTRO SANITARIO POR REDES SOCIALES. Productos: RADIESSE + LIDOCAINA 1-5 cc,19-11-2025 21:52:52,Perú,DIGEMID,,https://www.digemid.minsa.gob.pe/Archivos/Alertas/2025/ALERTA_134-25.pdf,
https://www.digemid.minsa.gob.pe/webDigemid/alertas-modificaciones/2025/alerta-digemid-no-133-2025/,"ALERTA DIGEMID Nº 133-2025 - PRODUCTOS FARMACÉUTICOS FALSIFICADOS INCAUTADOS EN ACCIONES DE CONTROL Y VIGILANCIA SANITARIA. Productos: Detergente Bolivar, Marsella, Opal",19-11-2025 21:51:31,Perú,DIGEMID,,https://www.digemid.minsa.gob.pe/Archivos/Alertas/2025/ALERTA_133-25.pdf,
https://www.digemid.minsa.gob.pe/webDigemid/alertas-modificaciones/2025/modificaciones-n-12-2025/,MODIFICACIONES N° 12 – 2025 - Evaluación del Informe Periódico de Seguridad de Elfabrio;,18-11-2025 20:15:42,Perú,DIGEMID,,https://www.digemid.minsa.gob.pe/Archivos/Modificaciones/2025/M12-25_ELFABRIO.pdf,
https://www.digemid.minsa.gob.pe/webDigemid/alertas-modificaciones/2025/modificaciones-n-11-2025/,MODIFICACIONES N° 11 – 2025 - Evaluación del Informe Periódico de Seguridad de Lunsumio (Mosunetuzumab) ;,13-11-2025 21:29:04,Perú,DIGEMID,,https://www.digemid.minsa.gob.pe/Archivos/Modificaciones/2025/M11-25_LUNSUMIO.pdf,
https://www.digemid.minsa.gob.pe/webDigemid/alertas-modificaciones/2025/alerta-digemid-no-132-2025/,"ALERTA DIGEMID Nº 132-2025 - PRODUCTOS FARMACÉUTICOS FALSIFICADOS INCAUTADOS EN ACCIONES DE CONTROL Y VIGILANCIA SANITARIA. Productos: Apósito Autoadhesivo, Algodón Hidrófilo",11-11-2025 22:11:36,Perú,DIGEMID,,https://www.digemid.minsa.gob.pe/Archivos/Alertas/2025/ALERTA_132-25.pdf,
https://www.digemid.minsa.gob.pe/webDigemid/alertas-modificaciones/2025/alerta-digemid-no-131-2025/,"ALERTA DIGEMID Nº 131-2025 - PRODUCTOS FARMACÉUTICOS FALSIFICADOS INCAUTADOS EN ACCIONES DE CONTROL Y VIGILANCIA SANITARIA. Productos: BUSCAPINA COMPOSITUM N, BACTRIM FORTE",11-11-2025 22:10:48,Perú,DIGEMID,,https://www.digemid.minsa.gob.pe/Archivos/Alertas/2025/ALERTA_131-25.pdf,
https://www.digemid.minsa.gob.pe/webDigemid/alertas-modificaciones/2025/alerta-digemid-no-130-2025/,"ALERTA DIGEMID Nº 130-2025 - PRODUCTOS SANITARIOS FALSIFICADOS INCAUTADOS EN ACCIONES DE CONTROL Y VIGILANCIA SANITARIA. Productos: Head Shoulders, Detergente Ariel",11-11-2025 22:09:39,Perú,DIGEMID,,https://www.digemid.minsa.gob.pe/Archivos/Alertas/2025/ALERTA_130-25.pdf,
https://www.digemid.minsa.gob.pe/webDigemid/alertas-modificaciones/2025/alerta-digemid-no-129-2025/,"ALERTA DIGEMID Nº 129-2025 - PRODUCTOS FARMACÉUTICOS FALSIFICADOS INCAUTADOS EN ACCIONES DE CONTROL Y VIGILANCIA SANITARIA. Productos: Dolocordralan, Gravol, Apronax, VapoRub",11-11-2025 22:08:23,Perú,DIGEMID,,https://www.digemid.minsa.gob.pe/Archivos/Alertas/2025/ALERTA_129-25.pdf,
https://www.digemid.minsa.gob.pe/webDigemid/alertas-modificaciones/2025/alerta-digemid-no-128-2025/,ALERTA DIGEMID Nº 128-2025 - RECOMENDACIONES PARA EL USO DE SUTURAS QUIRÚRGICAS. Productos: suturas quirúrgicas,11-11-2025 22:06:54,Perú,DIGEMID,,https://www.digemid.minsa.gob.pe/Archivos/Alertas/2025/ALERTA_128-25.pdf,
https://www.digemid.minsa.gob.pe/webDigemid/alertas-modificaciones/2025/alerta-digemid-no-127-2025/,ALERTA DIGEMID Nº 127-2025 - PEMBROLIZUMAB: POSIBLE RIESGO DE TRASTORNOS SANGUÍNEOS GRAVES. Productos: Pembrolizumab,11-11-2025 22:06:08,Perú,DIGEMID,,https://www.digemid.minsa.gob.pe/Archivos/Alertas/2025/ALERTA_127-25.pdf,
https://www.digemid.minsa.gob.pe/webDigemid/alertas-modificaciones/2025/modificaciones-n-10-2025/,MODIFICACIONES N° 10 – 2025 - Seguridad para los productos farmacéuticos de las Pembrolizumab;,07-11-2025 19:33:19,Perú,DIGEMID,,https://www.digemid.minsa.gob.pe/Archivos/Modificaciones/2025/M10-25_Pembrolizumab-v2.pdf,
https://www.digemid.minsa.gob.pe/webDigemid/alertas-modificaciones/2025/alerta-digemid-no-126-2025/,ALERTA DIGEMID Nº 126-2025 - RETIRO DEL MERCADO DE UN LOTE DE PRODUCTO FARMACÉUTICO OBSERVADO POR RESULTADO CRÍTICO DE CONTROL DE CALIDAD. Productos: BUPIDEX-HG,05-11-2025 14:56:54,Perú,DIGEMID,,https://www.digemid.minsa.gob.pe/Archivos/Alertas/2025/ALERTA_126-25.pdf,
https://www.digemid.minsa.gob.pe/webDigemid/alertas-modificaciones/2025/alerta-digemid-no-125-2025/,ALERTA DIGEMID Nº 125-2025 - RETIRO DEL MERCADO DE UN LOTE DE DISPOSITIVO MÉDICO OBSERVADO POR RESULTADOS CRÍTICOS DE CONTROL DE CALIDAD. Productos: Cánula Intravenosa,05-11-2025 14:52:41,Perú,DIGEMID,,https://www.digemid.minsa.gob.pe/Archivos/Alertas/2025/ALERTA_125-25.pdf,
https://www.digemid.minsa.gob.pe/webDigemid/alertas-modificaciones/2025/alerta-digemid-no-124-2025/,ALERTA DIGEMID Nº 124-2025 - RETIRO DEL MERCADO DE UN LOTE DE PRODUCTO FARMACÉUTICO OBSERVADO POR RESULTADOS CRÍTICOS DE CONTROL DE CALIDAD. Productos: DOBUTIM-HG,05-11-2025 14:42:38,Perú,DIGEMID,,https://www.digemid.minsa.gob.pe/Archivos/Alertas/2025/ALERTA_124-25.pdf,
https://www.digemid.minsa.gob.pe/webDigemid/alertas-modificaciones/2025/alerta-digemid-no-123-2025/,ALERTA DIGEMID Nº 123-2025 - RECOMENDACIONES PARA EL USO DE CATÉTERES VENOSOS CENTRALES. Productos: CATÉTERES VENOSOS,03-11-2025 21:14:01,Perú,DIGEMID,,https://www.digemid.minsa.gob.pe/Archivos/Alertas/2025/ALERTA_123-25.pdf,
https://www.digemid.minsa.gob.pe/webDigemid/alertas-modificaciones/2025/alerta-digemid-no-122-2025/,ALERTA DIGEMID Nº 122-2025 - RETIRO DEL MERCADO DE UN LOTE DE PRODUCTO FARMACÉUTICO OBSERVADO POR RESULTADO CRÍTICO DE CONTROL DE CALIDAD. Productos: IFOSBIF,29-10-2025 16:48:49,Perú,DIGEMID,,https://www.digemid.minsa.gob.pe/Archivos/Alertas/2025/ALERTA_122-25.pdf,
https://www.digemid.minsa.gob.pe/webDigemid/alertas-modificaciones/2025/alerta-digemid-no-121-2025/,ALERTA DIGEMID Nº 121-2025 - RETIRO VOLUNTARIO DE PRODUCTO FARMACEUTICO. Productos: METFORMINA,29-10-2025 03:50:07,Perú,DIGEMID,,https://www.digemid.minsa.gob.pe/Archivos/Alertas/2025/ALERTA_121-25-2.pdf,
https://www.digemid.minsa.gob.pe/webDigemid/alertas-modificaciones/2025/alerta-digemid-no-120-2025/,ALERTA DIGEMID Nº 120-2025 - PRODUCTO FARMACÉUTICO FALSIFICADO INCAUTADO EN ACCIONES DE CONTROL Y VIGILANCIA SANITARIA. Productos: TRILAT,29-10-2025 00:57:18,Perú,DIGEMID,,https://www.digemid.minsa.gob.pe/Archivos/Alertas/2025/ALERTA_120-25.pdf,
https://www.digemid.minsa.gob.pe/webDigemid/alertas-modificaciones/2025/alerta-digemid-no-119-2025/,ALERTA DIGEMID Nº 119-2025 - RETIRO DEL MERCADO DE UN LOTE DE DISPOSITIVO MEDICO OBSERVADO POR RESULTADO CRÍTICO DE CONTROL DE CALIDAD. Productos: BOLSA DE ORINA ESTÉRIL ADULTO,29-10-2025 00:55:22,Perú,DIGEMID,,https://www.digemid.minsa.gob.pe/Archivos/Alertas/2025/ALERTA_119-25.pdf,
https://www.digemid.minsa.gob.pe/webDigemid/alertas-modificaciones/2025/modificaciones-n-09-2025/,MODIFICACIONES N° 09 – 2025 - Seguridad para los productos farmacéuticos de las Fluoroquinolonas;,28-10-2025 20:30:22,Perú,DIGEMID,,https://www.digemid.minsa.gob.pe/Archivos/Modificaciones/2025/M09-25_FLUOROQUINOLAS.pdf,
https://www.digemid.minsa.gob.pe/webDigemid/alertas-modificaciones/2025/alerta-digemid-no-118-2025/,"ALERTA DIGEMID Nº 118-2025 - CONTAMINACIÓN DE MEDICAMENTOS ORALES: COLDRIF, RESPIFRESH TR,Y RELIFE, DETECTADOS EN LA INDIA Y REPORTADOS POR LA OMS. Productos: COLDRIF, RESPIFRESH TR, RELIFE",23-10-2025 22:53:37,Perú,DIGEMID,,https://www.digemid.minsa.gob.pe/Archivos/Alertas/2025/ALERTA_118-25.pdf,
https://www.digemid.minsa.gob.pe/webDigemid/alertas-modificaciones/2025/alerta-digemid-no-117-2025/,"ALERTA DIGEMID Nº 117-2025 - PRODUCTOS SANITARIOS FALSIFICADOS INCAUTADOS EN ACCIONES DE CONTROL Y VIGILANCIA SANITARIA. Productos: Detergente Bolivar, Opal, Marsella",23-10-2025 22:46:10,Perú,DIGEMID,,https://www.digemid.minsa.gob.pe/Archivos/Alertas/2025/ALERTA_117-25.pdf,
https://www.digemid.minsa.gob.pe/webDigemid/alertas-modificaciones/2025/alerta-digemid-no-116-2025/,ALERTA DIGEMID Nº 116-2025 - INMOVILIZACION DE UN LOTE DE PRODUCTO FARMACÉUTICO OBSERVADO POR RESULTADO CRÍTICO DE CONTROL DE CALIDAD. Productos: EDETOXIN 200 mcg / 2mL CONCENTRADO PARA SOLUCIÓN PARA PERFUSIÓN,23-10-2025 04:39:26,Perú,DIGEMID,,https://www.digemid.minsa.gob.pe/Archivos/Alertas/2025/ALERTA_116-25.pdf,
https://www.digemid.minsa.gob.pe/webDigemid/alertas-modificaciones/2025/alerta-digemid-no-115-2025/,ALERTA DIGEMID Nº 115-2025 - RETIRO DEL MERCADO DE UN LOTE DE PRODUCTO OBSERVADO POR RESULTADO CRITICO DE CONTROL DE CALIDAD. Productos: ONSITE COVID-19 AG RAPID TEST,16-10-2025 21:21:58,Perú,DIGEMID,,https://www.digemid.minsa.gob.pe/Archivos/Alertas/2025/ALERTA_115-25.pdf,
https://www.digemid.minsa.gob.pe/webDigemid/alertas-modificaciones/2025/alerta-digemid-no-114-2025/,"ALERTA DIGEMID Nº 114-2025 - RETIRO DEL MERCADO DE LOTES DE PRODUCTOS FARMACÉUTICOS OBSERVADOS CON PROBLEMAS RELACIONADOS CON LA CALIDAD. Productos: KETORGES, ketorolaco",13-10-2025 17:35:27,Perú,DIGEMID,,https://www.digemid.minsa.gob.pe/Archivos/Alertas/2025/ALERTA_114-25.pdf,
https://www.digemid.minsa.gob.pe/webDigemid/alertas-modificaciones/2025/alerta-digemid-no-143-2025/,ALERTA DIGEMID Nº 143-2025 - RETIRO DEL MERCADO DE UN LOTE DE PRODUCTO OBSERVADO POR RESULTADO CRITICO DE CONTROL DE CALIDAD. Productos: UNIPLATIN,04-12-2025 21:54:59,Perú,DIGEMID,,https://www.digemid.minsa.gob.pe/Archivos/Alertas/2025/ALERTA_143-25.pdf,
https://www.digemid.minsa.gob.pe/webDigemid/alertas-modificaciones/2025/alerta-digemid-no-142-2025/,ALERTA DIGEMID Nº 142-2025 - RETIRO DEL MERCADO DE UN LOTE DE PRODUCTO OBSERVADO POR RESULTADO CRITICO DE CONTROL DE CALIDAD. Productos: PANTOPRAZOL,04-12-2025 21:54:20,Perú,DIGEMID,,https://www.digemid.minsa.gob.pe/Archivos/Alertas/2025/ALERTA_142-25.pdf,
https://www.digemid.minsa.gob.pe/webDigemid/alertas-modificaciones/2025/modificaciones-n-17-2025/,MODIFICACIONES N° 17 – 2025 - Evaluación del Informe Periódico de Seguridad de Fimasartan,03-12-2025 15:07:16,Perú,DIGEMID,,https://www.digemid.minsa.gob.pe/Archivos/Modificaciones/2025/M17-25_Finasterida-Dutasterida.pdf,
https://www.digemid.minsa.gob.pe/webDigemid/alertas-modificaciones/2025/modificaciones-n-16-2025/,MODIFICACIONES N° 16 – 2025 - Evaluación del Informe Periódico de Seguridad de Fimasartan,03-12-2025 15:02:42,Perú,DIGEMID,,https://www.digemid.minsa.gob.pe/Archivos/Modificaciones/2025/M16-25_Fimasartan.pdf,
https://www.digemid.minsa.gob.pe/webDigemid/alertas-modificaciones/2025/modificaciones-n-15-2025/,MODIFICACIONES N° 15 – 2025 - Evaluación del Informe Periódico de Seguridad de Metformina y los Inhibidores de SGLT-2;,03-12-2025 14:44:31,Perú,DIGEMID,,https://www.digemid.minsa.gob.pe/Archivos/Modificaciones/2025/M15-25_Metformina.pdf,
https://www.digemid.minsa.gob.pe/webDigemid/alertas-modificaciones/2025/alerta-digemid-no-141-2025/,"ALERTA DIGEMID Nº 141-2025 - PRODUCTOS FARMACÉUTICOS FALSIFICADOS INCAUTADOS EN ACCIONES DE CONTROL Y VIGILANCIA SANITARIA. Productos: Gamalate NF, Quadriderm Extra, Diphacorten, Amoxicilina, Gemfibrozilo, Femstat – Butoconazol",02-12-2025 21:59:50,Perú,DIGEMID,,https://www.digemid.minsa.gob.pe/Archivos/Alertas/2025/ALERTA_141-25.pdf,
https://www.digemid.minsa.gob.pe/webDigemid/alertas-modificaciones/2025/alerta-digemid-no-140-2025/,"ALERTA DIGEMID Nº 140-2025 - PRODUCTOS SANITARIOS FALSIFICADOS INCAUTADOS EN ACCIONES DE CONTROL Y VIGILANCIA SANITARIA. Productos: Detergente Marsella, Bolivar, Jabón Bolívar",02-12-2025 21:57:38,Perú,DIGEMID,,https://www.digemid.minsa.gob.pe/Archivos/Alertas/2025/ALERTA_140-25.pdf,
https://www.digemid.minsa.gob.pe/webDigemid/alertas-modificaciones/2025/alerta-digemid-no-139-2025/,"ALERTA DIGEMID Nº 139-2025 - PRODUCTOS FARMACÉUTICOS FALSIFICADOS INCAUTADOS EN ACCIONES DE CONTROL Y VIGILANCIA SANITARIA. Productos: Epotropin- α (Epoetina Alfa), Vitacose Plus, Doxilyd 50",02-12-2025 21:56:06,Perú,DIGEMID,,https://www.digemid.minsa.gob.pe/Archivos/Alertas/2025/ALERTA_139-25.pdf,
https://www.digemid.minsa.gob.pe/webDigemid/alertas-modificaciones/2025/alerta-digemid-no-138-2025/,ALERTA DIGEMID Nº 138-2025 - PRODUCTO FARMACÉUTICO FALSIFICADO INCAUTADO EN ACCIONES DE CONTROL Y VIGILANCIA SANITARIA. Productos: MEROPENEM,02-12-2025 21:54:17,Perú,DIGEMID,,https://www.digemid.minsa.gob.pe/Archivos/Alertas/2025/ALERTA_138-25.pdf,
https://www.digemid.minsa.gob.pe/webDigemid/alertas-modificaciones/2025/alerta-digemid-no-144-2025/,ALERTA DIGEMID Nº 144-2025 - COMERCIALIZACIÓN DE PRODUCTOS FARMACÉUTICOS SIN CERTIFICADO DEBUENAS PRACTICAS DE MANUFACTURA. Productos: AMERIN HOT,04-12-2025 21:55:49,Perú,DIGEMID,,https://www.digemid.minsa.gob.pe/Archivos/Alertas/2025/ALERTA_144-25.pdf,
https://www.argentina.gob.ar/noticias/retiro-del-mercado-de-dos-lotes-de-solucion-ringer-lactato-rigecin,Retiro del mercado de dos lotes de solución Ringer Lactato RIGECIN,11-12-2025 16:57,Argentina,ANMAT,,,
https://www.ispch.gob.cl/alerta/nota-informativa-terapias-avanzadas-innovacion-y-regulacion/,NOTA INFORMATIVA: TERAPIAS AVANZADAS INNOVACIÓN Y REGULACIÓN,12-12-2025 13:05:16,Chile,ISPCH,,,
https://www.argentina.gob.ar/noticias/anmat-prohibe-los-productos-ion-bio-zapper-ion-electron-ion-detox-spa-y-ion-detox-pediluvio,"ANMAT prohíbe los productos “ION - BIO ZAPPER”, “ION ELECTRÓN - Ion Detox Spa” y “ION DETOX - PEDILUVIO IONICO""",11-12-2025 10:09,Argentina,ANMAT,,,
https://www.argentina.gob.ar/noticias/anmat-prohibe-distintos-productos-para-el-cabello-de-la-marca-lazios-professional,"ANMAT prohíbe distintos productos para el cabello de la marca “LAZIOS PROFESSIONAL""",11-12-2025 08:51,Argentina,ANMAT,,,
https://www.argentina.gob.ar/noticias/informacion-de-senasa-y-anmat-sobre-queso-de-pasta-blanda-asociado-listeriosis-0,Información de SENASA Y ANMAT sobre queso de pasta blanda asociado a Listeriosis,12-12-2025 10:27,Argentina,ANMAT,,,
https://www.argentina.gob.ar/noticias/informacion-de-anmat-y-senasa-sobre-queso-de-pasta-blanda-asociado-listeriosis,Información de ANMAT y SENASA sobre queso de pasta blanda asociado a Listeriosis,12-12-2025 10:27,Argentina,ANMAT,,,
https://www.agemed.gob.bo/retiro_producto/2025/RETIRO-DE-PRODUCTO-041.pdf,041/2025 - RETIRO DE LOTE “MEDICAMENTO DE CALIDAD SUBESTÁNDAR” METROCAPS 250mg,10-12-2025,Bolivia,AGEMED,,,
https://www.ispch.gob.cl/alerta/nota-informativa-de-farmacovigilancia-botulismo-iatrogenico-riesgos-asociados-al-uso-de-toxina-botulinica/,NOTA INFORMATIVA DE FARMACOVIGILANCIA. BOTULISMO IATROGÉNICO: RIESGOS ASOCIADOS AL USO DE TOXINA BOTULÍNICA,15-12-2025 18:25:13,Chile,ISPCH,,,
https://www.digemid.minsa.gob.pe/webDigemid/alertas-modificaciones/2025/alerta-digemid-no-146-2025/,ALERTA DIGEMID Nº 146-2025 - PRODUCTO FARMACÉUTICO FALSIFICADO INCAUTADO EN ACCIONES DE CONTROL Y VIGILANCIA SANITARIA. Productos: DOLO NEUROBION,15-12-2025 20:50:21,Perú,DIGEMID,,https://www.digemid.minsa.gob.pe/Archivos/Alertas/2025/ALERTA_146-25.pdf,
https://www.digemid.minsa.gob.pe/webDigemid/alertas-modificaciones/2025/alerta-digemid-no-145-2025/,ALERTA DIGEMID Nº 145-2025 - PRODUCTO FARMACÉUTICO FALSIFICADO INCAUTADO EN ACCIONES DE CONTROL Y VIGILANCIA SANITARIA. Productos: SIMULET (basiliximab),15-12-2025 19:49:54,Perú,DIGEMID,,https://www.digemid.minsa.gob.pe/Archivos/Alertas/2025/ALERTA_145-25.pdf,
http://antigo.anvisa.gov.br/informacoes-tecnicas13?p_p_id=101_INSTANCE_R6VaZWsQDDzS&p_p_col_id=column-1&p_p_col_count=1&_101_INSTANCE_R6VaZWsQDDzS_groupId=33868&_101_INSTANCE_R6VaZWsQDDzS_urlTitle=alerta-5094-tecnovigilancia-comunicado-da-empresa-abbott-laboratorios-do-brasil-ltda-familia-instrumento-alinity-ci-series-&_101_INSTANCE_R6VaZWsQDDzS_struts_action=%2Fasset_publisher%2Fview_content&_101_INSTANCE_R6VaZWsQDDzS_assetEntryId=7174748&_101_INSTANCE_R6VaZWsQDDzS_type=content,Alerta 5094 (Tecnovigilância) - Comunicado da empresa Abbott Laboratórios do Brasil Ltda - Família Instrumento Alinity ci-series.,15-12-2025 18:01,Brasil,ANVISA,,,
http://antigo.anvisa.gov.br/informacoes-tecnicas13?p_p_id=101_INSTANCE_R6VaZWsQDDzS&p_p_col_id=column-1&p_p_col_count=1&_101_INSTANCE_R6VaZWsQDDzS_groupId=33868&_101_INSTANCE_R6VaZWsQDDzS_urlTitle=alerta-ggmon-10-2025-farmacovigilancia-risco-de-transtorno-obsessivo-compulsivo-toc-com-medicamentos-contendo-metilfenidato-e-lisdexanfetamina-&_101_INSTANCE_R6VaZWsQDDzS_struts_action=%2Fasset_publisher%2Fview_content&_101_INSTANCE_R6VaZWsQDDzS_assetEntryId=7172311&_101_INSTANCE_R6VaZWsQDDzS_type=content,Alerta GGMON 10/2025 (Farmacovigilância): Risco de transtorno obsessivo-compulsivo (TOC) com medicamentos contendo metilfenidato e lisdexanfetamina.,11-12-2025 13:49,Brasil,ANVISA,,,
https://app.invima.gov.co/alertas/ckfinder/userfiles/files/ALERTAS%20SANITARIAS/Dispositivos_Medicos/2025/DICIEMBRE/Alerta%20No_%20%23395-2025%20-%20COULTER%20DXH%20DILUENT%20.pdf,Alerta sanitaria sobre: COULTER DXH DILUENT,15-12-2025,Colombia,INVIMA,,,
https://app.invima.gov.co/alertas/ckfinder/userfiles/files/ALERTAS%20SANITARIAS/Dispositivos_Medicos/2025/DICIEMBRE/Alerta%20No_%20%23394-2025%20-%20ALKALINE%20PHOSPHATASE%20LIQUICOLOR%20.pdf,Alerta sanitaria sobre: ALKALINE PHOSPHATASE LIQUICOLOR,15-12-2025,Colombia,INVIMA,,,
https://app.invima.gov.co/alertas/ckfinder/userfiles/files/ALERTAS%20SANITARIAS/Dispositivos_Medicos/2025/DICIEMBRE/Alerta%20No_%20%23392-2025%20-%20ALETHIA%20MALARIA%20.pdf,Alerta sanitaria sobre: ALETHIA MALARIA,15-12-2025,Colombia,INVIMA,,,
https://app.invima.gov.co/alertas/ckfinder/userfiles/files/ALERTAS%20SANITARIAS/Dispositivos_Medicos/2025/DICIEMBRE/Alerta%20No_%20%23393-2025%20-%20ELECSYS%20ANTI-TSHR%20.pdf,Alerta sanitaria sobre: ELECSYS ANTI-TSHR,15-12-2025,Colombia,INVIMA,,,
https://www.gob.mx/cms/uploads/attachment/file/1042560/Alerta_Sanitaria_Cistoscopio_Sch_lly_11122025.pdf,19_Alerta_Sanitaria_Cistoscopio_Sch_lly,11-12-2025,México,COFEPRIS,,,
https://www.gob.mx/cms/uploads/attachment/file/1042980/Alerta_Sanitaria_Keytruda_15122025.pdf,275_Alerta_Sanitaria_Keytruda,15-12-2025,México,COFEPRIS,,,
https://www.gob.mx/cms/uploads/attachment/file/1042976/Act_Alerta_Sanitaria_Abbott_Laboratories_15122025.pdf,08_Act_Alerta_Sanitaria_Abbott_Laboratories,15-12-2025,México,COFEPRIS,,,
https://www.gob.mx/cms/uploads/attachment/file/1042561/Alerta_Sanitaria_Prediasure_liquido_y_en_polvo__11122025.pdf,07_Alerta_Sanitaria_Prediasure_liquido_y_en_polvo,11-12-2025,México,COFEPRIS,,,
http://antigo.anvisa.gov.br/informacoes-tecnicas13?p_p_id=101_INSTANCE_R6VaZWsQDDzS&p_p_col_id=column-1&p_p_col_count=1&_101_INSTANCE_R6VaZWsQDDzS_groupId=33868&_101_INSTANCE_R6VaZWsQDDzS_urlTitle=alerta-5095-tecnovigilancia-comunicado-da-empresa-handle-comercio-de-equipamentos-medicos-ltda-sistema-de-irrigacao-smp-endomaster-&_101_INSTANCE_R6VaZWsQDDzS_struts_action=%2Fasset_publisher%2Fview_content&_101_INSTANCE_R6VaZWsQDDzS_assetEntryId=7175179&_101_INSTANCE_R6VaZWsQDDzS_type=content,Alerta 5095 (Tecnovigilância) - Comunicado da empresa Handle Comércio de Equipamentos Médicos Ltda - Sistema de irrigação SMP Endomaster.,16-12-2025 10:38,Brasil,ANVISA,,,
https://app.invima.gov.co/alertas/ckfinder/userfiles/files/ALERTAS%20SANITARIAS/Cosmeticos_aseo_higiene/2025/diciembre/Alerta%20No%20396-2025%20-%20ALISADORA%20PROGRESIVA%20DE%20AMINO%C3%81CIDOS.pdf ,Alerta sanitaria sobre: ALISADORA PROGRESIVA DE AMINOÁCIDOS con NSOC05333-21CO y lote 260625-1,16-12-2025,Colombia,INVIMA,,,
http://antigo.anvisa.gov.br/informacoes-tecnicas13?p_p_id=101_INSTANCE_R6VaZWsQDDzS&p_p_col_id=column-1&p_p_col_count=1&_101_INSTANCE_R6VaZWsQDDzS_groupId=33868&_101_INSTANCE_R6VaZWsQDDzS_urlTitle=alerta-5096-tecnovigilancia-comunicado-da-empresa-auto-suture-do-brasil-ltda-geradores-para-estimulacao-da-medula-espinhal-rm-10349001208-comunicador-&_101_INSTANCE_R6VaZWsQDDzS_struts_action=%2Fasset_publisher%2Fview_content&_101_INSTANCE_R6VaZWsQDDzS_assetEntryId=7175357&_101_INSTANCE_R6VaZWsQDDzS_type=content,Alerta 5096 (Tecnovigilância) - Comunicado da empresa Auto Suture do Brasil LTDA - Geradores para Estimulação da Medula Espinhal RM (10349001208); Comunicador (10349000941).,16-12-2025 12:49,Brasil,ANVISA,,,
https://www.ispch.gob.cl/alerta/bronceado-sin-sol-orientacion-del-isp-sobre-los-autobronceantes-orales/,“BRONCEADO SIN SOL”: ORIENTACIÓN DEL ISP SOBRE LOS AUTOBRONCEANTES ORALES,17-12-2025 11:20:14,Chile,ISPCH,,,
http://antigo.anvisa.gov.br/informacoes-tecnicas13?p_p_id=101_INSTANCE_R6VaZWsQDDzS&p_p_col_id=column-1&p_p_col_count=1&_101_INSTANCE_R6VaZWsQDDzS_groupId=33868&_101_INSTANCE_R6VaZWsQDDzS_urlTitle=alerta-5097-tecnovigilancia-comunicado-da-empresa-ge-healthcare-do-brasil-com-e-serv-para-equipamentos-medico-hospitalares-ltda-sistema-de-anestesia-c&_101_INSTANCE_R6VaZWsQDDzS_struts_action=%2Fasset_publisher%2Fview_content&_101_INSTANCE_R6VaZWsQDDzS_assetEntryId=7175881&_101_INSTANCE_R6VaZWsQDDzS_type=content,"Alerta 5097 (Tecnovigilância) - Comunicado da empresa GE Healthcare do Brasil, Com. e Serv. para Equipamentos Médico-Hospitalares Ltda - Sistema de Anestesia Carestation (80071260356); Sistema de Anestesia Carestation (80071260432).",17-12-2025 11:44,Brasil,ANVISA,,,
http://antigo.anvisa.gov.br/informacoes-tecnicas13?p_p_id=101_INSTANCE_R6VaZWsQDDzS&p_p_col_id=column-1&p_p_col_count=1&_101_INSTANCE_R6VaZWsQDDzS_groupId=33868&_101_INSTANCE_R6VaZWsQDDzS_urlTitle=alerta-5098-tecnovigilancia-comunicado-da-empresa-ge-healthcare-do-brasil-com-e-serv-para-equipamentos-medico-hospitalares-ltda-sistema-de-imagem-por-&_101_INSTANCE_R6VaZWsQDDzS_struts_action=%2Fasset_publisher%2Fview_content&_101_INSTANCE_R6VaZWsQDDzS_assetEntryId=7176525&_101_INSTANCE_R6VaZWsQDDzS_type=content,"Alerta 5098 (Tecnovigilância) - Comunicado da empresa GE Healthcare do Brasil, Com. e Serv. para Equipamentos Médico-Hospitalares Ltda - Sistema de Imagem por Ressonância Magnética.",18-12-2025 11:52,Brasil,ANVISA,,,
https://app.invima.gov.co/alertas/ckfinder/userfiles/files/ALERTAS%20SANITARIAS/medicamentos_pbiologicos/2025/DICIEMBRE/Alerta%20No%23403-2025%20-%20PRODUCTOS%20FRAUDULENTOS%20FABRICADOS%20Y%20COMERCIALIZADOS%20CON%20LA%20LEYENDA%20MAGNOFARMA%20.pdf,Alerta Sanitaria sobre : PRODUCTOS FRAUDULENTOS FABRICADOS Y COMERCIALIZADOS CON LA LEYENDA MAGNOFARMA,18-12-2025,Colombia,INVIMA,,,
https://app.invima.gov.co/alertas/ckfinder/userfiles/files/ALERTAS%20SANITARIAS/medicamentos_pbiologicos/2025/DICIEMBRE/Alerta%20No%23405-2025%20-%20PRODUCTOS%20FRAUDULENTOS%20PROMOCIONADOS%20EN%20REDES%20SOCIALES.pdf,Alerta Sanitaria sobre : PRODUCTOS FRAUDULENTOS PROMOCIONADOS EN REDES SOCIALES,18-12-2025,Colombia,INVIMA,,,
https://app.invima.gov.co/alertas/ckfinder/userfiles/files/ALERTAS%20SANITARIAS/medicamentos_pbiologicos/2025/DICIEMBRE/Alerta%20No%23404-2025%20-%20SUPLEMENTO%20PARA%20ADELGAZAR%20NSOCO09046-24007%20.pdf,Alerta Sanitaria sobre : SUPLEMENTO PARA ADELGAZAR NSOCO09046-24007,18-12-2025,Colombia,INVIMA,,,
http://antigo.anvisa.gov.br/informacoes-tecnicas13?p_p_id=101_INSTANCE_R6VaZWsQDDzS&p_p_col_id=column-1&p_p_col_count=1&_101_INSTANCE_R6VaZWsQDDzS_groupId=33868&_101_INSTANCE_R6VaZWsQDDzS_urlTitle=alerta-5099-tecnovigilancia-comunicado-da-empresa-biomerieux-brasil-ind-com-de-prod-lab-ltda-familia-vitek2-ast-biomerieux-&_101_INSTANCE_R6VaZWsQDDzS_struts_action=%2Fasset_publisher%2Fview_content&_101_INSTANCE_R6VaZWsQDDzS_assetEntryId=7176727&_101_INSTANCE_R6VaZWsQDDzS_type=content,Alerta 5099 (Tecnovigilância) - Comunicado da Empresa Biomérieux Brasil Ind. Com. de Prod. Lab. Ltda - Família Vitek2 AST - Biomérieux.,18-12-2025 16:25,Brasil,ANVISA,,,
https://www.digemid.minsa.gob.pe/webDigemid/alertas-modificaciones/2025/alerta-digemid-no-147-2025/,ALERTA DIGEMID Nº 147-2025 - RETIRO DEL MERCADO DE UN LOTE DE DISPOSITIVO MÉDICO OBSERVADO POR RESULTADO CRÍTICO DE CONTROL DE CALIDAD. Productos: GUANTES QUIRÚRGICOS,18-12-2025 20:14:31,Perú,DIGEMID,,https://www.digemid.minsa.gob.pe/Archivos/Alertas/2025/ALERTA_147-25.pdf,
https://www.argentina.gob.ar/noticias/retiro-del-mercado-de-once-lotes-de-lacrigestina,Retiro del mercado de once lotes de Lacrigestina,18-12-2025 17:27,Argentina,ANMAT,,,
https://www.agemed.gob.bo/archivo_farmacovigi/alertas/2025/ALERTA_243_2025.pdf,"Alerta N° 243/2025 - MEDICAMENTO ILÍCITO ""SOP COMPRIMIDOS"" - FALSIFICADO",15-12-2025,Bolivia,AGEMED,,,
https://www.agemed.gob.bo/retiro_producto/2025/producto/RETIRO-DE-PRODUCTO-004.pdf,"004/2025 - AGEMED ADVIERTE SOBRE EL RETIRO INTERNACIONAL DE LA FORMULA INFANTIL ""BYHERT WHOLE NUTRITION BABY"" POR RIESGO A LA
                                 SALUD",16-12-2025,Bolivia,AGEMED,,,
http://antigo.anvisa.gov.br/informacoes-tecnicas13?p_p_id=101_INSTANCE_R6VaZWsQDDzS&p_p_col_id=column-1&p_p_col_count=1&_101_INSTANCE_R6VaZWsQDDzS_groupId=33868&_101_INSTANCE_R6VaZWsQDDzS_urlTitle=alerta-5100-tecnovigilancia-comunicado-da-empresa-roche-diagnostica-brasil-ltda-familia-elecsys-anti-tshr-&_101_INSTANCE_R6VaZWsQDDzS_struts_action=%2Fasset_publisher%2Fview_content&_101_INSTANCE_R6VaZWsQDDzS_assetEntryId=7177205&_101_INSTANCE_R6VaZWsQDDzS_type=content,Alerta 5100 (Tecnovigilância) - Comunicado da empresa Roche Diagnóstica Brasil Ltda - Família Elecsys Anti-TSHR.,19-12-2025 11:36,Brasil,ANVISA,,,
https://app.invima.gov.co/alertas/ckfinder/userfiles/files/ALERTAS%20SANITARIAS/Dispositivos_Medicos/2025/DICIEMBRE/Alerta%20No_%20%23406-2025%20-%20NEXT%20HIGH%20OUTPUT%20FLOW%20CELL%20V2_5%2C%20NEXTSEQ%20MIDOUTPUT%20FLOW%20CELL%20V2_5%20.pdf,"Alerta sanitaria sobre: NEXT HIGH OUTPUT FLOW CELL V2.5, NEXTSEQ MIDOUTPUT FLOW CELL V2.5",19-12-2025,Colombia,INVIMA,,,
https://www.agemed.gob.bo/archivo_uso_racional/alertas/2025/internacional/004_2025.pdf,"N° 004/2025 - AGEMED ADVIERTE SOBRE EL RETIRO INTERNACIONAL DE LA FORMULA INFANTIL ""BYHERT WHOLE NUTRITION BABY"" 
                                POR RIESGO A LA SALUD",16-12-2025,Bolivia,AGEMED,,,
https://app.invima.gov.co/alertas/ckfinder/userfiles/files/ALERTAS%20SANITARIAS/medicamentos_pbiologicos/2025/OCTUBRE/Alerta%20No%23321-2025%20.pdf,Alerta Sanitaria sobre: • WHEY PREMIUM- Egp Elite Gold Pure • DAILY MULTI KIKLAND,31-10-2025,Colombia,INVIMA,,,
http://antigo.anvisa.gov.br/informacoes-tecnicas13?p_p_id=101_INSTANCE_R6VaZWsQDDzS&p_p_col_id=column-1&p_p_col_count=1&_101_INSTANCE_R6VaZWsQDDzS_groupId=33868&_101_INSTANCE_R6VaZWsQDDzS_urlTitle=alerta-5101-tecnovigilancia-comunicado-da-empresa-shimadzu-do-brasil-comercio-ltda-aparelho-de-hemodinamica-e-angiografia-&_101_INSTANCE_R6VaZWsQDDzS_struts_action=%2Fasset_publisher%2Fview_content&_101_INSTANCE_R6VaZWsQDDzS_assetEntryId=7177421&_101_INSTANCE_R6VaZWsQDDzS_type=content,Alerta 5101 (Tecnovigilância) - Comunicado da empresa Shimadzu do Brasil Comércio Ltda - Aparelho de Hemodinâmica e Angiografia.,19-12-2025 16:50,Brasil,ANVISA,,,
https://www.argentina.gob.ar/noticias/inmovilizacion-de-varios-productos-de-la-firma-ladece-sa,Inmovilización de varios productos de la firma LADECE S.A,19-12-2025 16:58,Argentina,ANMAT,,,
https://www.ispch.gob.cl/alerta/guantes-de-latex-sensitive-marca-hygieina/,"Guantes de látex Sensitive, marca Hygieína",22-12-2025 10:59:32,Chile,ISPCH,,,
http://antigo.anvisa.gov.br/informacoes-tecnicas13?p_p_id=101_INSTANCE_R6VaZWsQDDzS&p_p_col_id=column-1&p_p_col_count=1&_101_INSTANCE_R6VaZWsQDDzS_groupId=33868&_101_INSTANCE_R6VaZWsQDDzS_urlTitle=alerta-5102-tecnovigilancia-comunicado-da-empresa-emergo-brazil-import-importacao-e-distribuicao-de-produtos-medicos-hospitalares-ltda-software-de-ana&_101_INSTANCE_R6VaZWsQDDzS_struts_action=%2Fasset_publisher%2Fview_content&_101_INSTANCE_R6VaZWsQDDzS_assetEntryId=7179058&_101_INSTANCE_R6VaZWsQDDzS_type=content,Alerta 5102 (Tecnovigilância) - Comunicado da empresa Emergo Brazil Import Importação e Distribuição de Produtos Médicos Hospitalares Ltda - Software de análise cMRI suiteHEART.,22-12-2025 11:25,Brasil,ANVISA,,,
https://www.agemed.gob.bo/retiro_producto/2025/RETIRO-DE-PRODUCTO-043.pdf,043/2025 - RETIRO DE LOTE “MEDICAMENTO DE CALIDAD SUBESTÁNDAR” IBU-100 SUSPENSIÓN ORAL,16-12-2025,Bolivia,AGEMED,,,
https://www.agemed.gob.bo/retiro_producto/2025/RETIRO-DE-PRODUCTO-042.pdf,042/2025 - RETIRO DE LOTE “MEDICAMENTO DE CALIDAD SUBESTÁNDAR” GALACTOGOGO VENET,16-12-2025,Bolivia,AGEMED,,,
https://www.argentina.gob.ar/noticias/inmovilizacion-de-un-lote-de-solucion-ringer-lactato-rigecin-inyectable-iv-de-la-firma-2,Inmovilización  de un lote de solución RINGER-LACTATO RIGECIN inyectable I.V. de la firma Rigecin Labs.,22-12-2025 18:12,Argentina,ANMAT,,,
http://antigo.anvisa.gov.br/informacoes-tecnicas13?p_p_id=101_INSTANCE_R6VaZWsQDDzS&p_p_col_id=column-1&p_p_col_count=1&_101_INSTANCE_R6VaZWsQDDzS_groupId=33868&_101_INSTANCE_R6VaZWsQDDzS_urlTitle=alerta-5103-tecnovigilancia-comunicado-da-empresa-johnson-johnson-do-brasil-ind-e-com-de-prod-para-saude-ltda-instrumental-nao-articulado-cortante-est&_101_INSTANCE_R6VaZWsQDDzS_struts_action=%2Fasset_publisher%2Fview_content&_101_INSTANCE_R6VaZWsQDDzS_assetEntryId=7179740&_101_INSTANCE_R6VaZWsQDDzS_type=content,Alerta 5103 (Tecnovigilância) - Comunicado da empresa Johnson & Johnson do Brasil Ind. e Com. de Prod. para Saúde Ltda - Instrumental não Articulado Cortante Estéril.,23-12-2025 16:04,Brasil,ANVISA,,,
https://app.invima.gov.co/alertas/ckfinder/userfiles/files/ALERTAS%20SANITARIAS/medicamentos_pbiologicos/2025/DICIEMBRE/Alerta%20No%23410-2025%20-%2015%20DAY%20CLEANSE%20MARCA%20MILAMIAMOR%20.pdf,Alerta Sanitaria sobre :15 DAY CLEANSE MARCA MILAMIAMOR,23-12-2025,Colombia,INVIMA,,,
https://app.invima.gov.co/alertas/ckfinder/userfiles/files/ALERTAS%20SANITARIAS/medicamentos_pbiologicos/2025/DICIEMBRE/Alerta%20No%23409-2025%20-%20TITANTURK.pdf,Alerta Sanitaria sobre : TITANTURK,23-12-2025,Colombia,INVIMA,,,
https://www.digemid.minsa.gob.pe/webDigemid/alertas-modificaciones/2025/alerta-digemid-no-149-2025/,"ALERTA DIGEMID Nº 149-2025 - PRODUCTO FARMACÉUTICO FALSIFICADO IBRANCE (palbociclib) CÁPSULA DETECTADO EN LAS REGIONES DE AFRICA, DEL MEDITERRÁNEO ORIENTAL Y DE EUROPA, REPORTADO POR LA OMS. Productos: IBRANCE (palbociclib)",23-12-2025 21:01:36,Perú,DIGEMID,,https://www.digemid.minsa.gob.pe/Archivos/Alertas/2025/ALERTA_149-25.pdf,
https://www.digemid.minsa.gob.pe/webDigemid/alertas-modificaciones/2025/alerta-digemid-no-148-2025/,ALERTA DIGEMID Nº 148-2025 - RETIRO DEL MERCADO DE UN LOTE DE PRODUCTO FARMACÉUTICO OBSERVADO POR RESULTADO CRÍTICO DE CONTROL DE CALIDAD. Productos: MULTIXIDINA,23-12-2025 21:00:16,Perú,DIGEMID,,https://www.digemid.minsa.gob.pe/Archivos/Alertas/2025/ALERTA_148-25.pdf,
https://app.invima.gov.co/alertas/ckfinder/userfiles/files/ALERTAS%20SANITARIAS/Dispositivos_Medicos/2025/DICIEMBRE/Alerta%20No_%20%23402-2025%20-%20ENDO%20GIA%20REINFORCED%20RELOAD%20WITH%20TRI-%20STAPLE%20GRAPADORA%20Y%20RECARGA%20REFORZADA%20CON%20TECNOLOGIA%20TRI-%20STAPLE%20.pdf,Alerta sanitaria sobre: ENDO GIA REINFORCED RELOAD WITH TRI- STAPLE GRAPADORA Y RECARGA REFORZADA CON TECNOLOGIA TRI- STAPLE,24-12-2025,Colombia,INVIMA,,,
https://app.invima.gov.co/alertas/ckfinder/userfiles/files/ALERTAS%20SANITARIAS/Dispositivos_Medicos/2025/DICIEMBRE/Alerta%20No_%20%23401-2025%20-%20SISTEMA%20DE%20MONITOREO%20DE%20PRESI%C3%93N%20Y%20ACCESORIOS%20-%20DISPOSITIVO_KIT%20DE%20MONITOREO%20DE%20PRESI%C3%93N%20Y%20ACCESORIOS%20.pdf,Alerta sanitaria sobre: SISTEMA DE MONITOREO DE PRESIÓN Y ACCESORIOS - DISPOSITIVO/KIT DE MONITOREO DE PRESIÓN Y ACCESORIOS,24-12-2025,Colombia,INVIMA,,,
https://app.invima.gov.co/alertas/ckfinder/userfiles/files/ALERTAS%20SANITARIAS/Dispositivos_Medicos/2025/DICIEMBRE/Alerta%20No_%20%23399-2025%20-%20SMARTDRIVE%20WHEELCHAIR%20POWER%20ASSIST%20-%20SMARTDRIVE%20SISTEMA%20DE%20PROPULSI%C3%93N%20PARA%20SILLAS%20DE%20RUEDAS%20.pdf,Alerta sanitaria sobre: SMARTDRIVE WHEELCHAIR POWER ASSIST - SMARTDRIVE SISTEMA DE PROPULSIÓN PARA SILLAS DE RUEDAS,24-12-2025,Colombia,INVIMA,,,
https://app.invima.gov.co/alertas/ckfinder/userfiles/files/ALERTAS%20SANITARIAS/Dispositivos_Medicos/2025/DICIEMBRE/Alerta%20No_%20%23398-2025%20-%20CAT%C3%89TERES%20INTRODUCTORES%20COOK%20MEDICAL%20.pdf,Alerta sanitaria sobre: CATÉTERES INTRODUCTORES COOK MEDICAL,24-12-2025,Colombia,INVIMA,,,
https://app.invima.gov.co/alertas/ckfinder/userfiles/files/ALERTAS%20SANITARIAS/Dispositivos_Medicos/2025/DICIEMBRE/Alerta%20No_%20%23397-2025%20-%20SURESCAN%20MRI%20IMPLANTABLE%20NEUROSTIMULATION%20SYSTEM%20_%20SISTEMA%20DE%20NEUROESTIMULACI%C3%93N%20IMPLANTABLE%20.pdf,Alerta sanitaria sobre: SURESCAN MRI IMPLANTABLE NEUROSTIMULATION SYSTEM / SISTEMA DE NEUROESTIMULACIÓN IMPLANTABLE,24-12-2025,Colombia,INVIMA,,,
https://app.invima.gov.co/alertas/ckfinder/userfiles/files/INFORMES%20DE%20SEGURIDAD/Dispositivos/2025/DICIEMBRE/Informe%20de%20seguridad%20No_%20%23251-2025%20.pdf,"Alerta sanitaria sobre: ACELERADOR LINEAL ELEKTA, ACCESORIOS Y REPUESTOS",24-12-2025,Colombia,INVIMA,,,
https://app.invima.gov.co/alertas/ckfinder/userfiles/files/ALERTAS%20SANITARIAS/Alimentos_Bebidas/2025/Diciembre/Alerta%20No%20_%23%20415-2025.pdf,"Alerta sanitaria sobre: FALSIFICACIÓN DE LECHE EN POLVO ENTERA ADICIONADA CON VITAMINAS A y D MARCA PROLECHE PRESENTACIÓN 380 gramos,  Lote CE09GE18 CON FECHA DE VENCIMIENTO DEL 11/06/26.  Lote CE096E18 CON FECHA DE VENCIMIENTO DEL 30/05/26",24-12-2025,Colombia,INVIMA,,,
https://app.invima.gov.co/alertas/ckfinder/userfiles/files/ALERTAS%20SANITARIAS/Dispositivos_Medicos/2025/DICIEMBRE/Alerta%20No_%20%23416-2025%20-%20Sistema%20De%20Stent%20Autoexpandible%20Venoso%20.pdf,Alerta sanitaria sobre: Sistema De Stent Autoexpandible Venoso,24-12-2025,Colombia,INVIMA,,,
https://app.invima.gov.co/alertas/ckfinder/userfiles/files/ALERTAS%20SANITARIAS/Dispositivos_Medicos/2025/DICIEMBRE/Alerta%20No_%20%23417-2025%20-%20SISTEMA%20DE%20IMPLANTES%20DENTALES%20ACCESORIOS%20PROT%C3%89SICOS%20E%20INSTRUMENTAL%20ASOCIADO%20PARA%20SU%20CORRECTA%20COLOCACI%C3%93N%20-%20SIN%20.pdf,Alerta sanitaria sobre: SISTEMA DE IMPLANTES DENTALES ACCESORIOS PROTÉSICOS E INSTRUMENTAL ASOCIADO PARA SU CORRECTA COLOCACIÓN - SIN,24-12-2025,Colombia,INVIMA,,,
https://www.argentina.gob.ar/noticias/anmat-prohibe-diversos-productos-medicos-fabricados-o-importados-por-la-firma-el-centro-del,ANMAT prohíbe diversos productos médicos fabricados o importados por la firma EL CENTRO DEL KINESIÓLOGO S.R.L.,26-12-2025 09:06,Argentina,ANMAT,,,
https://www.argentina.gob.ar/noticias/anmat-prohibe-distintos-productos-de-la-firma-wohr-quimica,ANMAT prohíbe distintos productos de la firma WOHR QUÍMICA,26-12-2025 08:56,Argentina,ANMAT,,,
http://antigo.anvisa.gov.br/informacoes-tecnicas13?p_p_id=101_INSTANCE_R6VaZWsQDDzS&p_p_col_id=column-1&p_p_col_count=1&_101_INSTANCE_R6VaZWsQDDzS_groupId=33868&_101_INSTANCE_R6VaZWsQDDzS_urlTitle=alerta-5104-tecnovigilancia-recolhimento-do-produto-hemopatch-&_101_INSTANCE_R6VaZWsQDDzS_struts_action=%2Fasset_publisher%2Fview_content&_101_INSTANCE_R6VaZWsQDDzS_assetEntryId=7181556&_101_INSTANCE_R6VaZWsQDDzS_type=content,Alerta 5104 (Tecnovigilância) - Recolhimento do produto Hemopatch.,26-12-2025 16:50,Brasil,ANVISA,,,
https://app.invima.gov.co/alertas/ckfinder/userfiles/files/ALERTAS%20SANITARIAS/medicamentos_pbiologicos/2025/DICIEMBRE/Alerta%20No%20%23%20420-2025%20%20PRODUCTO%20FALSIFICADO%20PERJETA%C2%AE%20420%20MG_14%20ML%20LOTE%20H2544E03%20F_F_%2012-2024%20F_V_%2012-2027.pdf,Alerta Sanitaria sobre :  PRODUCTO FALSIFICADO PERJETA® 420 MG/14 ML LOTE H2544E03 F.F. 12-2024 F.V. 12- 2027.,26-12-2025,Colombia,INVIMA,,,"Alerta por falsificación del medicamento PERJETA® 420 MG/14 ML, lote H2544E03. El producto no contiene el principio activo Pertuzumab, sino cloruro de sodio, y presenta diferencias en empaque y datos, representando un riesgo para la salud."
https://app.invima.gov.co/alertas/ckfinder/userfiles/files/ALERTAS%20SANITARIAS/medicamentos_pbiologicos/2025/DICIEMBRE/Alerta%20No%23419-2025%20-%20BURURAN%20.pdf,Alerta Sanitaria sobre :BURURAN,26-12-2025,Colombia,INVIMA,,,"El Invima alerta sobre la comercialización ilegal del producto ""BURURAN"", promocionado como medicamento homeopático para próstata y cáncer. El motivo es que no tiene registro sanitario ni aprobación, sus componentes no son homeopáticos y representa un riesgo para la salud."
https://app.invima.gov.co/alertas/ckfinder/userfiles/files/ALERTAS%20SANITARIAS/medicamentos_pbiologicos/2025/DICIEMBRE/Alerta%20No%23418-2025%20-%20MENO%20MENOPAUSE%20VITAMIN%20CAPSULES%20DE%20LA%20MARCA%20OPOSITI.pdf,Alerta sanitaria sobre : MENO MENOPAUSE VITAMIN CAPSULES DE LA MARCA OPOSITIV,26-12-2025,Colombia,INVIMA,,,Alerta sanitaria sobre : MENO MENOPAUSE VITAMIN CAPSULES DE LA MARCA OPOSITIV
https://www.agemed.gob.bo/retiro_producto/2025/RETIRO-DE-PRODUCTO-045.pdf,045/2025 - RETIRO DE LOTE “MEDICAMENTO DE CALIDAD SUBESTÁNDAR” OPTICLODEX SOLUCIÓN OFTÁLMICA,24-12-2025,Bolivia,AGEMED,,,045/2025 - RETIRO DE LOTE “MEDICAMENTO DE CALIDAD SUBESTÁNDAR” OPTICLODEX SOLUCIÓN OFTÁLMICA
https://www.agemed.gob.bo/retiro_producto/2025/RETIRO-DE-PRODUCTO-044.pdf,044/2025 - RETIRO DE LOTE “MEDICAMENTO DE CALIDAD SUBESTÁNDAR” FIBRA VENET SABORIZADA POLVO GRANULADO,24-12-2025,Bolivia,AGEMED,,,044/2025 - RETIRO DE LOTE “MEDICAMENTO DE CALIDAD SUBESTÁNDAR” FIBRA VENET SABORIZADA POLVO GRANULADO
https://www.argentina.gob.ar/noticias/anmat-advierte-sobre-lentes-de-contacto-de-fantasia-sin-registro-sanitario-0,ANMAT advierte sobre lentes de contacto de fantasía sin registro sanitario,30-12-2025 15:13,Argentina,ANMAT,,,"ANMAT advierte sobre lentes de contacto de fantasía sin registro sanitario. La causa es la ausencia de registro ante ANMAT, lo que representa un riesgo para la salud de la población."
https://www.argentina.gob.ar/noticias/retiro-del-mercado-de-un-lote-de-solucion-ringer-lactato-rigecin-0,Retiro del mercado de un lote de solución RINGER LACTATO RIGECIN,30-12-2025 18:01,Argentina,ANMAT,,,Se retiró del mercado un lote de la solución RINGER LACTATO RIGECIN debido a una sospecha de desvío de calidad.
https://www.digemid.minsa.gob.pe/webDigemid/alertas-modificaciones/2025/modificaciones-n-18-2025/,MODIFICACIONES N° 18 – 2025 - Evaluación del Informe Periódico de seguridad de los productos farmacéuticos que contienen Paracetamol,31-12-2025 14:58:01,Perú,DIGEMID,,https://www.digemid.minsa.gob.pe/Archivos/Modificaciones/2025/M18-25_Paracetamol-.pdf,MODIFICACIONES N° 18 – 2025 - Evaluación del Informe Periódico de seguridad de los productos farmacéuticos que contienen Paracetamol
https://www.ispch.gob.cl/alerta/sistema-de-stent-autoexpandible-venoso-abre/,Sistema de stent autoexpandible venoso Abre™,05-01-2026 12:03:19,Chile,ISPCH,,,"El texto no contiene información sobre la causa de una alerta o modificación de un medicamento. Solo menciona un ""Sistema de stent autoexpandible venoso Abre™"" con una fecha futura (5 de enero de 2026), pero sin indicar ningún defecto, riesgo, error, retiro o cambio asociado."
https://www.ispch.gob.cl/alerta/nota-informativa-sobre-la-presencia-de-ranuras-en-formas-farmaceuticas-solidas-y-su-eventual-fraccionamiento/,NOTA INFORMATIVA: SOBRE LA PRESENCIA DE RANURAS EN FORMAS FARMACÉUTICAS SÓLIDAS Y SU EVENTUAL FRACCIONAMIENTO,05-01-2026 18:38:03,Chile,ISPCH,,,"El Instituto de Salud Pública de Chile emite una nota informativa sobre la presencia de ranuras en formas farmacéuticas sólidas y su eventual fraccionamiento, abordando un posible riesgo o cambio en el uso de medicamentos."
https://www.argentina.gob.ar/noticias/retiro-del-mercado-nestle-argentina-sa,Retiro del Mercado – NESTLÉ ARGENTINA S.A.,05-01-2026 17:15,Argentina,ANMAT,,,"NESTLÉ ARGENTINA S.A. retiró productos del mercado por la posible presencia de la toxina Cereulida, producida por *Bacillus cereus*, en una materia prima utilizada en su elaboración."
https://www.ispch.gob.cl/alerta/stent-y-sistema-introductor-mejorado-con-electro-cauterizacion-axios/,Stent y Sistema Introductor mejorado con Electro-cauterización AXIOS™.,06-01-2026 18:36:10,Chile,ISPCH,,,"El texto no contiene información sobre la causa de una alerta o modificación de un medicamento. Solo menciona un producto (""Stent y Sistema Introductor mejorado con Electrocauterización AXIOS™"") y una fecha futura (6 enero, 2026), sin indicar ningún motivo de defecto, riesgo, error, retiro o cambio."
https://www.argentina.gob.ar/noticias/anmat-advierte-sobre-tornillo-de-interferencia-bioabsorbible-stryker-falsificado,ANMAT advierte sobre tornillo de interferencia bioabsorbible Stryker falsificado,07-01-2026 18:24,Argentina,ANMAT,,,"ANMAT advierte sobre un tornillo de interferencia bioabsorbible Stryker falsificado, encontrado durante una inspección en San Miguel de Tucumán. El motivo principal es la falsificación del producto."
https://www.ispch.gob.cl/alerta/instrumentos-articulados-del-sistema-de-cirugia-asistida-por-robot-ras-hugo/,Instrumentos articulados del sistema de cirugía asistida por robot (RAS) Hugo™,08-01-2026 12:53:07,Chile,ISPCH,,,"El texto no contiene información sobre la causa de una alerta o modificación de un medicamento. Solo menciona ""Instrumentos articulados del sistema de cirugía asistida por robot (RAS) Hugo™"" con una fecha, pero sin indicar ningún defecto, riesgo, error, retiro o cambio."
https://www.ispch.gob.cl/alerta/alerta-de-retiro-del-mercado-n-37-25-del-producto-farmaceutico-metformina-clorhidrato-comprimidos-de-liberacion-prolongada-1000-mg/,ALERTA DE RETIRO DEL MERCADO N° 37/25 DEL PRODUCTO FARMACÉUTICO METFORMINA CLORHIDRATO COMPRIMIDOS DE LIBERACIÓN PROLONGADA 1000 mg,08-01-2026 13:59:13,Chile,ISPCH,,,"Alerta de retiro del mercado para Metformina Clorhidrato Comprimidos de Liberación Prolongada 1000 mg. El motivo principal es un retiro del mercado, sin especificar la causa subyacente del defecto o riesgo."
https://www.ispch.gob.cl/alerta/introductores-y-equipos-flexor-check-flo-y-equipos-de-acceso-hepatico-transyugular-rosch-uchida/,Introductores y equipos Flexor® Check-Flo® y equipos de acceso hepático transyugular Rösch-Uchida.,09-01-2026 13:18:47,Chile,ISPCH,,,"El texto no contiene información sobre la causa de una alerta o modificación de un medicamento. Solo presenta un menú de navegación y datos institucionales del Instituto de Salud Pública de Chile, mencionando ""Introductores y equipos Flexor® Check-Flo® y equipos de acceso hepático transyugular Rösch-Uchida"" sin contexto de alerta."
https://www.argentina.gob.ar/noticias/anmat-prohibe-dos-unidades-de-sistema-de-stent-de-la-firma-omnimedica-sa,ANMAT prohíbe dos unidades de Sistema de stent de la firma OMNIMEDICA S.A,12-01-2026 08:19,Argentina,ANMAT,,,"ANMAT prohíbe preventivamente dos unidades de ""Sistema de stent"" de OMNIMEDICA S.A. El motivo es el desconocimiento de sus condiciones de conservación y manipulación, lo que genera una alerta."
https://www.argentina.gob.ar/noticias/anmat-prohibe-todos-los-lotes-de-los-productos-de-la-firma-p-l-rivero-y-cia-sa-elaborados,ANMAT prohíbe todos los lotes de los productos de la firma P. L. RIVERO Y CIA. S.A.  elaborados en las instalaciones de LABORATORIOS SOLKOTAL S.A,12-01-2026 14:03,Argentina,ANMAT,,,ANMAT prohíbe todos los lotes de productos de P. L. RIVERO Y CIA. S.A. elaborados por LABORATORIOS SOLKOTAL S.A. El motivo es graves incumplimientos de Buenas Prácticas de Fabricación y falta de habilitación de este último como elaborador tercerista.
https://www.argentina.gob.ar/noticias/inmovilizacion-de-todos-los-lotes-de-danferane-iv-titularidad-de-la-firma-pl-rivero-y-cia,"Inmovilización de todos los lotes de DANFERANE IV, titularidad de la firma P.L. RIVERO y CIA S.A.",12-01-2026 17:16,Argentina,ANMAT,,,Se inmovilizan todos los lotes de DANFERANE IV (P.L. RIVERO y CIA S.A.) debido a una sospecha de incumplimiento.
https://www.digemid.minsa.gob.pe/webDigemid/alertas-modificaciones/2026/alerta-digemid-no-01-2026/,ALERTA DIGEMID Nº 01-2026 - RETIRO DEL MERCADO DE UN LOTE DE DISPOSITIVO MEDICO OBSERVADO POR RESULTADO CRÍTICO DE CONTROL DE CALIDAD. Productos: IBRANCE (palbociclib),13-01-2026 15:09:55,Perú,DIGEMID,,https://www.digemid.minsa.gob.pe/Archivos/Alertas/2026/ALERTA_01-26.pdf,"La Digemid alerta sobre el retiro del mercado del dispositivo médico ""I.V. CANNULA WITHOUT WINGS & WITHOUT INJECTION PORT, 18G, Marca CATH-TEC"", lote 230805, debido a un resultado crítico en el control de calidad: presenta lubricante visible como gotas de líquido en la superficie del catéter."
https://www.agemed.gob.bo/archivo_uso_racional/alertas/2026/internacional/002_2026.pdf,"N° 002/2026 - AAGEMED COMUNICA SOBRE EL RETIRO INTERNACIONAL DE UN LOTE DEL PRODUCTO ""NAN® SUPREME PRO2"" 

                                POR POSIBLE DESVIACIÓN DE CALIDAD",12-01-2026,Bolivia,AGEMED,,,"AGEMED emite una alerta internacional sobre el retiro voluntario del producto ""NAN® SUPREME PRO2"" (lote 52840742F2) debido a una posible desviación de calidad, con el fin de prevenir afecciones a la salud."
https://www.agemed.gob.bo/archivo_uso_racional/alertas/2026/internacional/001_2026.pdf,"N° 001/2026 - AGEMED COMUNICA EL RETIRO INTERNACIONAL DE LOTES DE LOS PRODUCTOS ""NAN® OPTIPRO 1"" Y ""ALFAMINO ®""",12-01-2026,Bolivia,AGEMED,,,"AGEMED alerta sobre el retiro internacional de lotes de ""NAN® OPTIPRO 1"" y ""ALFAMINO®"" debido a la posible presencia de la toxina Cereulida, producida por Bacillus cereus, detectada en una materia prima, causando síndromes emético y diarreico."
http://antigo.anvisa.gov.br/informacoes-tecnicas13?p_p_id=101_INSTANCE_R6VaZWsQDDzS&p_p_col_id=column-1&p_p_col_count=1&_101_INSTANCE_R6VaZWsQDDzS_groupId=33868&_101_INSTANCE_R6VaZWsQDDzS_urlTitle=alerta-5105-tecnovigilancia-comunicado-da-empresa-biofarmaceutica-produtos-medico-hospitalares-ltda-sonda-uretral-n-04-n-06-n-08-n-10-n-12-n-14-n-16-n&_101_INSTANCE_R6VaZWsQDDzS_struts_action=%2Fasset_publisher%2Fview_content&_101_INSTANCE_R6VaZWsQDDzS_assetEntryId=7192678&_101_INSTANCE_R6VaZWsQDDzS_type=content,Alerta 5105 (Tecnovigilância) - Comunicado da empresa Biofarmacêutica Produtos Médico-Hospitalares Ltda - Sonda Uretral (Nº 04; Nº 06; Nº 08; Nº 10; Nº 12; Nº 14; Nº 16; Nº 18; Nº 20; Nº 22; Nº 24).,14-01-2026 11:47,Brasil,ANVISA,,,"La alerta de Tecnovigilancia 5105 se emite por un defecto en la Sonda Uretral (Nº 06) de Biofarmacêutica, cuyo tubo presenta un diámetro mayor al estándar, pudiendo causar trauma uretral. Se ha iniciado un retiro del producto."
http://antigo.anvisa.gov.br/informacoes-tecnicas13?p_p_id=101_INSTANCE_R6VaZWsQDDzS&p_p_col_id=column-1&p_p_col_count=1&_101_INSTANCE_R6VaZWsQDDzS_groupId=33868&_101_INSTANCE_R6VaZWsQDDzS_urlTitle=alerta-5106-tecnovigilancia-comunicado-da-empresa-auto-suture-do-brasil-ltda-comunicador-10349000941-neuroestimulador-vanta-10349001287-&_101_INSTANCE_R6VaZWsQDDzS_struts_action=%2Fasset_publisher%2Fview_content&_101_INSTANCE_R6VaZWsQDDzS_assetEntryId=7192761&_101_INSTANCE_R6VaZWsQDDzS_type=content,Alerta 5106 (Tecnovigilância) - Comunicado da empresa Auto Suture do Brasil LTDA - Comunicador (10349000941); Neuroestimulador Vanta (10349001287).,14-01-2026 15:06,Brasil,ANVISA,,,"La alerta se debe a un problema de software en el Neuroestimulador Vanta (Medtronic) y su Comunicador. Al presionar ""Iniciar utilización"" más de una vez durante la programación inicial, surge un error que puede causar retrasos quirúrgicos."
https://www.digemid.minsa.gob.pe/webDigemid/alertas-modificaciones/2026/alerta-digemid-no-03-2026/,ALERTA DIGEMID Nº 03-2026 - RIESGO DE MENINGIOMA ASOCIADO AL USO DE ALGUNAS PROGESTINAS. Productos: PROGESTINAS,14-01-2026 20:31:48,Perú,DIGEMID,,https://www.digemid.minsa.gob.pe/Archivos/Alertas/2026/ALERTA_03-26.pdf,"La Digemid alerta sobre un riesgo de meningioma asociado al uso de progestinas como Ciproterona, Nomegestrol, Medroxiprogesterona, Didrogesterona y Clormadinona. El motivo es la actualización de información de seguridad por agencias reguladoras, que vincula estos productos con el desarrollo de meningiomas."
https://www.digemid.minsa.gob.pe/webDigemid/alertas-modificaciones/2026/alerta-digemid-no-02-2026/,ALERTA DIGEMID Nº 02-2026 - RIESGO DE TRASTORNOS OCULARES CON EL USO DE SOLUCIONES DE CLORHEXIDINA 2% y 4%. Productos: SOLUCIONES DE CLORHEXIDINA,14-01-2026 20:30:00,Perú,DIGEMID,,https://www.digemid.minsa.gob.pe/Archivos/Alertas/2026/ALERTA_02-26.pdf,"La Digemid actualiza la ficha técnica de soluciones de Clorhexidina 2% y 4% debido a reportes de trastornos oculares graves, incluyendo abrasión corneal y ceguera, por exposición accidental durante su uso como antiséptico tópico."
https://www.digemid.minsa.gob.pe/webDigemid/alertas-modificaciones/2026/alerta-digemid-no-04-2026/,ALERTA DIGEMID Nº 04-2026 - PARACETAMOL Y RIESGO DE ACIDOSIS METABÓLICA CON DESEQUILIBRIO ANIÓNICO ALTO (AMDAA). Productos: PARACETAMOL,14-01-2026 20:34:36,Perú,DIGEMID,,https://www.digemid.minsa.gob.pe/Archivos/Alertas/2026/ALERTA_04-26.pdf,"Digemid actualiza la ficha técnica del Paracetamol debido al riesgo de acidosis metabólica con desequilibrio aniónico alto (AMDAA). Este riesgo se asocia al uso prolongado o combinado con flucloxacilina, especialmente en pacientes con insuficiencia renal grave, sepsis, desnutrición o alcoholismo crónico."
https://www.argentina.gob.ar/noticias/retiro-del-mercado-de-un-lote-del-producto-solucion-ringer-con-lactato-inyectable-tecsolpar,Retiro del mercado de un lote del producto SOLUCIÓN RINGER CON LACTATO INYECTABLE TECSOLPAR,14-01-2026 18:30,Argentina,ANMAT,,,"Se retiró del mercado un lote de SOLUCIÓN RINGER CON LACTATO INYECTABLE TECSOLPAR debido a que el producto está fuera de especificación en el ensayo de aspecto, indicando un defecto de calidad."
https://www.argentina.gob.ar/noticias/anmat-prohibe-el-uso-y-la-comercializacion-de-diversos-productos-cosmeticos-0,ANMAT prohíbe el uso y la comercialización de diversos productos cosméticos,15-01-2026 08:11,Argentina,ANMAT,,,"ANMAT prohíbe el uso y comercialización de diversos productos cosméticos. La causa es que son productos ilegítimos, no inscriptos ante la Administración Nacional, lo que constituye un riesgo para la salud pública."
https://www.argentina.gob.ar/noticias/anmat-inhibe-las-actividades-productivas-de-la-firma-ladece-sa,ANMAT inhibe las actividades productivas de la firma LADECE S.A.,15-01-2026 08:28,Argentina,ANMAT,,,"ANMAT prohíbe las actividades productivas de LADECE S.A. y varios de sus medicamentos, debido a que estos productos no se encuentran autorizados por la Administración Nacional."
https://www.argentina.gob.ar/noticias/anmat-prohibe-todos-los-lotes-del-medicamento-danferane-iv,ANMAT prohíbe todos los lotes del medicamento DANFERANE I.V.,15-01-2026 08:18,Argentina,ANMAT,,,ANMAT prohíbe todos los lotes de DANFERANE I.V. debido a la ausencia de registros de elaboración y condiciones inaceptables de Buenas Prácticas de Fabricación en Laboratorios SOLKOTAL S.A.
https://app.invima.gov.co/alertas/ckfinder/userfiles/files/ALERTAS%20SANITARIAS/medicamentos_pbiologicos/2026/ENERO/Alerta%20No%23414%20-%202025%20%20-%20HAIR%20GROWTH%20C%C3%81PSULAS%20DE%20LA%20MARCA%20RAINBOW%20NUTRIENTS.pdf,Alerta Sanitaria sobre: HAIR GROWTH CÁPSULAS DE LA MARCA RAINBOW NUTRIENTS,15-01-2026,Colombia,INVIMA,,,"El Invima alerta sobre la comercialización ilegal de ""HAIR GROWTH CÁPSULAS DE LA MARCA RAINBOW NUTRIENTS"". El producto es fraudulento porque carece de registro sanitario, no garantizando calidad, seguridad ni eficacia, y representa un riesgo para la salud."
https://app.invima.gov.co/alertas/ckfinder/userfiles/files/ALERTAS%20SANITARIAS/medicamentos_pbiologicos/2026/ENERO/Alerta%20No%23%20408%20-%202025.pdf,Alerta Sanitaria sobre: NERVIOS CIATICA AMPOLLA Y ARTRIN FORTEN CÁPSULAS,15-01-2026,Colombia,INVIMA,,,"El Invima alerta sobre la comercialización ilegal de NERVIOS CIATICA ampolla y ARTRIN FORTEN cápsulas. La causa es que ambos productos son fraudulentos, carecen de registro sanitario vigente y no ofrecen garantías de calidad, seguridad y eficacia, representando un riesgo para la salud."
https://app.invima.gov.co/alertas/ckfinder/userfiles/files/ALERTAS%20SANITARIAS/Dispositivos_Medicos/2025/DICIEMBRE/Alerta%20No_%20%23423-2025%20-%20SISTEMA%20PARA%20AN%C3%81LISIS%20Y%20PLANEACI%C3%93N%20DE%20TERAPIA%20DE%20RADIACI%C3%93N%20Y%20QUIMIOTERAPIA%20__%20RAYSTATION%209%2C1%209B%2C%2011A%20.pdf,"Alerta sanitaria sobre: SISTEMA PARA ANÁLISIS Y PLANEACIÓN DE TERAPIA DE  RADIACIÓN Y QUIMIOTERAPIA // RAYSTATION 9,1 9B, 11A",16-01-2026,Colombia,INVIMA,,,"Alerta por el sistema RAYSTATION (versiones 9,1 9B, 11A) de análisis y planeación de terapia de radiación. El motivo es un defecto de software que impide la invalidación correcta de la dosis de radiación calculada para ciertas Regiones de Interés sin contornos definidos, pudiendo aprobarse planes de tratamiento con dosis inconsistentes."
https://app.invima.gov.co/alertas/ckfinder/userfiles/files/ALERTAS%20SANITARIAS/Dispositivos_Medicos/2025/DICIEMBRE/Alerta%20No_%20%23422-2025%20-%20SAGINOVA%20EQUIPO%20DE%20CARGA%20DIFERIDA%20DE%20ALTA%20TASA%20DE%20DOSIS%20CON%20FUENTES%20RADIACTIVOS%2C%20APLICADORES%2C%20AGUJAS%2C%20CAT%C3%89TERES%2C%20SISTEMA%20DE%20PLANIFICACI%C3%93N%20DE%20TRATAMIENTO%20Y%20OTROS%20ACCESORIOS%20DE%20BRAQUITERAPIA_%20_.pdf,"Alerta sanitaria sobre: SAGINOVA EQUIPO DE CARGA DIFERIDA DE ALTA TASA DE DOSIS  CON FUENTES RADIACTIVOS, APLICADORES, AGUJAS, CATÉTERES, SISTEMA DE  PLANIFICACIÓN DE TRATAMIENTO Y OTROS ACCESORIOS DE BRAQUITERAPIA. /  SAGINOVA EQUIPO PARA BRAQUITERAPIA",30-12-2025,Colombia,INVIMA,,,"Alerta sanitaria por el equipo de braquiterapia SAGINOVA. El motivo es el riesgo de desconexiones no intencionadas entre el tubo de transferencia LAF1000 y la aguja LLA210-S, lo que puede causar que la fuente radiactiva salga del canal de tratamiento y lesione al paciente."
https://www.ispch.gob.cl/wp-content/uploads/2026/01/Alerta-037-25.pdf,ALERTA DE RETIRO DEL MERCADO N° 37/25 DEL PRODUCTO FARMACÉUTICO METFORMINA CLORHIDRATO COMPRIMIDOS DE LIBERACIÓN PROLONGADA 1000 mg,08-01-2026 13:59:13,Chile,ISPCH,,,Se retira voluntariamente del mercado el producto METFORMINA CLORHIDRATO COMPRIMIDOS DE LIBERACIÓN PROLONGADA 1000 mg (serie E2536) debido a la detección de un elemento extraño en un alvéolo de un blíster.
https://www.ispch.gob.cl/wp-content/uploads/2026/01/DD_4193589_260105_P.pdf,NOTA INFORMATIVA SOBRE LA PRESENCIA DE RANURAS EN FORMAS FARMACÉUTICAS SÓLIDAS Y SU EVENTUAL FRACCIONAMIENTO,05-01-2026 18:38:03,Chile,ISPCH,,,"El Instituto de Salud Pública alerta que la ranura en comprimidos no autoriza su fraccionamiento para ajustar dosis, a menos que el titular del registro haya realizado estudios específicos. La manipulación sin respaldo técnico puede comprometer la eficacia y seguridad del medicamento."
https://www.ispch.gob.cl/wp-content/uploads/2025/12/NOTA-INFORMATIVA-AUTOBRONCEANTES-ORALES.pdf,“BRONCEADO SIN SOL”: ORIENTACIÓN DEL ISP SOBRE LOS AUTOBRONCEANTES ORALES,17-12-2025 11:20:14,Chile,ISPCH,,,"El ISP alerta sobre los autobronceantes orales (""tanning pills"") porque no cuentan con respaldo sanitario ni autorización, y su uso se asocia a riesgos para la salud como daño ocular, toxicidad hepática y reacciones digestivas."
https://www.ispch.gob.cl/wp-content/uploads/2025/12/DD_3998037_251215_P.pdf,NOTA INFORMATIVA DE FARMACOVIGILANCIA. BOTULISMO IATROGÉNICO: RIESGOS ASOCIADOS AL USO DE TOXINA BOTULÍNICA,15-12-2025 18:25:13,Chile,ISPCH,,,"El Instituto de Salud Pública de Chile alerta sobre el riesgo de botulismo iatrogénico asociado al uso de toxina botulínica. La causa principal es el uso de productos falsificados, la administración de dosis excesivas o la aplicación por personal no certificado, lo que puede generar parálisis muscular, disfagia y dificultad respiratoria."
https://www.ispch.gob.cl/wp-content/uploads/2025/12/DD_3842766_251209_P.pdf,NOTA INFORMATIVA: TERAPIAS AVANZADAS INNOVACIÓN Y REGULACIÓN,12-12-2025 13:05:16,Chile,ISPCH,,,"El Instituto de Salud Pública de Chile (ISP) alerta sobre la proliferación de tratamientos de terapias avanzadas (terapia génica, celular, ingeniería de tejidos) no regulados ni validados científicamente en Chile. Estos productos, promocionados para diversas condiciones, carecen de respaldo clínico y registro sanitario, implicando riesgos importantes para la salud."
https://www.ispch.gob.cl/wp-content/uploads/2025/12/ALERTA-COSMETICA-SPC-03.pdf,"RETIRO DEL MERCADO N°3/2025 DE PRODUCTOS CON FINALIDAD ESMALTE DE UÑAS, QUE EN SU FÓRMULA CONTIENEN EL INGREDIENTE DIMETHYLTOLYLAMINE",04-12-2025 18:19:18,Chile,ISPCH,,,"Alerta cosmética sobre el producto FLOWER SECRET. El motivo principal de la alerta es la falta de información en el texto proporcionado, impidiendo determinar la causa específica."
https://www.ispch.gob.cl/wp-content/uploads/2025/12/DD_3920095_251201_P.pdf,NOTA INFORMATIVA DE FARMACOVIGILANCIA LEUPRORELINA: CAMBIOS METABÓLICOS Y REACCIONES ADVERSAS CUTÁNEAS GRAVES,01-12-2025 14:10:32,Chile,ISPCH,,,"El ISP alerta sobre el producto leuprorelina (ELIGARD) debido a la identificación de nuevos efectos adversos graves: cambios metabólicos, incluyendo hígado graso, y reacciones cutáneas graves como el síndrome de Stevens-Johnson y necrólisis epidérmica tóxica."
https://www.ispch.gob.cl/wp-content/uploads/2025/11/Alerta-Retiro-34-25-Firmada-corregida.pdf,ALERTA DE RETIRO DEL MERCADO N° 34/25 DEL PRODUCTO FARMACÉUTICO MIVACRON SOLUCIÓN INYECTABLE 10 mg/5 mL DE ASPEN CHILE S.A.,27-11-2025 12:10:26,Chile,ISPCH,,,Se retira del mercado MIVACRON SOLUCIÓN INYECTABLE 10 mg/5 mL (serie XP1T1) debido a una disminución en la efectividad del sistema de detección de partículas durante la inspección visual de ampollas en lotes de otro producto con procesos de fabricación similares.
https://www.ispch.gob.cl/wp-content/uploads/2025/11/Nota-informativa-vacunas-y-autismo.pdf,EVIDENCIA CIENTÍFICA SOBRE EL MITO DE VACUNAS Y AUTISMO: COMUNICADO DEL INSTITUTO DE SALUD PÚBLICA,21-11-2025 21:49:30,Chile,ISPCH,,,"El texto no describe una alerta o modificación de un medicamento. En cambio, es un comunicado del Instituto de Salud Pública que refuta la afirmación de que las vacunas infantiles causan autismo, aclarando que no existe evidencia científica robusta que demuestre tal vínculo."
https://www.ispch.gob.cl/wp-content/uploads/2025/11/Alerta-Retiro-Mercado-Difem-N°36-25.docx-.pdf,ALERTA DE RETIRO DEL MERCADO N° 36/25 DEL PRODUCTO FARMACÉUTICO POVISEPT SOLUCIÓN TÓPICA 10% (POLIVIDONA YODADA) DE DIFEM LABORATORIOS S.A.,21-11-2025 11:56:00,Chile,ISPCH,,,Se retira voluntariamente del mercado el producto POVISEPT SOLUCIÓN TÓPICA 10% (POLIVIDONA YODADA) de Difem Laboratorios S.A. debido a la posible existencia de unidades sin etiquetado.
https://www.ispch.gob.cl/wp-content/uploads/2026/01/1.-Alerta-N°001-26-Publicacion.pdf,25GA Laser Probe MaxReach; 25GA I.D.D. Internal Delivery Device; I2 Injection Kit,14-01-2026 19:18:59,Chile,ISPCH,,,"Se emite una alerta de retiro del mercado para las unidades de vitrectomía ""25G Laser Probe MaxReach"", ""25G I.I.I. Internal Delivery Device"" y ""I2 Injection Kit"". El motivo es la posibilidad de vacíos en el sellado de las bolsas Tyvek, lo que compromete su esterilidad y podría causar infecciones."
https://www.ispch.gob.cl/wp-content/uploads/2026/01/1.-Alerta-N°977-25-Publicacion.pdf,Sistemas Azurion R2.1.10 y R2.2.10,14-01-2026 19:17:51,Chile,ISPCH,,,"Alerta de seguridad para los Sistemas Azurion R2.1.10 y R2.2.10 de Philips, debido a defectos que pueden causar pérdida de adquisición de imágenes (rayos X), movimiento motorizado, contenido incorrecto o pérdida de datos."
https://www.ispch.gob.cl/wp-content/uploads/2026/01/1.-Alerta-N°973-25-Publicacion.pdf,Sistemas Azurion R3.0,14-01-2026 19:09:47,Chile,ISPCH,,,"Alerta de seguridad para los sistemas radiográficos/fluoroscópicos Azurion R3.0 de Philips, debido a posibles problemas como pérdida de función de adquisición de imágenes, movimiento motorizado, interrupción de tratamiento, datos incorrectos o contenido de imagen erróneo."
https://www.ispch.gob.cl/wp-content/uploads/2026/01/1.-Alerta-N°921-25-Publicacion.pdf,Sistemas Philips Incisive CT y CT 5300,14-01-2026 19:08:23,Chile,ISPCH,,,"El Instituto de Salud Pública de Chile emite una alerta de seguridad para los sistemas de tomografía computarizada Philips Incisive CT y CT 5300, debido a un defecto que puede detener el movimiento motorizado de la mesa durante una exploración. Esto podría resultar en radiación adicional para el paciente o imágenes diagnósticas insuficientes."
https://www.ispch.gob.cl/wp-content/uploads/2026/01/1.-Alerta-N°889-25-Publicacion.pdf,"Sistemas de medicina nuclear de GE HealthCare: Elscint, Maxicam, Millenium, Optima NX, Sopha, Medical Vision (SMV) y Starcam/Camstar",14-01-2026 19:07:13,Chile,ISPCH,,,"Se emite una alerta de cese de utilización para los ""Sistemas de medicina nuclear de GE Healthcare"" (varios modelos), debido a un riesgo de caída del detector. Esto se debe a que superaron su fin de servicio garantizado y pudieron ser transportados o reubicados sin el soporte adecuado, comprometiendo su integridad."
https://www.ispch.gob.cl/wp-content/uploads/2026/01/1.-Alerta-N°846-25-Retiro-del-mercado.pdf,TEST INMUNOCROMATOGRAFICO DE CHAGAS 20 DET,14-01-2026 19:06:16,Chile,ISPCH,,,"Se retira del mercado el dispositivo médico ""TEST INMUNOCROMATOGRÁFICO HAGAS 20 T"" debido a una señal débil positiva en los controles, lo que podría generar falsos negativos o retraso en el diagnóstico de Trypanosoma cruzi."
https://www.ispch.gob.cl/wp-content/uploads/2026/01/1.-Alerta-N°713-25-Publicacion.pdf,Sistemas de Rayos X Philips Allura Xper y Allura CV20 que incluyen en su configuración un Geo PC del modelo Wolfdale (generación Q35),14-01-2026 19:05:19,Chile,ISPCH,,,"El Instituto de Salud Pública de Chile emite una alerta de seguridad para los sistemas de Rayos X Philips Allura Xper y Allura CV20 (modelo Wolfdale, generación Q35). El motivo es un posible deterioro que podría inhabilitar los movimientos motorizados del sistema, retrasando la terapia del paciente."
https://www.ispch.gob.cl/wp-content/uploads/2026/01/1.-Alerta-N°712-25-Publicacion.pdf,"Sistemas de Rayos X Philips Allura Xper, Allura CV20 y Allura Centron.",14-01-2026 18:58:02,Chile,ISPCH,,,"Alerta de seguridad para los sistemas de Rayos X Philips Allura Xper, Allura CV20 y Allura Centron. El motivo es que la batería del BIOS puede agotarse más rápido de lo previsto, dejando el sistema no disponible y causando un posible retraso en la terapia."
https://www.ispch.gob.cl/wp-content/uploads/2026/01/1.-Alerta-N°906-25-Publicacion.pdf,Introductores y equipos Flexor® Check-Flo® y equipos de acceso hepático transyugular Rösch-Uchida.,09-01-2026 13:18:47,Chile,ISPCH,,,Introductores y equipos Flexor® Check-Flo® y equipos de acceso hepático transyugular Rösch-Uchida.
https://www.ispch.gob.cl/wp-content/uploads/2026/01/1.-Alerta-N°930-25-Publicacion.pdf,Instrumentos articulados del sistema de cirugía asistida por robot (RAS) Hugo™,08-01-2026 12:53:07,Chile,ISPCH,,,Instrumentos articulados del sistema de cirugía asistida por robot (RAS) Hugo™
https://www.ispch.gob.cl/wp-content/uploads/2021/09/Scan30-10-2020-164840.pdf,Cápsula Sanitizante Ozono 3000mg,27-09-2021 17:22:14,Chile,ISPCH,,,Cápsula Sanitizante Ozono 3000mg
http://antigo.anvisa.gov.br/informacoes-tecnicas13?p_p_id=101_INSTANCE_R6VaZWsQDDzS&p_p_col_id=column-1&p_p_col_count=1&_101_INSTANCE_R6VaZWsQDDzS_groupId=33868&_101_INSTANCE_R6VaZWsQDDzS_urlTitle=alerta-5107-tecnovigilancia-comunicado-da-empresa-roche-diagnostica-brasil-ltda-familia-cobas-pro-&_101_INSTANCE_R6VaZWsQDDzS_struts_action=%2Fasset_publisher%2Fview_content&_101_INSTANCE_R6VaZWsQDDzS_assetEntryId=7193937&_101_INSTANCE_R6VaZWsQDDzS_type=content,Alerta 5107 (Tecnovigilância) - Comunicado da empresa Roche Diagnóstica Brasil Ltda - Família Cobas Pro.,16-01-2026 10:20,Brasil,ANVISA,,,"El instrumento Cobas c 703 (Familia Cobas Pro) presenta un defecto de deterioro prematuro en la tubería de las unidades de lavado de la célula de reacción, causando microperforaciones y posibles resultados de pruebas incorrectos."
http://antigo.anvisa.gov.br/informacoes-tecnicas13?p_p_id=101_INSTANCE_R6VaZWsQDDzS&p_p_col_id=column-1&p_p_col_count=1&_101_INSTANCE_R6VaZWsQDDzS_groupId=33868&_101_INSTANCE_R6VaZWsQDDzS_urlTitle=alerta-5108-tecnovigilancia-comunicado-da-empresa-olympus-optical-do-brasil-ltda-faca-eletrocirurgica-descartavel-olympus-&_101_INSTANCE_R6VaZWsQDDzS_struts_action=%2Fasset_publisher%2Fview_content&_101_INSTANCE_R6VaZWsQDDzS_assetEntryId=7193998&_101_INSTANCE_R6VaZWsQDDzS_type=content,Alerta 5108 (Tecnovigilância) - Comunicado da empresa Olympus Optical do Brasil Ltda - Faca Eletrocirúrgica Descartável Olympus.,16-01-2026 11:28,Brasil,ANVISA,,,Alerta 5108 (Tecnovigilância) - Comunicado da empresa Olympus Optical do Brasil Ltda - Faca Eletrocirúrgica Descartável Olympus.
https://app.invima.gov.co/alertas/ckfinder/userfiles/files/ALERTAS%20SANITARIAS/Dispositivos_Medicos/2026/Enero/Alerta%20No_%20%23411-2025%20-%20ASSERACHROM%20HPIA%20.pdf,Alerta sanitaria sobre: ASSERACHROM HPIA,16-01-2026,Colombia,INVIMA,,,Alerta por el producto ASSERACHROM HPIA (lote 271288) debido a un defecto de color en el Reactivo 1. Este defecto provoca resultados negativos erróneos en las tiras afectadas.
http://antigo.anvisa.gov.br/informacoes-tecnicas13?p_p_id=101_INSTANCE_R6VaZWsQDDzS&p_p_col_id=column-1&p_p_col_count=1&_101_INSTANCE_R6VaZWsQDDzS_groupId=33868&_101_INSTANCE_R6VaZWsQDDzS_urlTitle=alerta-5109-tecnovigilancia-comunicado-da-empresa-white-martins-gases-industriais-ltda-sistema-de-entrega-de-oxido-nitrico-ino-&_101_INSTANCE_R6VaZWsQDDzS_struts_action=%2Fasset_publisher%2Fview_content&_101_INSTANCE_R6VaZWsQDDzS_assetEntryId=7194093&_101_INSTANCE_R6VaZWsQDDzS_type=content,Alerta 5109 (Tecnovigilância) - Comunicado da empresa White Martins Gases Industriais Ltda - Sistema de Entrega de Óxido Nítrico (INO).,16-01-2026 14:33,Brasil,ANVISA,,,"La alerta se emite por el Sistema de Entrega de Óxido Nítrico (INO) NOxBOXi + NOxMixer, debido a un defecto de software. El presionar botones rápidamente puede causar la reinicialización del sistema, interrumpiendo la terapia del paciente y generando riesgos graves."
https://www.argentina.gob.ar/noticias/retiro-del-mercado-de-todos-los-lotes-de-solucion-ringer-lactato-rigecin,Retiro del mercado de todos los lotes de Solución Ringer Lactato RIGECIN,16-01-2026 17:29,Argentina,ANMAT,,,Retiro de Solución Ringer Lactato RIGECIN del mercado debido a desvíos de calidad por contaminación microbiológica detectada en todos sus lotes.
https://www.argentina.gob.ar/noticias/anmat-prohibe-el-uso-y-la-comercializacion-del-producto-blonde-curls-moisturizing-silver,ANMAT prohíbe el uso y la comercialización del producto “BLONDE CURLS - MOISTURIZING SILVER CONDITIONER MARCA CURL GIRL”,19-01-2026 08:57,Argentina,ANMAT,,,"ANMAT prohíbe el acondicionador ""BLONDE CURLS - MOISTURIZING SILVER CONDITIONER MARCA CURL GIRL"" por comercializarse sin datos de identificación y contener ingredientes prohibidos por la normativa vigente."
https://app.invima.gov.co/alertas/ckfinder/userfiles/files/ALERTAS%20SANITARIAS/medicamentos_pbiologicos/2026/ENERO/Alerta%20No%23426%20-%202025%20-%20.pdf,Alerta Sanitaria sobre: Productos fraudulentos de marca Vida Divina,19-01-2026,Colombia,INVIMA,,,"El Invima alerta sobre productos fraudulentos de la marca Vida Divina (Atom, Chaga, Brain, Cordy, Eterno) que se comercializan ilegalmente. La causa es la **ausencia de registro sanitario**, lo que implica falta de garantías de calidad, seguridad y eficacia, representando un riesgo para la salud."
https://www.ispch.gob.cl/wp-content/uploads/2026/01/Alerta-N°018-26-Nota-informativa.pdf,Guantes de látex marca CleanCarrier®,19-01-2026 18:48:17,Chile,ISPCH,,,"El Instituto de Salud Pública de Chile alerta sobre la comercialización de ""Guantes de Látex Clean Barrier"", fabricados por SRI TRANG GLOVES, sin el registro sanitario ni verificación de conformidad obligatorios, incumpliendo la normativa vigente."
https://app.invima.gov.co/alertas/ckfinder/userfiles/files/ALERTAS%20SANITARIAS/medicamentos_pbiologicos/2026/ENERO/Alerta%20No%23425-2025%20-%20PRODUCTOS%20FRAUDULENTOS%20DE%20LA%20MARCA%20ORGANIKO%20%20(1).pdf,Alerta Sanitaria sobre : PRODUCTOS FRAUDULENTOS DE LA MARCA ORGANIKO,19-01-2026,Colombia,INVIMA,,,"El Invima alerta sobre la comercialización ilegal de productos de la marca ORGANIKO (Felicidad, Butterfly, Female Essence, Natural Derma, Nutrición Celular, Sauna Uterino, Mezclas Hernales Cíclicas, Derma Clean) por ser fraudulentos, carecer de registro sanitario y no tener soportes de eficacia, seguridad y calidad."
https://www.agemed.gob.bo/archivo_uso_racional/alertas/2026/internacional/004_2026.pdf,N° 004/2026 - AGEMED COMUNICA EL RETIRO DE VARIOS LOTES DE SOLUCIÓN MOLAR DE BICARBONATO DE SODIO INYECTABLE,15-01-2026,Bolivia,AGEMED,,,"AGEMED comunica el retiro de varios lotes de ""Solución Molar de Bicarbonato de Sodio Inyectable Rigecin"" debido a un desvío de calidad. Se detectó pH fuera de especificación y envases en sistema abierto que no cumplen la normativa vigente."
https://www.agemed.gob.bo/archivo_uso_racional/alertas/2026/internacional/003_2026.pdf,N° 003/2026 - AGEMED COMUNICA LA PRESENCIA DE AGLOMERADOS EN EL PRODUCTO LIPIDEM DE LA FIRMA B. BRAUN MEDICAL S.A.,15-01-2026,Bolivia,AGEMED,,,"La alerta se debe a la presencia de aglomerados similares a gotas en el producto LIPIDEM (emulsión inyectable para perfusión I.V.), lote 242528081, fabricado por B. Braun Medical S.A. Estos aglomerados, detectados en estudios de estabilidad, podrían causar embolias si se administran intravenosamente."
https://www.argentina.gob.ar/noticias/anmat-dispone-la-baja-de-habilitacion-de-varios-establecimientos-de-medicamentos-y,ANMAT dispone la baja de habilitación de varios establecimientos de medicamentos y especialidades medicinales,20-01-2026 08:05,Argentina,ANMAT,,,ANMAT dio de baja la habilitación de varias droguerías debido a que su Certificado de Buenas Prácticas de Distribución de Medicamentos se encuentra vencido.
http://antigo.anvisa.gov.br/informacoes-tecnicas13?p_p_id=101_INSTANCE_R6VaZWsQDDzS&p_p_col_id=column-1&p_p_col_count=1&_101_INSTANCE_R6VaZWsQDDzS_groupId=33868&_101_INSTANCE_R6VaZWsQDDzS_urlTitle=alerta-5110-tecnovigilancia-comunicado-da-empresa-advagen-biotech-ltda-familia-de-meios-de-cultura-inovatech-&_101_INSTANCE_R6VaZWsQDDzS_struts_action=%2Fasset_publisher%2Fview_content&_101_INSTANCE_R6VaZWsQDDzS_assetEntryId=7196344&_101_INSTANCE_R6VaZWsQDDzS_type=content,Alerta 5110 (Tecnovigilância) - Comunicado da empresa Advagen Biotech Ltda - Família de Meios de Cultura Inovatech.,20-01-2026 10:01,Brasil,ANVISA,,,"El Alerta 5110 se emite por el producto ""Meio de Cultura de Agar Cromogênico VRE"" (lote 25384-02) de Advagen Biotech, debido a una no conformidad en su desempeño. Presentó un defecto al no realizar la reacción cromogênica esperada, generando riesgo de interpretación en el diagnóstico."
http://antigo.anvisa.gov.br/informacoes-tecnicas13?p_p_id=101_INSTANCE_R6VaZWsQDDzS&p_p_col_id=column-1&p_p_col_count=1&_101_INSTANCE_R6VaZWsQDDzS_groupId=33868&_101_INSTANCE_R6VaZWsQDDzS_urlTitle=alerta-5111-tecnovigilancia-comunicado-da-empresa-canada-central-de-negocios-do-brasil-ltda-pressio-2-&_101_INSTANCE_R6VaZWsQDDzS_struts_action=%2Fasset_publisher%2Fview_content&_101_INSTANCE_R6VaZWsQDDzS_assetEntryId=7196388&_101_INSTANCE_R6VaZWsQDDzS_type=content,Alerta 5111 (Tecnovigilância) - Comunicado da empresa Canada Central de Negócios do Brasil Ltda - Pressio 2.,20-01-2026 10:51,Brasil,ANVISA,,,"El monitor de presión intracraniana Pressio 2 (modelo PSO-4000) presenta un defecto de software que causa reinicios inesperados y corrupción de la memoria del catéter, afectando la visualización de parámetros y la transferencia de datos históricos."
https://app.invima.gov.co/alertas/ckfinder/userfiles/files/ALERTAS%20SANITARIAS/medicamentos_pbiologicos/2026/ENERO/Alerta%20No%23427%20-%202025%20-%20IBUTATECH%20(IBUTAMOREN%20MK-677%2012%20MG)%20DE%20LA%20MARCA%20SCIENCETECH%20PHARMA.pdf,Alerta Sanitaria Sobre : IBUTATECH (IBUTAMOREN MK-677 12 MG) DE LA MARCA SCIENCETECH PHARMA,20-01-2026,Colombia,INVIMA,,,"El Invima alerta sobre la comercialización ilegal del producto IBUTATECH (Ibutamoren MK-677 12 mg) de SCIENCETECH PHARMA. La causa es que es fraudulento, no cuenta con registro sanitario y representa riesgos para la salud al desconocerse su contenido, calidad y seguridad."
http://antigo.anvisa.gov.br/informacoes-tecnicas13?p_p_id=101_INSTANCE_R6VaZWsQDDzS&p_p_col_id=column-1&p_p_col_count=1&_101_INSTANCE_R6VaZWsQDDzS_groupId=33868&_101_INSTANCE_R6VaZWsQDDzS_urlTitle=alerta-5112-tecnovigilancia-comunicado-da-empresa-boston-scientific-do-brasil-ltda-hot-axiostm-sistema-de-stent-e-introdutor-aperfeicoado-para-eletroc&_101_INSTANCE_R6VaZWsQDDzS_struts_action=%2Fasset_publisher%2Fview_content&_101_INSTANCE_R6VaZWsQDDzS_assetEntryId=7196447&_101_INSTANCE_R6VaZWsQDDzS_type=content,Alerta 5112 (Tecnovigilância) - Comunicado da empresa Boston Scientific do Brasil Ltda - HOT AxiosTM - Sistema de Stent e Introdutor Aperfeiçoado para Eletrocauterização.,20-01-2026 12:09,Brasil,ANVISA,,,La Boston Scientific está retirando del mercado el sistema de Stent y Liberación Aumentada por Electrocauterio HOT AxiosTM debido a un aumento de informes de dificultad en la liberación y/o expansión del stent durante el procedimiento.
https://www.agemed.gob.bo/archivo_uso_racional/alertas/2026/internacional/006_2026.pdf,"N° 006/2026 - AGEMED COMUNICA EL RETIRO INTERNACIONAL DE UN LOTE DEL PRODUCTO ""MIVACRON SOLUCION INYECTABLE 
                                10mg/5ml"" POR DISMINUCION DE EFECTIVIDAD",19-01-2026,Bolivia,AGEMED,,,"AGEMED comunica el retiro internacional del lote XP1T1 de ""MIVACRON SOLUCION INYECTABLE 10 mg/5 ml"" debido a una disminución en la efectividad del sistema de detección de partículas, lo que podría resultar en la presencia de trozos de vidrio en las ampollas y generar riesgos para la salud."
https://www.agemed.gob.bo/archivo_uso_racional/alertas/2026/internacional/005_2026.pdf,N° 005/2026 - AGEMED COMUNICA SOBRE EL RETIRO INTERNACIONAL POR DESVÍO DE CALIDAD,19-01-2026,Bolivia,AGEMED,,,"AGEMED comunica el retiro internacional de los productos HYPOCINA COMPOSTA y SPIVA MCT - LCT (Propofol) debido a la presencia de partículas extrañas, similares a piezas de vidrio, dentro de las ampollas."
https://app.invima.gov.co/alertas/ckfinder/userfiles/files/ALERTAS%20SANITARIAS/medicamentos_pbiologicos/2026/ENERO/Alerta%20No%23424%20-%202025%20-%20.pdf,Alerta Sanitaria sobre : • CREATINA IRON NUTRITION-SN Creatine Ultra Pure 100 %. • AMINO X BSN.,20-01-2026,Colombia,INVIMA,,,"El Invima alerta sobre la comercialización ilegal de CREATINA IRON NUTRITION-SN Creatine Ultra Pure 100 % y AMINO X BSN. El motivo principal es que estos productos son fraudulentos al no contar con registro sanitario, representando un riesgo para la salud."
https://www.argentina.gob.ar/noticias/anmat-dispuso-la-baja-de-habilitacion-de-las-firmas-difa-drogueria-socfa-sa-y-enzimas-sa,ANMAT dispuso la baja de habilitación de las firmas D.I.F.A. DROGUERÍA S.O.C.F.A. S.A. y ENZIMAS S.A.,21-01-2026 08:14,Argentina,ANMAT,,,ANMAT dio de baja la habilitación de D.I.F.A. DROGUERÍA S.O.C.F.A. S.A. y ENZIMAS S.A. El motivo principal es que estas firmas no poseen certificados de especialidades medicinales registrados a su nombre.
https://www.argentina.gob.ar/noticias/anmat-prohibe-la-comercializacion-interjurisdiccional-de-medicamentos-de-la-firma-dental-y,ANMAT prohíbe la comercialización interjurisdiccional de medicamentos de la firma DENTAL Y MEDIQUIL S.A.,21-01-2026 08:28,Argentina,ANMAT,,,ANMAT prohíbe la comercialización interjurisdiccional de medicamentos de DENTAL Y MEDIQUIL S.A. debido a que la empresa no contaba con la habilitación exigida por la normativa vigente.
http://antigo.anvisa.gov.br/informacoes-tecnicas13?p_p_id=101_INSTANCE_R6VaZWsQDDzS&p_p_col_id=column-1&p_p_col_count=1&_101_INSTANCE_R6VaZWsQDDzS_groupId=33868&_101_INSTANCE_R6VaZWsQDDzS_urlTitle=alerta-5113-tecnovigilancia-comunicado-da-empresa-philips-medical-systems-ltda-monitor-de-pacientes-intellivue-10216710215-monitor-de-paciente-intelli&_101_INSTANCE_R6VaZWsQDDzS_struts_action=%2Fasset_publisher%2Fview_content&_101_INSTANCE_R6VaZWsQDDzS_assetEntryId=7197086&_101_INSTANCE_R6VaZWsQDDzS_type=content,"Alerta 5113 (Tecnovigilância) - Comunicado da empresa Philips Medical Systems Ltda - Monitor de Pacientes Intellivue (10216710215); Monitor de Paciente Intellivue Marca Philips (10216710143); Monitor de Paciente Intellivue, Marca Philips (10216710135); Monitor de Paciente Intellivue MP5 (10216710176); Monitor de Pacientes Intellivue (10216710124); Monitor de Paciente Intellivue, marca Philips (10216710160).",21-01-2026 10:32,Brasil,ANVISA,,,"Alerta de Tecnovigilancia sobre los monitores de pacientes Philips Intellivue debido a un riesgo de que los alarmas se desactiven indefinidamente sin que el usuario lo sepa, pudiendo causar retraso en el tratamiento, daño grave o muerte."
http://antigo.anvisa.gov.br/informacoes-tecnicas13?p_p_id=101_INSTANCE_R6VaZWsQDDzS&p_p_col_id=column-1&p_p_col_count=1&_101_INSTANCE_R6VaZWsQDDzS_groupId=33868&_101_INSTANCE_R6VaZWsQDDzS_urlTitle=alerta-5114-tecnovigilancia-comunicado-da-empresa-philips-medical-systems-ltda-azurion-&_101_INSTANCE_R6VaZWsQDDzS_struts_action=%2Fasset_publisher%2Fview_content&_101_INSTANCE_R6VaZWsQDDzS_assetEntryId=7197167&_101_INSTANCE_R6VaZWsQDDzS_type=content,Alerta 5114 (Tecnovigilância) - Comunicado da empresa Philips Medical Systems Ltda - Azurion.,21-01-2026 11:54,Brasil,ANVISA,,,"La alerta sobre el equipo médico Philips Azurion se debe a nueve problemas de software. Estos defectos pueden causar pérdida de funcionalidad de imagen (rayos X), movimiento motorizado, contenido de imagen incorrecto y/o pérdida de datos."
https://www.ispch.gob.cl/wp-content/uploads/2026/01/Nota-Informativa-Medicamentos-off-label.pdf,NOTA INFORMATIVA DE FARMACOVIGILANCIA. USO DE MEDICAMENTOS OFF-LABEL: ORIENTACIÓN PARA LA SEGURIDAD DEL PACIENTE,21-01-2026 15:50:23,Chile,ISPCH,,,"El Instituto de Salud Pública alerta sobre el uso ""off-label"" de medicamentos, es decir, fuera de las condiciones autorizadas en su registro sanitario. Este uso puede aumentar la incertidumbre sobre su eficacia y seguridad, y el riesgo de reacciones adversas, especialmente en pediatría."
http://antigo.anvisa.gov.br/informacoes-tecnicas13?p_p_id=101_INSTANCE_R6VaZWsQDDzS&p_p_col_id=column-1&p_p_col_count=1&_101_INSTANCE_R6VaZWsQDDzS_groupId=33868&_101_INSTANCE_R6VaZWsQDDzS_urlTitle=alerta-5115-tecnovigilancia-comunicado-da-empresa-integra-lifesciences-brazil-ltda-kit-de-microsensor-para-medicao-da-p-i-c-codman-&_101_INSTANCE_R6VaZWsQDDzS_struts_action=%2Fasset_publisher%2Fview_content&_101_INSTANCE_R6VaZWsQDDzS_assetEntryId=7197351&_101_INSTANCE_R6VaZWsQDDzS_type=content,Alerta 5115 (Tecnovigilância) - Comunicado da empresa Integra Lifesciences Brazil LTDA - Kit de Microsensor para Medição da P.I.C. Codman*.,21-01-2026 16:23,Brasil,ANVISA,,,"El Kit de Microsensor para Medición de P.I.C. Codman* (equipamiento médico) está siendo retirado debido a posibles manchas de corrosión en la aguja Tuohy calibre 14, lo que puede causar inflamación, infección o respuesta tóxica."
https://app.invima.gov.co/alertas/ckfinder/userfiles/files/ALERTAS%20SANITARIAS/medicamentos_pbiologicos/2026/ENERO/Alerta%20_%20413%20-%202025%20%20%20FALSIFICACI%C3%93N%20.pdf,Alerta Sanitaria sobre : FALSIFICACIÓN DEL PRODUCTO UNGÜENTO ALMIPRO PRESENTACIÓN 500 mg,21-01-2026,Colombia,INVIMA,,,"El Invima alerta sobre la falsificación del producto ""UNGÜENTO ALMIPRO presentación 500 mg"". La causa es la comercialización ilegal de una versión fraudulenta que presenta diferencias significativas en envase, etiqueta, holograma y composición, representando un riesgo para la salud."
http://antigo.anvisa.gov.br/informacoes-tecnicas13?p_p_id=101_INSTANCE_R6VaZWsQDDzS&p_p_col_id=column-1&p_p_col_count=1&_101_INSTANCE_R6VaZWsQDDzS_groupId=33868&_101_INSTANCE_R6VaZWsQDDzS_urlTitle=alerta-5116-tecnovigilancia-comunicado-da-empresa-olympus-optical-do-brasil-ltda-pincas-ultrassonicas-e-eletrocirurgicas-thunderbeat-&_101_INSTANCE_R6VaZWsQDDzS_struts_action=%2Fasset_publisher%2Fview_content&_101_INSTANCE_R6VaZWsQDDzS_assetEntryId=7197813&_101_INSTANCE_R6VaZWsQDDzS_type=content,Alerta 5116 (Tecnovigilância) - Comunicado da empresa Olympus Optical do Brasil Ltda - Pinças Ultrassônicas e Eletrocirúrgicas Thunderbeat.,22-01-2026 11:07,Brasil,ANVISA,,,"Olympus está retirando del mercado las Pinças Ultrassônicas e Eletrocirúrgicas Thunderbeat (modelos TB-0535FCS, TB-0545FCS, TB-0520FCS, TB-0520FC, TB-0535FC, TB-0545FC, TB-0510IC) debido a defectos como daños o rotura de la punta"
https://www.ispch.gob.cl/wp-content/uploads/2026/01/ALERTA-1_26_DD_4323322_260121_P.pdf,"ALERTA DE RETIRO DEL MERCADO N° 01/26 DEL PRODUCTO FARMACÉUTICO AMPICILINA-SULBACTAM POLVO PARA SOLUCIÓN INYECTABLE 1,5 g",22-01-2026 12:26:55,Chile,ISPCH,,,"Se retira voluntariamente del mercado el antibiótico AMPICILINA-SULBACTAM POLVO PARA SOLUCIÓN INYECTABLE 1,5 g (serie 2412009) debido a la presencia de una partícula extraña dentro de un frasco-ampolla."
http://antigo.anvisa.gov.br/informacoes-tecnicas13?p_p_id=101_INSTANCE_R6VaZWsQDDzS&p_p_col_id=column-1&p_p_col_count=1&_101_INSTANCE_R6VaZWsQDDzS_groupId=33868&_101_INSTANCE_R6VaZWsQDDzS_urlTitle=alerta-5117-tecnovigilancia-comunicado-da-empresa-roche-diagnostica-brasil-ltda-familia-cancer-de-mama-&_101_INSTANCE_R6VaZWsQDDzS_struts_action=%2Fasset_publisher%2Fview_content&_101_INSTANCE_R6VaZWsQDDzS_assetEntryId=7197850&_101_INSTANCE_R6VaZWsQDDzS_type=content,Alerta 5117 (Tecnovigilância) - Comunicado da empresa Roche Diagnóstica Brasil Ltda - Família Câncer de Mama.,22-01-2026 11:42,Brasil,ANVISA,,,"Roche Diagnóstica emite alerta por reducción en la intensidad y porcentaje de coloración tumoral en algunos lotes del anticuerpo Confirm™ Estrogen Receptor (ER), usado para diagnóstico de cáncer de mama. Este defecto podría afectar la interpretación de resultados."
https://www.argentina.gob.ar/noticias/anmat-prohibe-el-producto-blonde-curls-moisturizing-silver-conditioner-marca-curl-girl,ANMAT prohíbe el producto “BLONDE CURLS - MOISTURIZING SILVER CONDITIONER MARCA CURL GIRL”,19-01-2026 08:57,Argentina,ANMAT,,,"ANMAT prohíbe el acondicionador ""BLONDE CURLS - MOISTURIZING SILVER CONDITIONER MARCA CURL GIRL"" por comercializarse sin datos de identificación y contener ingredientes prohibidos por la normativa vigente."
http://antigo.anvisa.gov.br/informacoes-tecnicas13?p_p_id=101_INSTANCE_R6VaZWsQDDzS&p_p_col_id=column-1&p_p_col_count=1&_101_INSTANCE_R6VaZWsQDDzS_groupId=33868&_101_INSTANCE_R6VaZWsQDDzS_urlTitle=alerta-5118-tecnovigilancia-comunicado-da-empresa-auto-suture-do-brasil-ltda-marcapasso-condicional-para-rm-de-camara-dupla-astra-&_101_INSTANCE_R6VaZWsQDDzS_struts_action=%2Fasset_publisher%2Fview_content&_101_INSTANCE_R6VaZWsQDDzS_assetEntryId=7197915&_101_INSTANCE_R6VaZWsQDDzS_type=content,Alerta 5118 (Tecnovigilância) - Comunicado da empresa Auto Suture do Brasil LTDA - Marcapasso Condicional para RM de Câmara Dupla – Astra.,22-01-2026 12:50,Brasil,ANVISA,,,"La alerta se debe a un defecto de etiquetado en el marcapasos Astra™ S DR de Auto Suture do Brasil LTDA. Las etiquetas locales de ANVISA tienen un número de licencia y descripción incorrectos, sin riesgo para el paciente."
https://www.agemed.gob.bo/archivo_farmacovigi/alertas/2026/ALERTA_001_2026.pdf,"Alerta N° 001/2026 - PRODUCTO ILICITO ""212 VIP MEN CLUB EDITION"" - SIN NOTIFICACIÓN SANITARIA OBLIGATORIA (NSO)",15-01-2026,Bolivia,AGEMED,,,"Alerta N° 001/2026 - PRODUCTO ILICITO ""212 VIP MEN CLUB EDITION"" - SIN NOTIFICACIÓN SANITARIA OBLIGATORIA (NSO)"
https://www.agemed.gob.bo/archivo_farmacovigi/alertas/2026/ALERTA_019_2026.pdf,"Alerta N° 019/2026 - PRODUCTO ILICITO ""COLLAGEN - MARINO TIPO II&III HIDROLIZADO CARTILAGO DE TIBURON OMEGA 3,6&9 VITAMINAS 
                                & MINERALES"""" - SIN REGISTRO SANITARIO",15-01-2026,Bolivia,AGEMED,,,"Alerta N° 019/2026 - PRODUCTO ILICITO ""COLLAGEN - MARINO TIPO II&III HIDROLIZADO CARTILAGO DE TIBURON OMEGA 3,6&9 VITAMINAS 
                                & MINERALES"""" - SIN REGISTRO SANITARIO"
https://www.agemed.gob.bo/archivo_farmacovigi/alertas/2026/ALERTA_018_2026.pdf,"Alerta N° 018/2026 - PRODUCTO ILICITO ""BOOS"" - SIN NOTIFICACION SANITARIA OBLIGATORIA (NSO)",15-01-2026,Bolivia,AGEMED,,,"Alerta N° 018/2026 - PRODUCTO ILICITO ""BOOS"" - SIN NOTIFICACION SANITARIA OBLIGATORIA (NSO)"
https://www.agemed.gob.bo/archivo_farmacovigi/alertas/2026/ALERTA_017_2026.pdf,"Alerta N° 017/2026 - PRODUCTO ILICITO ""BOOS THE SCENT FOR HER"" - SIN NOTIFICACION SANITARIA (NSO)",15-01-2026,Bolivia,AGEMED,,,"Alerta N° 017/2026 - PRODUCTO ILICITO ""BOOS THE SCENT FOR HER"" - SIN NOTIFICACION SANITARIA (NSO)"
https://www.agemed.gob.bo/archivo_farmacovigi/alertas/2026/ALERTA_016_2026.pdf,"Alerta N° 016/2026 - PRODUCTO ILICITO ""TOY GIRL EAU DE PARFUM"" - SIN NOTIFICACION SANITARIA OBLIGATORIA (NSO)",15-01-2026,Bolivia,AGEMED,,,"Alerta N° 016/2026 - PRODUCTO ILICITO ""TOY GIRL EAU DE PARFUM"" - SIN NOTIFICACION SANITARIA OBLIGATORIA (NSO)"
https://www.agemed.gob.bo/archivo_farmacovigi/alertas/2026/ALERTA_015_2026.pdf,"Alerta N° 015/2026 - PRODUCTO ILICITO ""WOMEN MILLION BEAUTY"" - SIN NOTIFICACION SANITARIA OBLIGATORIA (NSO)",15-01-2026,Bolivia,AGEMED,,,"Alerta N° 015/2026 - PRODUCTO ILICITO ""WOMEN MILLION BEAUTY"" - SIN NOTIFICACION SANITARIA OBLIGATORIA (NSO)"
https://www.agemed.gob.bo/archivo_farmacovigi/alertas/2026/ALERTA_014_2026.pdf,"Alerta N° 014/2026 - PRODUCTO ILICITO ""MUSC SHAMAL"" - SIN NOTIFICACION SANITARIA OBLIGATORIA (NSO)",15-01-2026,Bolivia,AGEMED,,,"Alerta N° 014/2026 - PRODUCTO ILICITO ""MUSC SHAMAL"" - SIN NOTIFICACION SANITARIA OBLIGATORIA (NSO)"
https://www.agemed.gob.bo/archivo_farmacovigi/alertas/2026/ALERTA_013_2026.pdf,"Alerta N° 013/2026 - PRODUCTO ILICITO ""TOMM FQRD BLACK GEM"" - SIN NOTIFICACION SANITARIA OBLIGATORIA (NSO)",15-01-2026,Bolivia,AGEMED,,,"Alerta N° 013/2026 - PRODUCTO ILICITO ""TOMM FQRD BLACK GEM"" - SIN NOTIFICACION SANITARIA OBLIGATORIA (NSO)"
https://www.agemed.gob.bo/archivo_farmacovigi/alertas/2026/ALERTA_012_2026.pdf,"Alerta N° 012/2026 - PRODUCTO ILICITO ""VALIANT BOY GATO BATMAN"" - SIN NOTIFICACION SANITARIA OBLIGATORIA (NSO)",15-01-2026,Bolivia,AGEMED,,,"Alerta N° 012/2026 - PRODUCTO ILICITO ""VALIANT BOY GATO BATMAN"" - SIN NOTIFICACION SANITARIA OBLIGATORIA (NSO)"
https://www.agemed.gob.bo/archivo_farmacovigi/alertas/2026/ALERTA_011_2026.pdf,"Alerta N° 011/2026 - PRODUCTO ILICITO ""VALIANT BOY SPIDERMAN"" - SIN NOTIFICACION SANITARIA OBLIGATORIA (NSO)",15-01-2026,Bolivia,AGEMED,,,"Alerta N° 011/2026 - PRODUCTO ILICITO ""VALIANT BOY SPIDERMAN"" - SIN NOTIFICACION SANITARIA OBLIGATORIA (NSO)"
https://www.agemed.gob.bo/archivo_farmacovigi/alertas/2026/ALERTA_010_2026.pdf,"Alerta N° 010/2026 - PRODUCTO ILICITO ""FREE FAU PARFUM INTENSE"" - SIN NOTIFICACION SANITARIA OBLIGATORIA (NSO)",15-01-2026,Bolivia,AGEMED,,,"Alerta N° 010/2026 - PRODUCTO ILICITO ""FREE FAU PARFUM INTENSE"" - SIN NOTIFICACION SANITARIA OBLIGATORIA (NSO)"
https://www.agemed.gob.bo/archivo_farmacovigi/alertas/2026/ALERTA_009_2026.pdf,"Alerta N° 009/2026 - PRODUCTO ILICITO ""JADEITEN CHENALE"" - SIN NOTIFICACION SANITARIA OBLIGATORIA (NSO)",15-01-2026,Bolivia,AGEMED,,,"Alerta N° 009/2026 - PRODUCTO ILICITO ""JADEITEN CHENALE"" - SIN NOTIFICACION SANITARIA OBLIGATORIA (NSO)"
https://www.agemed.gob.bo/archivo_farmacovigi/alertas/2026/ALERTA_008_2026.pdf,"Alerta N° 008/2026 - PRODUCTO ILICITO ""VEESAGE MEN"" - SIN NOTIFICACION SANITARIA (NSO)",15-01-2026,Bolivia,AGEMED,,,"Alerta N° 008/2026 - PRODUCTO ILICITO ""VEESAGE MEN"" - SIN NOTIFICACION SANITARIA (NSO)"
https://www.agemed.gob.bo/archivo_farmacovigi/alertas/2026/ALERTA_007_2026.pdf,"Alerta N° 007/2026 - PRODUCTO ILICITO ""INVICTUS LEGEND"" - SIN NOTIFICACION SANITARIA OBLIGATORIA (NSO)",15-01-2026,Bolivia,AGEMED,,,"Alerta N° 007/2026 - PRODUCTO ILICITO ""INVICTUS LEGEND"" - SIN NOTIFICACION SANITARIA OBLIGATORIA (NSO)"
https://www.agemed.gob.bo/archivo_farmacovigi/alertas/2026/ALERTA_006_2026.pdf,"Alerta N° 006/2026 - PRODUCTO ILICITO ""JOY EAU DE PARFUM"" - SIN NOTIFICACION SANITARIA OBLIGATORIA (NSO)",15-01-2026,Bolivia,AGEMED,,,"Alerta N° 006/2026 - PRODUCTO ILICITO ""JOY EAU DE PARFUM"" - SIN NOTIFICACION SANITARIA OBLIGATORIA (NSO)"
https://www.agemed.gob.bo/archivo_farmacovigi/alertas/2026/ALERTA_005_2026.pdf,"Alerta N° 005/2026 - PRODUCTO ILICITO ""COOL GIRL"" - SIN NOTIFICACION SANITARIA OBLIGATORIA (NSO)",15-01-2026,Bolivia,AGEMED,,,"Alerta N° 005/2026 - PRODUCTO ILICITO ""COOL GIRL"" - SIN NOTIFICACION SANITARIA OBLIGATORIA (NSO)"
https://www.agemed.gob.bo/archivo_farmacovigi/alertas/2026/ALERTA_004_2026.pdf,"Alerta N° 004/2026 - PRODUCTO ILICITO ""5TH CHALLENGE"" - SIN NOTIFICACION SANITARIA OBLIGATORIA (NSO)",15-01-2026,Bolivia,AGEMED,,,"Alerta N° 004/2026 - PRODUCTO ILICITO ""5TH CHALLENGE"" - SIN NOTIFICACION SANITARIA OBLIGATORIA (NSO)"
https://www.agemed.gob.bo/archivo_farmacovigi/alertas/2026/ALERTA_003_2026.pdf,"Alerta N° 003/2026 - PRODUCTO ILICITO ""BLACK OPIUM NUIT"" - SIN NOTIFICACION SANITARIA OBLIGATORIA (NSO)",15-01-2026,Bolivia,AGEMED,,,"Alerta N° 003/2026 - PRODUCTO ILICITO ""BLACK OPIUM NUIT"" - SIN NOTIFICACION SANITARIA OBLIGATORIA (NSO)"
https://www.agemed.gob.bo/archivo_farmacovigi/alertas/2026/ALERTA_002_2026.pdf,"Alerta N° 002/2026 - PRODUCTO ILICITO ""WHITE TOUCH"" - SIN NOTIFICACION SANITARIA OBLIGATORIA (NSO)",15-01-2026,Bolivia,AGEMED,,,"Alerta N° 002/2026 - PRODUCTO ILICITO ""WHITE TOUCH"" - SIN NOTIFICACION SANITARIA OBLIGATORIA (NSO)"
http://antigo.anvisa.gov.br/informacoes-tecnicas13?p_p_id=101_INSTANCE_R6VaZWsQDDzS&p_p_col_id=column-1&p_p_col_count=1&_101_INSTANCE_R6VaZWsQDDzS_groupId=33868&_101_INSTANCE_R6VaZWsQDDzS_urlTitle=alerta-5119-tecnovigilancia-comunicado-da-empresa-philips-medical-systems-ltda-azurion-&_101_INSTANCE_R6VaZWsQDDzS_struts_action=%2Fasset_publisher%2Fview_content&_101_INSTANCE_R6VaZWsQDDzS_assetEntryId=7198147&_101_INSTANCE_R6VaZWsQDDzS_type=content,Alerta 5119 (Tecnovigilância) - Comunicado da empresa Philips Medical Systems Ltda - Azurion.,22-01-2026 17:33,Brasil,ANVISA,,,"La alerta de Tecnovigilancia 5119 se emite para el equipo médico Azurion de Philips debido a dos problemas de software. Estos defectos pueden causar la pérdida de funcionalidad de imagen (rayos X) y/o movimiento motorizado, lo que podría retrasar o interrumpir terapias y generar complicaciones procedimentales."
https://www.argentina.gob.ar/noticias/anmat-prohibe-un-desinfectante-para-piscinas-marca-ingenia,ANMAT prohíbe un desinfectante para piscinas marca INGENIA,23-01-2026 08:12,Argentina,ANMAT,,,ANMAT prohíbe el desinfectante para piscinas marca INGENIA en todas sus presentaciones. La causa es la carencia de autorización sanitaria para el producto.
https://www.argentina.gob.ar/noticias/anmat-prohibe-la-comercializacion-de-distintas-marcas-de-productos-de-uso-domestico,ANMAT prohíbe la comercialización de distintas marcas de productos de uso doméstico,23-01-2026 08:04,Argentina,ANMAT,,,"ANMAT prohíbe la comercialización de varias marcas de productos de uso doméstico debido a la ausencia de registros sanitarios y la falta de identificación del establecimiento responsable, lo que impide verificar su seguridad y calidad."
http://antigo.anvisa.gov.br/informacoes-tecnicas13?p_p_id=101_INSTANCE_R6VaZWsQDDzS&p_p_col_id=column-1&p_p_col_count=1&_101_INSTANCE_R6VaZWsQDDzS_groupId=33868&_101_INSTANCE_R6VaZWsQDDzS_urlTitle=alerta-5120-tecnovigilancia-comunicado-da-empresa-descarpack-descartaveis-do-brasil-ltda-seringa-para-insulina-com-agulha-fixa-descarpack-&_101_INSTANCE_R6VaZWsQDDzS_struts_action=%2Fasset_publisher%2Fview_content&_101_INSTANCE_R6VaZWsQDDzS_assetEntryId=7198611&_101_INSTANCE_R6VaZWsQDDzS_type=content,Alerta 5120 (Tecnovigilância) - Comunicado da empresa Descarpack Descartáveis do Brasil Ltda - Seringa para Insulina com Agulha Fixa Descarpack.,23-01-2026 10:36,Brasil,ANVISA,,,Se ha emitido un retiro del lote SIMSAA008B de la Seringa para Insulina con Agulha Fixa Descarpack debido a un defecto: la ausencia de la marcación del nombre y/o marca registrada del fabricante en el cilindro de la jeringa.
https://www.argentina.gob.ar/noticias/anmat-prohibe-distintos-productos-para-el-cabello-de-la-marca-ketarin-liss,"ANMAT prohíbe distintos productos para el cabello de la marca “KETARIN LISS""",23-01-2026 08:49,Argentina,ANMAT,,,"ANMAT prohíbe productos capilares ""KETARIN LISS"" debido a la falta de inscripción sanitaria correspondiente."
https://www.argentina.gob.ar/noticias/anmat-prohibe-distintos-productos-para-el-cabello-de-la-marca-leagus-cosmetics,"ANMAT prohíbe distintos productos para el cabello de la marca “LEAGUS COSMETICS""",23-01-2026 08:44,Argentina,ANMAT,,,"ANMAT prohíbe productos capilares ""LEAGUS COSMETICS"" por carecer de inscripción sanitaria. La causa es la falta de registro, lo que impide su comercialización legal."
https://www.argentina.gob.ar/noticias/anmat-prohibe-distintos-productos-cosmeticos-de-las-marcas-re-el-arbol-y-aromas-de-la,"ANMAT prohíbe distintos productos cosméticos de las marcas “RE!”, “EL ÁRBOL” y “AROMAS DE LA TIERRA”",23-01-2026 08:33,Argentina,ANMAT,,,"ANMAT prohíbe cosméticos de las marcas ""RE!"", ""EL ÁRBOL"" y ""AROMAS DE LA TIERRA"" debido a la falta de inscripción sanitaria correspondiente, lo que constituye la causa de la alerta."
https://app.invima.gov.co/alertas/ckfinder/userfiles/files/ALERTAS%20SANITARIAS/medicamentos_pbiologicos/2026/ENERO/Alerta%20No%23428%20-%202025%20.pdf,"Alerta Sanitaria sobre : * TIRZEPATRIDE, 30 mg solution for inyection. * TIRZEPATIDA (GLP-1/GIP) INYECTABLE 20 mg/2mL.",23-01-2026,Colombia,INVIMA,,,"El Invima alerta sobre la comercialización ilegal de TIRZEPATRIDE y TIRZEPATIDA inyectables, productos fraudulentos sin registro sanitario. El motivo principal es su venta no autorizada, atribuyéndoles propiedades para la pérdida de peso, lo que representa un riesgo grave para la salud."
https://app.invima.gov.co/alertas/ckfinder/userfiles/files/ALERTAS%20SANITARIAS/medicamentos_pbiologicos/2026/ENERO/Alerta%20No%234%20-2026%20-%20MAGNESIUM%20GLYCINATE%20marca%20ULTRATECK%20.pdf,Alerta Sanitaria sobre : MAGNESIUM GLYCINATE marca ULTRATECK,23-01-2026,Colombia,INVIMA,,,"Alerta sanitaria por el producto MAGNESIUM GLYCINATE marca ULTRATECK, promocionado como suplemento dietario. La causa es su comercialización ilegal al no contar con registro sanitario emitido por la autoridad competente (Invima), representando un riesgo para la salud."
https://www.ministeriodesalud.go.cr/index.php/biblioteca-de-archivos-left/documentos-ministerio-de-salud/alertas-sanitarias/alertas-por-productos-en-el-mercado/2026-advertencias-por-productos-en-el-mercado/10018-19-de-enero-de-2026-advertencia-sanitaria-n-01-2026-sobre-uso-de-duchas-vaginales-y-efectos-adversos-para-la-salud/file,"Advertencia sanitaria n°01-2026, sobre uso de duchas vaginales y efectos adversos para la salud",23-01-2026 16:54,Costa Rica,MinSalud,,,"El Ministerio de Salud alerta sobre el uso de duchas vaginales, productos de higiene íntima femenina, debido a que alteran el equilibrio natural de la flora vaginal, aumentando el riesgo de infecciones, enfermedad pélvica y disminución de la fertilidad."
http://antigo.anvisa.gov.br/informacoes-tecnicas13?p_p_id=101_INSTANCE_R6VaZWsQDDzS&p_p_col_id=column-1&p_p_col_count=1&_101_INSTANCE_R6VaZWsQDDzS_groupId=33868&_101_INSTANCE_R6VaZWsQDDzS_urlTitle=alerta-5121-tecnovigilancia-comunicado-da-empresa-getinge-do-brasil-equipamentos-medicos-ltda-bomba-de-balao-intra-aortico-&_101_INSTANCE_R6VaZWsQDDzS_struts_action=%2Fasset_publisher%2Fview_content&_101_INSTANCE_R6VaZWsQDDzS_assetEntryId=7198725&_101_INSTANCE_R6VaZWsQDDzS_type=content,Alerta 5121 (Tecnovigilância) - Comunicado da empresa Getinge do Brasil Equipamentos Médicos LTDA - Bomba de Balão Intra-Aórtico.,23-01-2026 15:47,Brasil,ANVISA,,,"A Getinge do Brasil emitiu um alerta para as Bombas de Balão Intra-Aórtico Cardiosave Hybrid e Rescue devido a **mudanças nas instruções de uso**. As modificações incluem a revisão do cronograma de manutenção preventiva da NVRAM, atualização das especificações de vibração/choque e autonomia da bateria, e uma atualização da manutenção preventiva do Datascope."
http://antigo.anvisa.gov.br/informacoes-tecnicas13?p_p_id=101_INSTANCE_R6VaZWsQDDzS&p_p_col_id=column-1&p_p_col_count=1&_101_INSTANCE_R6VaZWsQDDzS_groupId=33868&_101_INSTANCE_R6VaZWsQDDzS_urlTitle=alerta-5122-tecnovigilancia-comunicado-da-empresa-auto-suture-do-brasil-ltda-sistema-mazor-x-&_101_INSTANCE_R6VaZWsQDDzS_struts_action=%2Fasset_publisher%2Fview_content&_101_INSTANCE_R6VaZWsQDDzS_assetEntryId=7198776&_101_INSTANCE_R6VaZWsQDDzS_type=content,Alerta 5122 (Tecnovigilância) - Comunicado da empresa Auto Suture do Brasil LTDA - Sistema Mazor X.,23-01-2026 16:12,Brasil,ANVISA,,,"El Sistema Mazor X (robótico quirúrgico) presenta un riesgo potencial de lesiones neurológicas en pacientes debido a fallos de software que pueden causar interrupciones, aumentar la duración de la cirugía o generar imprecisión del sistema."
https://www.ispch.gob.cl/wp-content/uploads/2026/01/Alerta-N°037-26-Publicacion.pdf,Preservativos Lifestyles Orgazmax y Skyn Original,23-01-2026 18:53:32,Chile,ISPCH,,,"El Instituto de Salud Pública de Chile emite una alerta debido al **robo** de dispositivos médicos de Laboratorios Prater S.A. Los productos involucrados son condones Lifestyles Orgazmax y Skyn Original, sustraídos sin su envase secundario."
https://app.invima.gov.co/alertas/ckfinder/userfiles/files/ALERTAS%20SANITARIAS/medicamentos_pbiologicos/2026/ENERO/Alerta%20No%235%20-%202026%20-%20DKFUSSION%20.pdf,Alerta Sanitaria sobre : DKFUSSION,23-01-2026,Colombia,INVIMA,,,"El Invima alerta sobre la comercialización ilegal del producto DKFUSSION, promocionado como suplemento dietario, debido a que no cuenta con registro sanitario ni certificado de Buenas Prácticas de Elaboración, representando un riesgo para la salud."
https://app.invima.gov.co/alertas/ckfinder/userfiles/files/ALERTAS%20SANITARIAS/medicamentos_pbiologicos/2026/ENERO/Alerta%20No%236%20-%202026%20-%20%20.pdf,Alerta Sanitaria sobre : • RESVERATROL COMPLEX NIACIN de la marca Silver. • PROTECTOR HEPÁTICO elaborado por conkuventud. • CURCUMA ALL CAY. • CREMA TERMOACTIVA CON EXTRACTO DE ANDRINAS Y ACEITE DE ALMENDRAS.,23-01-2026,Colombia,INVIMA,,,"El Invima alerta sobre la comercialización ilegal de RESVERATROL COMPLEX NIACIN (Silver), PROTECTOR HEPÁTICO (conkuventud), CURCUMA ALL CAY y CREMA TERMOACTIVA CON EXTRACTO DE ANDRINAS Y ACEITE DE ALMENDRAS, debido a que carecen de registro sanitario, considerándose fraudulentos y representando riesgos para la salud."
https://app.invima.gov.co/alertas/ckfinder/userfiles/files/ALERTAS%20SANITARIAS/Alimentos_Bebidas/2026/Enero/Alerta%20No_%20%237-2026%20-.pdf,Alerta sanitaria sobre: Fórmulas infantiles  ALULA GOLD PREMIUM y ALULA GOLD COMFORT PREMIUM,23-01-2026,Colombia,INVIMA,,,"Invima alerta sobre las fórmulas infantiles ALULA GOLD PREMIUM y ALULA GOLD COMFORT PREMIUM debido a una notificación internacional de alerta, sin especificar el motivo principal del riesgo o defecto."
http://antigo.anvisa.gov.br/informacoes-tecnicas13?p_p_id=101_INSTANCE_R6VaZWsQDDzS&p_p_col_id=column-1&p_p_col_count=1&_101_INSTANCE_R6VaZWsQDDzS_groupId=33868&_101_INSTANCE_R6VaZWsQDDzS_urlTitle=alerta-5123-tecnovigilancia-comunicado-da-empresa-philips-medical-systems-ltda-equipamento-de-tomografia-computadorizada-&_101_INSTANCE_R6VaZWsQDDzS_struts_action=%2Fasset_publisher%2Fview_content&_101_INSTANCE_R6VaZWsQDDzS_assetEntryId=7200398&_101_INSTANCE_R6VaZWsQDDzS_type=content,Alerta 5123 (Tecnovigilância) - Comunicado da empresa Philips Medical Systems Ltda - Equipamento de Tomografia Computadorizada.,26-01-2026 09:45,Brasil,ANVISA,,,"Alerta de Tecnovigilancia para el equipo de Tomografía Computarizada Philips Incisive CT, debido a un defecto en el conector interno del sensor de la cama bariátrica. Esto puede causar la detención inesperada del movimiento motorizado, resultando en imágenes diagnósticas insuficientes y retrasos."
http://antigo.anvisa.gov.br/informacoes-tecnicas13?p_p_id=101_INSTANCE_R6VaZWsQDDzS&p_p_col_id=column-1&p_p_col_count=1&_101_INSTANCE_R6VaZWsQDDzS_groupId=33868&_101_INSTANCE_R6VaZWsQDDzS_urlTitle=alerta-5124-tecnovigilancia-comunicado-da-empresa-philips-medical-systems-ltda-equipamento-para-angiografia-allura-xper-marca-philips-&_101_INSTANCE_R6VaZWsQDDzS_struts_action=%2Fasset_publisher%2Fview_content&_101_INSTANCE_R6VaZWsQDDzS_assetEntryId=7200441&_101_INSTANCE_R6VaZWsQDDzS_type=content,Alerta 5124 (Tecnovigilância) - Comunicado da empresa Philips Medical Systems Ltda - Equipamento para Angiografia Allura Xper Marca Philips.,26-01-2026 10:40,Brasil,ANVISA,,,"La alerta de Tecnovigilancia 5124 se emite para el equipo de angiografía Philips Allura Xper debido a un defecto: la posible ausencia de una bandeja de goteo. Esto puede causar que el líquido de enfriamiento entre en contacto con componentes eléctricos, provocando cortocircuitos, apagados del sistema o, en casos graves, chispas e incendio."
https://www.argentina.gob.ar/noticias/anmat-prohibe-el-producto-alcohol-sanitizante-para-manos-y-piel-sin-accion-terapeutica-de,"ANMAT prohíbe el producto “Alcohol sanitizante para manos y piel, sin acción terapéutica”, de la marca G-I-G",26-01-2026 08:38,Argentina,ANMAT,,,"ANMAT prohíbe el ""Alcohol sanitizante para manos y piel G-I-G"" por ser un producto ilegítimo con datos falsificados en su rótulo."
https://www.argentina.gob.ar/noticias/anmat-prohibe-diversos-productos-cosmeticos-de-la-marca-diamonds-professional,ANMAT prohíbe diversos productos cosméticos de la marca “DIAMONDS PROFESSIONAL”,26-01-2026 08:31,Argentina,ANMAT,,,"ANMAT prohíbe productos cosméticos ""DIAMONDS PROFESSIONAL"" debido a la falta de inscripción sanitaria. La causa de la alerta es que los productos no cumplen con la regulación sanitaria obligatoria."
https://www.argentina.gob.ar/noticias/anmat-prohibe-distintos-productos-para-el-cabello-de-la-marca-keratin-liss,"ANMAT prohíbe distintos productos para el cabello de la marca “KERATIN LISS""",23-01-2026 08:49,Argentina,ANMAT,,,"ANMAT prohíbe distintos productos para el cabello de la marca “KERATIN LISS"""
http://antigo.anvisa.gov.br/informacoes-tecnicas13?p_p_id=101_INSTANCE_R6VaZWsQDDzS&p_p_col_id=column-1&p_p_col_count=1&_101_INSTANCE_R6VaZWsQDDzS_groupId=33868&_101_INSTANCE_R6VaZWsQDDzS_urlTitle=alerta-5125-tecnovigilancia-comunicado-da-empresa-baxter-hospitalar-ltda-kit-prismaflex-tpe-1000-2000-kit-prismaflex-kit-oxiris-&_101_INSTANCE_R6VaZWsQDDzS_struts_action=%2Fasset_publisher%2Fview_content&_101_INSTANCE_R6VaZWsQDDzS_assetEntryId=7200669&_101_INSTANCE_R6VaZWsQDDzS_type=content,Alerta 5125 (Tecnovigilância) - Comunicado da empresa Baxter Hospitalar Ltda - Kit Prismaflex TPE 1000/2000; Kit Prismaflex; Kit Oxiris.,26-01-2026 17:44,Brasil,ANVISA,,,"Alerta de tecnovigilancia para los kits Prismaflex TPE 1000/2000, Prismaflex y Oxiris, debido al posible desplazamiento de la cámara de desaereación cuando se usan con el equipo Prismaflex, lo que puede causar interrupción de la terapia o pérdida de sangre."
https://www.digemid.minsa.gob.pe/webDigemid/alertas-modificaciones/2026/alerta-internacional-octubre-a-diciembre-2025/,ALERTA INTERNACIONAL OCTUBRE A DICIEMBRE – 2025 - Sin detalle en H3,26-01-2026 22:09:38,Perú,DIGEMID,,https://www.digemid.minsa.gob.pe/Archivos/AlertasInternacionales/2025/ALERTAS INTERNACIONALES OCTUBRE-DICIEMBRE 2025.pdf,"La alerta se debe a la comercialización ilegal de varios productos como ""TAJ BODY"", Citrato de Magnesio NATURALMEDIX, Krec´UP, NEUTRODERM, POWER TIBET, BISGLICINATO DE MAGNESIO, MAGNESIUM GLYCINATE y ULTRA LIPO Weight Loss. También se reporta la falsificación de medicamentos como Keytruda, Mounjaro, OPPY, Rybelsus, Snelvit"
https://www.digemid.minsa.gob.pe/webDigemid/alertas-modificaciones/2026/alerta-digemid-no-09-2026/,"ALERTA DIGEMID Nº 09-2026 - PRODUCTOS FARMACÉUTICOS FALSIFICADOS INCAUTADOS EN ACCIONES DE CONTROL Y VIGILANCIA SANITARIA. Productos: Metformina, Papaverol Compuesto, Ciprofloxacino, CLORFEX, UROQUILAB, SOGIDOL, COLUQUIM, FIXODOL, Aciclovir PLUS",26-01-2026 22:07:29,Perú,DIGEMID,,https://www.digemid.minsa.gob.pe/Archivos/Alertas/2026/ALERTA_08-26.pdf,"La Digemid alerta sobre la incautación de ""Johnson's Baby Aceite"" (frasco x 50 mL, lote 3108*, vencimiento 12/27) falsificado. El motivo es la fabricación, almacenamiento y comercialización ilegal de este producto sanitario, que no fue importado ni comercializado por el titular autorizado."
https://www.digemid.minsa.gob.pe/webDigemid/alertas-modificaciones/2026/alerta-digemid-no-08-2026/,ALERTA DIGEMID Nº 08-2026 - PRODUCTOS FARMACÉUTICOS FALSIFICADOS INCAUTADOS EN ACCIONES DE CONTROL Y VIGILANCIA SANITARIA. Productos: JOHNSON’S BABY ACEITE,26-01-2026 22:04:56,Perú,DIGEMID,,https://www.digemid.minsa.gob.pe/Archivos/Alertas/2026/ALERTA_08-26.pdf,"La Digemid alerta sobre la incautación de ""Johnson's Baby Aceite"" (frasco x 50 mL, lote 3108*, vencimiento 12/27) falsificado. El producto fue fabricado, almacenado y comercializado ilegalmente, representando un riesgo para la salud pública."
https://www.digemid.minsa.gob.pe/webDigemid/alertas-modificaciones/2026/alerta-digemid-no-07-2026/,"ALERTA DIGEMID Nº 07-2026 - PRODUCTOS FARMACÉUTICOS FALSIFICADOS INCAUTADOS EN ACCIONES DE CONTROL Y VIGILANCIA SANITARIA. Productos: HEPABIONTA NF, VALPRAX, TRANEXOL",26-01-2026 22:04:01,Perú,DIGEMID,,https://www.digemid.minsa.gob.pe/Archivos/Alertas/2026/ALERTA_07-26.pdf,"La alerta de DIGEMID se debe a la incautación de productos farmacéuticos falsificados: HEPABIONTA NF solución inyectable, VALPRAX 500 mg tabletas y TRANEXOL 250 mg cápsulas. El motivo principal es la falsificación, incluyendo lotes no fabricados por los titulares o productos sin lote/fecha de vencimiento."
https://www.digemid.minsa.gob.pe/webDigemid/alertas-modificaciones/2026/alerta-digemid-no-06-2026/,ALERTA DIGEMID Nº 06-2026 - PRODUCTO FARMACÉUTICO FALSIFICADO INCAUTADO EN ACCIONES DE CONTROL Y VIGILANCIA SANITARIA. Productos: NIPRESS (nitroprusiato de sodio),26-01-2026 22:02:37,Perú,DIGEMID,,https://www.digemid.minsa.gob.pe/Archivos/Alertas/2026/ALERTA_06-26.pdf,"La Digemid alerta sobre la incautación del producto farmacéutico falsificado NIPRESS (nitroprusiato de sodio) polvo para solución inyectable, lote LTNAP0723*, debido a su comercialización ilegal y el riesgo para la salud pública."
https://www.digemid.minsa.gob.pe/webDigemid/alertas-modificaciones/2026/alerta-digemid-no-05-2026/,ALERTA DIGEMID Nº 05-2026 - PRODUCTO FARMACÉUTICO FALSIFICADO INCAUTADO EN ACCIONES DE CONTROL Y VIGILANCIA SANITARIA. Productos: DOLO CORDRALAN,26-01-2026 22:01:35,Perú,DIGEMID,,https://www.digemid.minsa.gob.pe/Archivos/Alertas/2026/ALERTA_05-26.pdf,"La alerta de DIGEMID se emite por la incautación del producto farmacéutico DOLO CORDRALAN EXTRA FORTE (blíster x 10 tabletas recubiertas) con lote 2035624*, debido a que es falsificado y no fue fabricado ni comercializado por los titulares legítimos."
https://app.invima.gov.co/alertas/ckfinder/userfiles/files/ALERTAS%20SANITARIAS/medicamentos_pbiologicos/2026/ENERO/Alerta%20No%235%20-%202026%20DKFUSSION.pdf,Alerta Sanitaria sobre : DKFUSSION,26-01-2026,Colombia,INVIMA,,,"El Invima alerta sobre la comercialización ilegal del producto DKFUSSION, promocionado como suplemento dietario, debido a que no cuenta con registro sanitario ni certificado de Buenas Prácticas de Elaboración, representando un riesgo para la salud."
https://www.argentina.gob.ar/noticias/anmat-prohibe-distintos-productos-cosmeticos-de-la-marca-suad,ANMAT prohíbe distintos productos cosméticos de la marca “SUAD”,27-01-2026 09:25,Argentina,ANMAT,,,"ANMAT prohíbe productos cosméticos ""SUAD"" por carecer de inscripción sanitaria. El motivo principal es un defecto regulatorio, ya que no contaban con la autorización necesaria para su comercialización."
https://www.argentina.gob.ar/noticias/anmat-prohibe-el-producto-mentisan-unguento-mentolado,"ANMAT prohíbe el producto “MENTISAN, ungüento mentolado”",27-01-2026 09:15,Argentina,ANMAT,,,"ANMAT prohíbe el ungüento mentolado MENTISAN debido a que el medicamento no posee el registro sanitario correspondiente, lo que impide su comercialización y uso."
https://www.digemid.minsa.gob.pe/webDigemid/alertas-modificaciones/2026/modificaciones-n-01-2026/,MODIFICACIONES N° 01 – 2026 - Evaluaciónd el Informe Periódico de Seguridad (IPS) de KESIMPTA (Ofatumumab);,23-01-2026 15:55:27,Perú,DIGEMID,,https://www.digemid.minsa.gob.pe/Archivos/Modificaciones/2026/M01-26_Ofatumumab.pdf,"La alerta sobre Kesimpta (Ofatumumab) se debe a la identificación de nuevas advertencias y precauciones de seguridad en su ficha técnica de la FDA, no presentes en la versión peruana. Estas incluyen la necesidad de pruebas de inmunoglobulinas y función hepática, contraindicación en infección activa por VHB, riesgo de reacciones de hipersensibilidad graves y lesión hepática."
https://www.ispch.gob.cl/wp-content/uploads/2026/01/DD_4379093_260127_P.pdf,NOTA INFORMATIVA DE FARMACOVIGILANCIA RECOMENDACIONES SOBRE EL USO DE MEDICAMENTOS ANTE LA AMENAZA DE INCENDIOS FORESTALES,27-01-2026 16:38:35,Chile,ISPCH,,,"La alerta se debe a que el calor extremo y la interrupción del suministro eléctrico, causados por incendios forestales, pueden dañar dispositivos de administración y reducir la eficacia de medicamentos, especialmente los termosensibles como la insulina, por aceleración de su degradación química."
https://app.invima.gov.co/alertas/ckfinder/userfiles/files/ALERTAS%20SANITARIAS/medicamentos_pbiologicos/2026/ENERO/Alerta%20No_%20%232-2026%20-%20PRODUCTOS%20DE%20LA%20MARCA%20TIQUE_.pdf,"Alerta Sanitaria sobre : PRODUCTOS DE LA MARCA TIQUE: FICATUM, CRECENTIA, PULMONARY.",27-01-2026,Colombia,INVIMA,,,"El Invima alerta sobre la comercialización ilegal de los productos TIQUE (Ficatum, Crescentia, Pulmonary). El motivo es que carecen de registro sanitario, atribuyéndoles propiedades terapéuticas sin autorización, lo que representa un riesgo para la salud de los consumidores."
https://app.invima.gov.co/alertas/ckfinder/userfiles/files/ALERTAS%20SANITARIAS/medicamentos_pbiologicos/2026/ENERO/Alerta%20No%231-2026%20-%20LEMME%20BURN%20C%C3%81PSULAS.pdf,Alerta Sanitaria sobre: LEMME BURN CÁPSULAS,27-01-2026,Colombia,INVIMA,,,"El Invima alerta sobre la comercialización ilegal de ""LEMME BURN CÁPSULAS"", un suplemento dietario fraudulento sin registro sanitario vigente. El motivo principal es la falta de aprobación oficial, lo que implica riesgos para la salud al desconocerse su contenido, calidad y seguridad."
https://app.invima.gov.co/alertas/ckfinder/userfiles/files/ALERTAS%20SANITARIAS/medicamentos_pbiologicos/2026/ENERO/Alerta%20No%233-%202026%20-%20SUE%C3%91OZZ.pdf,Alerta Sanitaria sobre : SUEÑOZZ,27-01-2026,Colombia,INVIMA,,,"El Invima alerta sobre la comercialización ilegal del producto SUEÑOZZ, promocionado como suplemento para dormir. La causa es que SUEÑOZZ es fraudulento, carece de registro sanitario y se desconoce su procedencia, componentes y seguridad, representando un alto riesgo para la salud."
https://www.ispch.gob.cl/wp-content/uploads/2026/01/Firmada-Alerta-2-26-Ref-I0200000426.pdf,ALERTA DE RETIRO DEL MERCADO N° 02/26 DEL PRODUCTO FARMACÉUTICO CLORURO DE POTASIO SOLUCIÓN INYECTABLE 10% IMPORTADO POR LA CENTRAL DE ABASTECIMIENTO DEL SISTEMA NACIONAL DE SERVICIOS DE SALUD (CENABAST),28-01-2026 12:24:23,Chile,ISPCH,,,"Se retira del mercado el producto CLORURO DE POTASIO SOLUCIÓN INYECTABLE 10% (series 24B20031G, 24B20032G) debido a un error de rotulación en la fecha de vencimiento del envase secundario."
https://www.ispch.gob.cl/wp-content/uploads/2026/01/Alerta-N°904-25-Actualizacion-NI.pdf,"Guantes de látex Sensitive, marca Hygieína",28-01-2026 12:55:17,Chile,ISPCH,,,"La alerta se emite por la comercialización y uso de los ""Hygiëna Guantes Sensitive"" como dispositivo médico, cuando su uso previsto es industrial, careciendo de la certificación y registro sanitario obligatorios para fines médicos."
http://antigo.anvisa.gov.br/informacoes-tecnicas13?p_p_id=101_INSTANCE_R6VaZWsQDDzS&p_p_col_id=column-1&p_p_col_count=1&_101_INSTANCE_R6VaZWsQDDzS_groupId=33868&_101_INSTANCE_R6VaZWsQDDzS_urlTitle=alerta-5126-tecnovigilancia-comunicado-da-empresa-medicone-projetos-e-solucoes-para-a-ind-e-a-saude-ltda-implantes-oftalmologicos-banda-trilho-cunha-m&_101_INSTANCE_R6VaZWsQDDzS_struts_action=%2Fasset_publisher%2Fview_content&_101_INSTANCE_R6VaZWsQDDzS_assetEntryId=7201717&_101_INSTANCE_R6VaZWsQDDzS_type=content,Alerta 5126 (Tecnovigilância) - Comunicado da empresa Medicone Projetos e Soluções para a Ind. e a Saúde Ltda - Implantes Oftalmológicos Banda - Trilho - Cunha Medicone.,28-01-2026 11:11,Brasil,ANVISA,,,La alerta se debe a una no conformidad en la rotulagem de los Implantes Oftalmológicos Banda - Trilho - Cunha Medicone (Ref. 7042). Se detectó una divergencia en las dimensiones impresas en la etiqueta del producto respecto a las especificaciones técnicas registradas.
http://antigo.anvisa.gov.br/informacoes-tecnicas13?p_p_id=101_INSTANCE_R6VaZWsQDDzS&p_p_col_id=column-1&p_p_col_count=1&_101_INSTANCE_R6VaZWsQDDzS_groupId=33868&_101_INSTANCE_R6VaZWsQDDzS_urlTitle=alerta-5127-tecnovigilancia-comunicado-da-empresa-labtest-diagnostica-s-a-hbsag-reagent-kit-&_101_INSTANCE_R6VaZWsQDDzS_struts_action=%2Fasset_publisher%2Fview_content&_101_INSTANCE_R6VaZWsQDDzS_assetEntryId=7201764&_101_INSTANCE_R6VaZWsQDDzS_type=content,Alerta 5127 (Tecnovigilância) - Comunicado da empresa Labtest Diagnóstica S.A - HBsAg Reagent Kit.,28-01-2026 12:29,Brasil,ANVISA,,,"La empresa Labtest Diagnóstica S.A. emite un alerta por su producto HBsAg Reagent Kit (lotes 25078001 ID01 y 25088001 ID01) debido a una alteración en su especificidad, causando un aumento de falsos positivos en muestras negativas."
https://www.argentina.gob.ar/noticias/anmat-prohibe-los-productos-medicos-electrodo-monopolar-arrowtip-y-yeso-nasal-termo,ANMAT prohíbe los productos médicos “Electrodo Monopolar ARROWtip” y “Yeso Nasal Termo Moldeable AQUAPLAST”,28-01-2026 08:58,Argentina,ANMAT,,,"ANMAT prohíbe los productos médicos ""Electrodo Monopolar ARROWtip"" y ""Yeso Nasal Termo Moldeable AQUAPLAST"" debido a su ilegitimidad y falta de registro sanitario."
https://www.digemid.minsa.gob.pe/webDigemid/alertas-modificaciones/2026/alerta-digemid-no-11-2026/,"ALERTA DIGEMID Nº 11-2026 - RETIRO DEL MERCADO DE UN LOTE DE PRODUCTO OBSERVADO POR RESULTADO CRÍTICO DE CONTROL DE CALIDAD. Productos: MEGACILINA ,(Bencilpenicilina benzatinica).",28-01-2026 19:31:08,Perú,DIGEMID,,https://www.digemid.minsa.gob.pe/Archivos/Alertas/2026/ALERTA_11-26.pdf,La Digemid alerta el retiro del mercado del lote 2304067 de MEGACILINA B 1 200 000 UI (Bencilpenicilina benzatínica) debido a un resultado crítico en el control de calidad: el pH de la suspensión reconstituida no es conforme.
https://www.digemid.minsa.gob.pe/webDigemid/alertas-modificaciones/2026/alerta-digemid-no-10-2026/,"ALERTA DIGEMID Nº 10-2026 - PRODUCTOS FARMACÉUTICOS FALSIFICADOS INCAUTADOS EN ACCIONES DE CONTROL Y VIGILANCIA SANITARIA. Productos: SUCRALFLAM, APRONAX",28-01-2026 19:26:54,Perú,DIGEMID,,https://www.digemid.minsa.gob.pe/Archivos/Alertas/2026/ALERTA_10-26.pdf,"La alerta DIGEMID Nº 010-2026 se emite por la incautación de productos farmacéuticos falsificados: **SUCRALFLAM** (lote no corresponde al fabricante) y **APRONAX** (lote no cumple características organolépticas), representando un riesgo para la salud pública."
https://www.digemid.minsa.gob.pe/webDigemid/alertas-modificaciones/2026/modificaciones-n-03-2026/,MODIFICACIONES N° 03 – 2026 - Evaluación del Informe Periódico de Seguridad (IPS) de KESIMPTA (Ofatumumab);,28-01-2026 20:53:34,Perú,DIGEMID,,https://www.digemid.minsa.gob.pe/Archivos/Modificaciones/2026/M03-26_Ofatumumab.pdf,"La alerta sobre Kesimpta (Ofatumumab) se debe a la identificación de nuevas advertencias de seguridad en su ficha técnica de la FDA, no presentes en Perú. Estas incluyen la necesidad de evaluar inmunoglobulinas y función hepática antes del tratamiento, contraindicación en infección activa por VHB, y riesgo de reacciones de hipersensibilidad graves y lesión hepática."
https://www.digemid.minsa.gob.pe/webDigemid/alertas-modificaciones/2026/modificaciones-n-02-2026/,MODIFICACIONES N° 02 – 2026 - Evaluación del Informe Periódico de Seguridad (IPS) de FLIXMAB (Infliximab);,23-01-2026 20:50:49,Perú,DIGEMID,,https://www.digemid.minsa.gob.pe/Archivos/Modificaciones/2026/M02-26_infliximab.pdf,"La alerta sobre FLIXMAB (Infliximab) se debe a inconsistencias y deficiencias en el Informe Periódico de Seguridad. Se identificaron reacciones adversas no incluidas en la ficha técnica local, errores metodológicos en la estimación y caracterización de pacientes, y el uso de terminología no estandarizada."
https://www.digemid.minsa.gob.pe/webDigemid/alertas-modificaciones/2026/modificaciones-n-04-2026/,MODIFICACIONES N° 04 – 2026 - Evaluación del Informe Periódico de Seguridad (IPS) de FASENRA (Benralizumab);,28-01-2026 20:54:34,Perú,DIGEMID,,https://www.digemid.minsa.gob.pe/Archivos/Modificaciones/2026/M04-26_Benralizumab.pdf,"La DIGEMID modificó la ficha técnica de FASENRA (Benralizumab) debido a la falta de actualización de la información de seguridad en Perú, en comparación con las versiones de la FDA y EMA. Además, se identificó una significativa falta de datos sobre los desenlaces de embarazos expuestos al medicamento."
http://antigo.anvisa.gov.br/informacoes-tecnicas13?p_p_id=101_INSTANCE_R6VaZWsQDDzS&p_p_col_id=column-1&p_p_col_count=1&_101_INSTANCE_R6VaZWsQDDzS_groupId=33868&_101_INSTANCE_R6VaZWsQDDzS_urlTitle=alerta-5128-tecnovigilancia-comunicado-da-empresa-philips-medical-systems-ltda-desfibrilador-monitor-efficia-&_101_INSTANCE_R6VaZWsQDDzS_struts_action=%2Fasset_publisher%2Fview_content&_101_INSTANCE_R6VaZWsQDDzS_assetEntryId=7202294&_101_INSTANCE_R6VaZWsQDDzS_type=content,Alerta 5128 (Tecnovigilância) - Comunicado da empresa Philips Medical Systems Ltda - Desfibrilador/Monitor Efficia.,29-01-2026 10:38,Brasil,ANVISA,,,"El Desfibrilador/Monitor Efficia DFM100 de Philips, con software 2.00.33, presenta un defecto que impide completar la secuencia de inicialización, dejándolo no disponible para uso clínico y pudiendo retrasar terapias vitales."
https://www.ispch.gob.cl/wp-content/uploads/2026/01/1.-Alerta-N°041-26-Publicacion.pdf,Catéter Venoso Central (CVC) Broviac™,29-01-2026 13:57:48,Chile,ISPCH,,,"Se emite una alerta de retiro del mercado para el ""Catéter Venoso Central (CVC) Broviac®"" debido a daños en el embalaje exterior de algunos kits, lo que podría comprometer la barrera estéril y generar riesgo de infección microbiana."
https://www.ispch.gob.cl/wp-content/uploads/2026/01/nota-informativa-tamsulosina.pdf,NOTA INFORMATIVA DE FARMACOVIGILANCIA TRATAMIENTO CON TAMSULOSINA PARA LA HIPERPLASIA PROSTÁTICA BENIGNA Y RIESGO DE HIPOTENSIÓN GRAVE.,30-01-2026 12:38:14,Chile,ISPCH,,,"El ISP alerta sobre el riesgo de hipotensión grave asociado al uso de tamsulosina para la hiperplasia prostática benigna. El motivo principal es el ""fenómeno de la primera dosis"" y la coadministración con antihipertensivos, que puede causar mareos, síncope y caídas."
https://www.ispch.gob.cl/wp-content/uploads/2026/01/Firmada-Alerta-Retiro-04-26-CEA-1.pdf,ALERTA DE RETIRO DEL MERCADO N° 04/26 DEL PRODUCTO FARMACÉUTICO HIDRORONOL COMPRIMIDOS 50 mg,30-01-2026 12:37:09,Chile,ISPCH,,,"Se retira voluntariamente del mercado el medicamento HIDRORONOL COMPRIMIDOS 50 mg (Hidroclorotiazida) de ITF-LABOMED FARMACÉUTICA LTDA. La causa es un ""mix-up"" de productos, donde se encontraron blísters de una serie dentro de estuches rotulados con otra serie diferente."
https://www.ispch.gob.cl/wp-content/uploads/2026/01/Firmada-Alerta-3-Ref.-I0200000526-AEB.pdf,ALERTA DE RETIRO DEL MERCADO N° 03/26 DEL PRODUCTO FARMACÉUTICO TRAMADOL CLORHIDRATO CÁPSULAS 50 mg,30-01-2026 12:36:41,Chile,ISPCH,,,"Se retira voluntariamente del mercado el medicamento TRAMADOL CLORHIDRATO CÁPSULAS 50 mg (Mintlab Co. S.A.) debido a un error de rotulado en el estuche, que indica ""Venta bajo receta simple"" en lugar de ""Venta bajo receta retenida""."
https://www.argentina.gob.ar/noticias/anmat-prohibe-un-aceite-de-oliva-extra-virgen-de-la-marca-tierra-de-oliva,ANMAT prohíbe un aceite de oliva extra virgen de la marca “Tierra de Oliva”,30-01-2026 09:00,Argentina,ANMAT,,,"ANMAT prohíbe el aceite de oliva extra virgen ""Tierra de Oliva"" porque carecía de registros sanitarios válidos, constituyendo un riesgo para la salud pública."
https://app.invima.gov.co/alertas/ckfinder/userfiles/files/ALERTAS%20SANITARIAS/medicamentos_pbiologicos/2026/ENERO/Alerta%20No_%20%238-2026%20-%20MINOXIDIL%205mg%20%2B%20DUTASTERIDE%200_5mg%20C%C3%81PSULAS%20.pdf,Alerta Sanitaria sobre : MINOXIDIL 5mg + DUTASTERIDE 0.5mg CÁPSULAS,30-01-2026,Colombia,INVIMA,,,"El Invima alerta sobre la comercialización ilegal de MINOXIDIL 5mg + DUTASTERIDE 0.5mg CÁPSULAS. El motivo principal es que el producto es fraudulento, carece de registro sanitario y no garantiza calidad, seguridad ni eficacia, representando un riesgo para la salud."
https://app.invima.gov.co/alertas/ckfinder/userfiles/files/ALERTAS%20SANITARIAS/medicamentos_pbiologicos/2026/ENERO/Alerta%20No_%20%239-2026%20-%20REBRIGHT%20.pdf,Alerta Sanitaria sobre : REBRIGHT,30-01-2026,Colombia,INVIMA,,,"El Invima alerta sobre la comercialización ilegal del producto REBRIGHT, publicitado como ""gotas oftálmicas"". El motivo principal es que se considera fraudulento al carecer de registro sanitario aprobado, lo que implica riesgos para la salud por falta de evaluación de calidad, seguridad y eficacia."
https://app.invima.gov.co/alertas/ckfinder/userfiles/files/ALERTAS%20SANITARIAS/medicamentos_pbiologicos/2026/ENERO/Alerta%20No_%20%2310-2026%20-PRODUCTOS.pdf,Alerta Sanitaria sobre : PRODUCTOS A BASE DE CBD de la marca PURE ORIGINS • GOTAS CBD • CBD OIL • LIVIN ACEITE CBD,30-01-2026,Colombia,INVIMA,,,"El Invima alerta sobre la comercialización ilegal de productos a base de CBD de la marca PURE ORIGINS (GOTAS CBD, CBD OIL, LIVIN ACEITE CBD). El motivo principal es que son fraudulentos, carecen de registro sanitario y no ofrecen garantías de calidad, seguridad ni eficacia, representando un alto riesgo para la salud."
https://app.invima.gov.co/alertas/ckfinder/userfiles/files/ALERTAS%20SANITARIAS/medicamentos_pbiologicos/2026/ENERO/Alerta%20No_%20%2312-2026%20-%20PRODUCTOS%20FRAUDULENTOS%20DE%20MARCA%20CELION.pdf,Alerta Sanitaria sobre : PRODUCTOS FRAUDULENTOS DE LA MARCA CELION: • POWER CELION • CELLERGY BOOST • MUNO T • NEURO CELL,30-01-2026,Colombia,INVIMA,,,"El Invima alerta sobre los productos fraudulentos POWER CELION, CELLERGY BOOST, MUNO T y NEURO CELL de la marca Celion. La causa es su comercialización ilegal sin registro sanitario, desconociéndose su procedencia, componentes y seguridad, lo que representa un alto riesgo para la salud."
https://app.invima.gov.co/alertas/ckfinder/userfiles/files/ALERTAS%20SANITARIAS/medicamentos_pbiologicos/2026/ENERO/Alerta%20No_%20%2311-2026%20K-PILLARUM%20DROPS%20.pdf,Alerta Sanitaria sobre : K-PILLARUM DROPS,30-01-2026,Colombia,INVIMA,,,"El Invima alerta sobre la comercialización ilegal del producto fraudulento K-Pillarum Drops. La causa es que no cuenta con registro sanitario, se desconoce su composición real y representa riesgos para la salud al no garantizar calidad, seguridad ni eficacia."
https://app.invima.gov.co/alertas/ckfinder/userfiles/files/ALERTAS%20SANITARIAS/medicamentos_pbiologicos/2026/ENERO/Alerta%20No%2314-2026%20-%20%C2%B7NO%20PAIN%20NUMBING%20.pdf,Alerta Sanitaria sobre : · NO PAIN NUMBING · XTERI-NUMB NO PAIN,30-01-2026,Colombia,INVIMA,,,"El Invima alerta sobre la comercialización fraudulenta de los productos ""NO PAIN NUMBING"" y ""XTERI-NUMB NO PAIN"". El motivo principal es que carecen de registro sanitario, lo que implica que no garantizan calidad, seguridad ni eficacia, representando un riesgo para la salud."
https://app.invima.gov.co/alertas/ckfinder/userfiles/files/ALERTAS%20SANITARIAS/medicamentos_pbiologicos/2026/ENERO/Alerta%20No%2313-2026%20-ANTI%20PARONYCHIA%20RELIEF%20OIL.pdf,Alerta Sanitaria sobre : ANTI PARONYCHIA RELIEF OIL,30-01-2026,Colombia,INVIMA,,,"El Invima alerta sobre la comercialización ilegal del producto ""ANTI PARONYCHIA RELIEF OIL"". La causa es que carece de registro sanitario, siendo fraudulento y representando un riesgo para la salud por su calidad, seguridad y eficacia desconocidas."
https://www.argentina.gob.ar/noticias/inmovilizacion-y-prohibicion-de-uso-preventiva-de-5-lotes-de-vancomax-titularidad-de-la,"Inmovilización y prohibición de uso preventiva de 5 lotes de VANCOMAX, titularidad de la firma KLONAL S.R.L.",30-01-2026 18:55,Argentina,ANMAT,,,"Inmovilización y prohibición de uso preventiva de 5 lotes de VANCOMAX, titularidad de la firma KLONAL S.R.L."
https://www.ispch.gob.cl/wp-content/uploads/2026/02/Alerta-N°055-26-Publicacion-Nota-Informativa-Centros.pdf,Reactivos de diagnóstico in vitro para la determinación de VIH (Varios),02-02-2026 11:23:11,Chile,ISPCH,,,"La alerta se emite por la presencia en el mercado de Kits para la detección de VIH (uso profesional y autotest) sin registro sanitario del Instituto de Salud Pública, lo que implica un riesgo para la salud."
https://www.ispch.gob.cl/wp-content/uploads/2026/02/Alerta-N°054-26-Publicacion-Nota-informativa-empresas.pdf,Reactivos de diagnóstico in vitro para la determinación de VIH (Varios),02-02-2026 11:22:23,Chile,ISPCH,,,"La alerta se emite por la presencia en el mercado de Kits para la detección de VIH (uso profesional y autotest) sin registro sanitario del Instituto de Salud Pública, lo que incumple la normativa vigente."
https://www.ispch.gob.cl/wp-content/uploads/2026/02/1.-Alerta-N°040-26-Publicacion.pdf,"Cánula arterial pediátrica reforzada, sin conector, con tapón de ventilación; Catéter venoso Flex Line, reforzado, con punta metálica",02-02-2026 11:20:38,Chile,ISPCH,,,"Se emite una alerta de retiro del mercado para las ""Cánulas arteriales pediátricas reforzadas"" y ""Catéteres venosos Flex Line"" de Getinge AB, debido a la posibilidad de desprendimiento de la punta metálica del dispositivo, lo que podría interrumpir el flujo sanguíneo durante el bypass cardiopulmonar."
https://www.argentina.gob.ar/noticias/anmat-prohibe-distintos-productos-cosmeticos-infantiles-por-carecer-de-inscripcion,ANMAT prohíbe distintos productos cosméticos infantiles por carecer de inscripción sanitaria,02-02-2026 08:31,Argentina,ANMAT,,,"ANMAT prohíbe cosméticos infantiles de varias marcas (Pequeña Diseñadora, Bebés Llorones, My Little Pony, Piku, Disney Princesses, Bicgerbowe, Iman of Noble, Victorious Final) por carecer de inscripción sanitaria."
https://www.ispch.gob.cl/wp-content/uploads/2026/02/Alerta-05-26.pdf,"ALERTA DE RETIRO DEL MERCADO N° 05/26 DEL PRODUCTO FARMACÉUTICO DERMODAN CREMA TÓPICA 0,1%",02-02-2026 15:41:10,Chile,ISPCH,,,"Se retira voluntariamente DERMODAN CREMA TÓPICA 0,1% (series 503048, 503049) debido a resultados fuera de especificación en el parámetro de valoración, identificados durante estudios de estabilidad."
http://antigo.anvisa.gov.br/informacoes-tecnicas13?p_p_id=101_INSTANCE_R6VaZWsQDDzS&p_p_col_id=column-1&p_p_col_count=1&_101_INSTANCE_R6VaZWsQDDzS_groupId=33868&_101_INSTANCE_R6VaZWsQDDzS_urlTitle=alerta-ggmon-n-1-2026-cosmetovigilancia-&_101_INSTANCE_R6VaZWsQDDzS_struts_action=%2Fasset_publisher%2Fview_content&_101_INSTANCE_R6VaZWsQDDzS_assetEntryId=7204898&_101_INSTANCE_R6VaZWsQDDzS_type=content,Alerta GGMON n° 01/2026: Produtos capilares utilizados para trançar ou modelar cabelos.,02-02-2026 18:36,Brasil,ANVISA,,,"La Anvisa alerta sobre el aumento de eventos adversos graves, como ceratitis y ceguera temporal, asociados al uso de productos capilares para trançar o modelar cabellos, especialmente durante festividades. El motivo principal es el uso incorrecto o de productos no autorizados."
https://www.agemed.gob.bo/retiro_producto/2026/RETIRO-DE-PRODUCTO-001.pdf,001/2026 - ALERTA RETIRO DE LOTE “MEDICAMENTO DE CALIDAD SUBESTÁNDAR” ON-DSETRON SOLUCIÓN INYECTABLE,28-01-2026,Bolivia,AGEMED,,,001/2026 - ALERTA RETIRO DE LOTE “MEDICAMENTO DE CALIDAD SUBESTÁNDAR” ON-DSETRON SOLUCIÓN INYECTABLE
https://www.digemid.minsa.gob.pe/webDigemid/alertas-modificaciones/2026/alerta-digemid-no-13-2026/,ALERTA DIGEMID Nº 13-2026 - RETIRO DEL MERCADO DE UN LOTE DE PRODUCTO OBSERVADO POR RESULTADO CRÍTICO DE CONTROL DE CALIDAD. Productos: SULFATO FERROSO,03-02-2026 19:21:43,Perú,DIGEMID,,https://www.digemid.minsa.gob.pe/Archivos/Alertas/2026/ALERTA_13-26.pdf,"La Digemid alerta el retiro del mercado del lote 2077104 de Sulfato Ferroso 300 mg Tableta Recubierta, debido a un resultado crítico en el control de calidad, específicamente, no conforme en el ensayo de disolución."
https://www.digemid.minsa.gob.pe/webDigemid/alertas-modificaciones/2026/alerta-digemid-no-12-2026/,ALERTA DIGEMID Nº 12-2026 - PRODUCTO FARMACÉUTICO FALSIFICADO INCAUTADO EN ACCIONES DE CONTROL Y VIGILANCIA SANITARIA. Productos: KITADOL MIGRAÑA,03-02-2026 19:20:25,Perú,DIGEMID,,https://www.digemid.minsa.gob.pe/Archivos/Alertas/2026/ALERTA_12-26.pdf,"La DIGEMID alerta sobre la incautación de **KITADOL MIGRAÑA** (paracetamol 500mg + cafeína 65mg) falsificado en Ayacucho. El motivo principal es que los lotes incautados no corresponden a los comercializados por el fabricante original, representando un riesgo para la salud pública."
https://www.ispch.gob.cl/wp-content/uploads/2026/02/1.-Alerta-N°056-26-Publicacion.pdf,Alaris™ VP Infusion Sets,04-02-2026 12:07:24,Chile,ISPCH,,,"Se emite una alerta de retiro del mercado para los ""Claris VP Infusion Sets"" (juegos de administración para bombas de infusión) debido a la posibilidad de fuga de fluido desde el tubo de silicona, lo que podría causar una infusión insuficiente, exposición a fármacos peligrosos o riesgo de embolia aérea/contaminación."
https://www.agemed.gob.bo/archivo_farmacovigi/alertas/2026/ALERTA_042_2026.pdf,"Alerta N° 042/2026 - DISPOSITIVO MÉDICO ILÍCITO ""CHUPON DE DISTRACCIÓN CON CADENA METALIZADA DORADA PATO DONALD - CHICHICO TAY TAY"" - 
                                SIN REGISTRO SANITARIO",26-01-2026,Bolivia,AGEMED,,,"Alerta N° 042/2026 - DISPOSITIVO MÉDICO ILÍCITO ""CHUPON DE DISTRACCIÓN CON CADENA METALIZADA DORADA PATO DONALD - CHICHICO TAY TAY"" - 
                                SIN REGISTRO SANITARIO"
https://www.agemed.gob.bo/archivo_farmacovigi/alertas/2026/ALERTA_041_2026.pdf,"Alerta N° 041/2026 - PRODUCTO ILÍCITO ""SUGARED CITRUS"" - SIN NOTIFICACIÓN SANITARIA OBLIGATORIA (NSO)",26-01-2026,Bolivia,AGEMED,,,"Alerta N° 041/2026 - PRODUCTO ILÍCITO ""SUGARED CITRUS"" - SIN NOTIFICACIÓN SANITARIA OBLIGATORIA (NSO)"
https://www.agemed.gob.bo/archivo_farmacovigi/alertas/2026/ALERTA_040_2026.pdf,"Alerta N° 040/2026 - PRODUCTO ILÍCITO ""SMACKERS EYE LOVE YOU"" - SIN NOTIFICACIÓN SANITARIA OBLIGATORIA (NSO)",26-01-2026,Bolivia,AGEMED,,,"Alerta N° 040/2026 - PRODUCTO ILÍCITO ""SMACKERS EYE LOVE YOU"" - SIN NOTIFICACIÓN SANITARIA OBLIGATORIA (NSO)"
https://www.agemed.gob.bo/archivo_farmacovigi/alertas/2026/ALERTA_039_2026.pdf,"Alerta N° 039/2026 - PRODUCTO ILÍCITO ""CARBON ACTIVADO - JABON DE GLICERINA"" - SIN NOTIFICACIÓN SANITARIA OBLIGATORIA (NSO)",26-01-2026,Bolivia,AGEMED,,,"Alerta N° 039/2026 - PRODUCTO ILÍCITO ""CARBON ACTIVADO - JABON DE GLICERINA"" - SIN NOTIFICACIÓN SANITARIA OBLIGATORIA (NSO)"
https://www.agemed.gob.bo/archivo_farmacovigi/alertas/2026/ALERTA_038_2026.pdf,"Alerta N° 038/2026 - PRODUCTO ILÍCITO ""HELLA SCOOPS"" - SIN NOTIFICACIÓN SANITARIA OBLIGATORIA (NSO)",26-01-2026,Bolivia,AGEMED,,,"Alerta N° 038/2026 - PRODUCTO ILÍCITO ""HELLA SCOOPS"" - SIN NOTIFICACIÓN SANITARIA OBLIGATORIA (NSO)"
https://www.agemed.gob.bo/archivo_farmacovigi/alertas/2026/ALERTA_037_2026.pdf,"Alerta N° 037/2026 - PRODUCTO ILÍCITO ""COLOURPOP"" SIN NOTIFICACIÓN SANITARIA OBLIGATORIA (NSO)",26-01-2026,Bolivia,AGEMED,,,"Alerta N° 037/2026 - PRODUCTO ILÍCITO ""COLOURPOP"" SIN NOTIFICACIÓN SANITARIA OBLIGATORIA (NSO)"
https://www.agemed.gob.bo/archivo_farmacovigi/alertas/2026/ALERTA_036_2026.pdf,"Alerta N° 036/2026 - PRODUCTO ILÍCITO ""CERA FIXADORA VAN BEARDS MORANGO"" - SIN NOTIFICACIÓN SANITARIA OBLIGATORIA (NSO)",26-01-2026,Bolivia,AGEMED,,,"Alerta N° 036/2026 - PRODUCTO ILÍCITO ""CERA FIXADORA VAN BEARDS MORANGO"" - SIN NOTIFICACIÓN SANITARIA OBLIGATORIA (NSO)"
https://www.agemed.gob.bo/archivo_farmacovigi/alertas/2026/ALERTA_035_2026.pdf,"Alerta N° 035/2026 - PRODUCTO ILÍCITO ""STAY SUPER LASTING"" - SIN NOTIFICACIÓN SANITARIA OBLIGATORIA (NSO)",26-01-2026,Bolivia,AGEMED,,,"Alerta N° 035/2026 - PRODUCTO ILÍCITO ""STAY SUPER LASTING"" - SIN NOTIFICACIÓN SANITARIA OBLIGATORIA (NSO)"
https://www.agemed.gob.bo/archivo_farmacovigi/alertas/2026/ALERTA_034_2026.pdf,"Alerta N° 034/2026 - PRODUCTO ILÍCITO ""SUGAR LOVE FAIR DUST""  - SIN NOTIFICACIÓN SANITARIA OBLIGATORIA (NSO)",26-01-2026,Bolivia,AGEMED,,,"Alerta N° 034/2026 - PRODUCTO ILÍCITO ""SUGAR LOVE FAIR DUST""  - SIN NOTIFICACIÓN SANITARIA OBLIGATORIA (NSO)"
https://www.agemed.gob.bo/archivo_farmacovigi/alertas/2026/ALERTA_033_2026.pdf,"Alerta N° 033/2026 - PRODUCTO ILÍCITO ""SHEA BETTER"" - SIN NOTIFICACIÓN SANITARIA OBLIGATORIA (NSO)",26-01-2026,Bolivia,AGEMED,,,"Alerta N° 033/2026 - PRODUCTO ILÍCITO ""SHEA BETTER"" - SIN NOTIFICACIÓN SANITARIA OBLIGATORIA (NSO)"
https://www.agemed.gob.bo/archivo_farmacovigi/alertas/2026/ALERTA_032_2026.pdf,"Alerta N° 032/2026 - PRODUCTO ILÍCITO ""ROBOT HOMME RED"" - SIN NOTIFICACIÓN SANITARIA OBLIGATORIA (NSO)",26-01-2026,Bolivia,AGEMED,,,"Alerta N° 032/2026 - PRODUCTO ILÍCITO ""ROBOT HOMME RED"" - SIN NOTIFICACIÓN SANITARIA OBLIGATORIA (NSO)"
https://www.agemed.gob.bo/archivo_farmacovigi/alertas/2026/ALERTA_031_2026.pdf,"Alerta N° 031/2026 - PRODUCTO ILÍCITO ""NIOXIN 2"" - SIN NOTIFICACIÓN SANITARIA OBLIGATORIA (NSO)",26-01-2026,Bolivia,AGEMED,,,"Alerta N° 031/2026 - PRODUCTO ILÍCITO ""NIOXIN 2"" - SIN NOTIFICACIÓN SANITARIA OBLIGATORIA (NSO)"
https://www.agemed.gob.bo/archivo_farmacovigi/alertas/2026/ALERTA_030_2026.pdf,"Alerta N° 030/2026 - PRODUCTO ILÍCITO ""NEUTRÓGENA SENSITIVE SKIN"" - SIN NOTIFICACIÓN SANITARIA OBLIGATORIA (NSO)",26-01-2026,Bolivia,AGEMED,,,"Alerta N° 030/2026 - PRODUCTO ILÍCITO ""NEUTRÓGENA SENSITIVE SKIN"" - SIN NOTIFICACIÓN SANITARIA OBLIGATORIA (NSO)"
https://www.agemed.gob.bo/archivo_farmacovigi/alertas/2026/ALERTA_029_2026.pdf,"Alerta N° 029/2026 - PRODUCTO ILÍCITO ""MINERAL 89"" - SIN NOTIFICACIÓN SANITARIA OBLIGATORIA (NSO)",26-01-2026,Bolivia,AGEMED,,,"Alerta N° 029/2026 - PRODUCTO ILÍCITO ""MINERAL 89"" - SIN NOTIFICACIÓN SANITARIA OBLIGATORIA (NSO)"
https://www.agemed.gob.bo/archivo_farmacovigi/alertas/2026/ALERTA_028_2026.pdf,"Alerta N° 028/2026 - PRODUCTO ILÍCITO ""LIFT & LUMINATE"" - SIN NOTIFICACIÓN SANITARIA OBLIGATORIA (NSO)",26-01-2026,Bolivia,AGEMED,,,"Alerta N° 028/2026 - PRODUCTO ILÍCITO ""LIFT & LUMINATE"" - SIN NOTIFICACIÓN SANITARIA OBLIGATORIA (NSO)"
https://www.agemed.gob.bo/archivo_farmacovigi/alertas/2026/ALERTA_027_2026.pdf,"Alerta N° 027/2026 - PRODUCTO ILÍCITO ""COLLAGEN SAKURA"" - SIN NOTIFICACIÓN SANITARIA OBLIGATORIA (NSO)/td>26/01/2026",26-01-2026,Bolivia,AGEMED,,,"Alerta N° 027/2026 - PRODUCTO ILÍCITO ""COLLAGEN SAKURA"" - SIN NOTIFICACIÓN SANITARIA OBLIGATORIA (NSO)/td>26/01/2026"
https://www.agemed.gob.bo/archivo_farmacovigi/alertas/2026/ALERTA_026_2026.pdf,"Alerta N° 026/2026 - PRODUCTO ILÍCITO ""COFFEE SCRUB"" - SIN NOTIFICACIÓN SANITARIA OBLIGATORIA (NSO)",26-01-2026,Bolivia,AGEMED,,,"Alerta N° 026/2026 - PRODUCTO ILÍCITO ""COFFEE SCRUB"" - SIN NOTIFICACIÓN SANITARIA OBLIGATORIA (NSO)"
https://www.agemed.gob.bo/archivo_farmacovigi/alertas/2026/ALERTA_025_2026.pdf,"Alerta N° 025/2026 - PRODUCTO ILÍCITO ""CITY COLOR BE MATTE LIPSTICK"" - SIN NOTIFICACIÓN SANITARIA OBLIGATORIA (NSO)",26-01-2026,Bolivia,AGEMED,,,"Alerta N° 025/2026 - PRODUCTO ILÍCITO ""CITY COLOR BE MATTE LIPSTICK"" - SIN NOTIFICACIÓN SANITARIA OBLIGATORIA (NSO)"
https://www.agemed.gob.bo/archivo_farmacovigi/alertas/2026/ALERTA_024_2026.pdf,"Alerta N° 024/2026 - PRODUCTO ILÍCITO ""BUTTER BELIEVE IT"" - SIN NOTIFICACIÓN SANITARIA OBLIGATORIA (NSO)",26-01-2026,Bolivia,AGEMED,,,"Alerta N° 024/2026 - PRODUCTO ILÍCITO ""BUTTER BELIEVE IT"" - SIN NOTIFICACIÓN SANITARIA OBLIGATORIA (NSO)"
https://www.agemed.gob.bo/archivo_farmacovigi/alertas/2026/ALERTA_023_2026.pdf,"Alerta N° 023/2026 - PRODUCTO ILÍCITO ""BLACK RADIANCE TRUE COMPLEXION"" - SIN NOTIFICACIÓN SANITARIA OBLIGATORIA (NSO)",26-01-2026,Bolivia,AGEMED,,,"Alerta N° 023/2026 - PRODUCTO ILÍCITO ""BLACK RADIANCE TRUE COMPLEXION"" - SIN NOTIFICACIÓN SANITARIA OBLIGATORIA (NSO)"
https://www.agemed.gob.bo/archivo_farmacovigi/alertas/2026/ALERTA_022_2026.pdf,"Alerta N° 022/2026 - PRODUCTO ILÍCITO ""BIOAQUA"" - SIN NOTIFICACIÓN SANITARIA OBLIGATORIA (NSO)",26-01-2026,Bolivia,AGEMED,,,"Alerta N° 022/2026 - PRODUCTO ILÍCITO ""BIOAQUA"" - SIN NOTIFICACIÓN SANITARIA OBLIGATORIA (NSO)"
https://www.agemed.gob.bo/archivo_farmacovigi/alertas/2026/ALERTA_021_2026.pdf,"Alerta N° 021/2026 - PRODUCTO ILICITO ""VICTORIA´S SECRET FRUIT CRUSH SHIMMER"" - SIN NOTIFICACIÓN SANITARIA OBLIGATORIA (NSO)",26-01-2026,Bolivia,AGEMED,,,"Alerta N° 021/2026 - PRODUCTO ILICITO ""VICTORIA´S SECRET FRUIT CRUSH SHIMMER"" - SIN NOTIFICACIÓN SANITARIA OBLIGATORIA (NSO)"
https://www.agemed.gob.bo/archivo_farmacovigi/alertas/2026/ALERTA_020_2026.pdf,"Alerta N° 020/2026 - DISPOSITIVO MÉDICO ILÍCITO ""CHUPON DE DISTRACCIÓN CON CADENA METALIZADA DORADA MINNI MOUSE - CHICHICO TAY TAY"" - 
                                SIN REGISTRO SANITARIO",26-01-2026,Bolivia,AGEMED,,,"Alerta N° 020/2026 - DISPOSITIVO MÉDICO ILÍCITO ""CHUPON DE DISTRACCIÓN CON CADENA METALIZADA DORADA MINNI MOUSE - CHICHICO TAY TAY"" - 
                                SIN REGISTRO SANITARIO"
https://www.agemed.gob.bo/archivo_farmacovigi/alertas/2026/ALERTA_045_2026.pdf,"Alerta N° 045/2026 - PRODUCTO ILÍCITO ""VICTORIA SEEKERS DIAMOND DREAM"" - SIN NOTIFICACIÓN SANITARIA OBLIGATORIA (NSO)",29-01-2026,Bolivia,AGEMED,,,"Alerta N° 045/2026 - PRODUCTO ILÍCITO ""VICTORIA SEEKERS DIAMOND DREAM"" - SIN NOTIFICACIÓN SANITARIA OBLIGATORIA (NSO)"
https://www.agemed.gob.bo/archivo_farmacovigi/alertas/2026/ALERTA_044_2026.pdf,"Alerta N° 044/2026 - PRODUCTO ILÍCITO ""VICTORIA´S SECRET PURE SEDUCTION"" - SIN NOTIFICACIÓN SANITARIA OBLIGATORIA (NSO)",29-01-2026,Bolivia,AGEMED,,,"Alerta N° 044/2026 - PRODUCTO ILÍCITO ""VICTORIA´S SECRET PURE SEDUCTION"" - SIN NOTIFICACIÓN SANITARIA OBLIGATORIA (NSO)"
https://www.agemed.gob.bo/archivo_farmacovigi/alertas/2026/ALERTA_043_2026.pdf,"Alerta N° 043/2026 - MEDICAMENTO ILÍCITO ""LIPOLESS ® MD 15"" - SIN REGISTRO SANITARIO Y DE CONTRABANDO",28-01-2026,Bolivia,AGEMED,,,"Alerta N° 043/2026 - MEDICAMENTO ILÍCITO ""LIPOLESS ® MD 15"" - SIN REGISTRO SANITARIO Y DE CONTRABANDO"
http://antigo.anvisa.gov.br/informacoes-tecnicas13?p_p_id=101_INSTANCE_R6VaZWsQDDzS&p_p_col_id=column-1&p_p_col_count=1&_101_INSTANCE_R6VaZWsQDDzS_groupId=33868&_101_INSTANCE_R6VaZWsQDDzS_urlTitle=alerta-5129-tecnovigilancia-comunicado-da-empresa-olympus-optical-do-brasil-ltda-papilotomo-descartavel-olympus-&_101_INSTANCE_R6VaZWsQDDzS_struts_action=%2Fasset_publisher%2Fview_content&_101_INSTANCE_R6VaZWsQDDzS_assetEntryId=7206519&_101_INSTANCE_R6VaZWsQDDzS_type=content,Alerta 5129 (Tecnovigilância) - Comunicado da empresa Olympus Optical do Brasil Ltda - Papilotomo Descartável Olympus.,05-02-2026 10:22,Brasil,ANVISA,,,"La alerta de Tecnovigilancia se emite por el retiro del Papilotomo Descartável Olympus (modelos KD-V411M-0320, KD-V411M-0330, KD-411Q-0720) debido a un defecto de fabricación que causa orientación incorrecta del hilo de corte. Esto puede provocar deformaciones, pérdida de rendimiento y riesgo de lesiones graves al paciente."
https://www.argentina.gob.ar/noticias/anmat-prohibe-los-productos-medicos-desfibriladores-externos-marca-yuwell,"ANMAT prohíbe los productos médicos desfibriladores externos, marca YUWELL",05-02-2026 09:10,Argentina,ANMAT,,,"ANMAT prohíbe preventivamente los desfibriladores externos marca YUWELL debido a la denuncia de robo por parte del importador, desconociéndose su estado y condición, lo que implica un riesgo potencial."
https://www.argentina.gob.ar/noticias/anmat-prohibe-distintos-productos-cosmeticos-de-la-marca-mumytalooks,ANMAT prohíbe distintos productos cosméticos de la marca “MUMYTALOOKS”,05-02-2026 09:25,Argentina,ANMAT,,,"ANMAT prohíbe productos cosméticos ""MUMYTALOOKS"" por carecer de inscripción sanitaria. El motivo principal es la falta de registro, lo que impide su comercialización legal."
https://www.argentina.gob.ar/noticias/anmat-prohibe-el-producto-cosmetico-jabon-liquido-higienizante-marca-plus,ANMAT prohíbe el producto cosmético “Jabón líquido higienizante” marca “PLUS”,05-02-2026 09:16,Argentina,ANMAT,,,"ANMAT prohíbe el ""Jabón líquido higienizante"" marca ""PLUS"" por comercializarse sin inscripción sanitaria y ser elaborado por una empresa no habilitada."
https://www.argentina.gob.ar/noticias/anmat-prohibe-distintos-productos-cosmeticos-de-la-marca-shine-hair,ANMAT prohíbe distintos productos cosméticos de la marca “SHINE HAIR”,05-02-2026 09:01,Argentina,ANMAT,,,"ANMAT prohíbe productos cosméticos ""SHINE HAIR"" por comercializarse sin inscripción sanitaria. La causa de la alerta es la falta de registro, lo que implica un riesgo para la salud pública."
https://www.argentina.gob.ar/noticias/anmat-prohibe-distintos-productos-cosmeticos-de-la-marca-zentidos,ANMAT prohíbe distintos productos cosméticos de la marca ZENTIDOS,05-02-2026 08:48,Argentina,ANMAT,,,ANMAT prohíbe productos cosméticos ZENTIDOS por notificación de eventos adversos y carecer de inscripción sanitaria.
https://www.argentina.gob.ar/noticias/anmat-prohibe-el-producto-cosmetico-escudo-reparador-de-caries-odontic-de-la-firma-nudenta,ANMAT prohíbe el producto cosmético Escudo reparador de caries ODONTIC de la firma NUDENTA,05-02-2026 08:41,Argentina,ANMAT,,,ANMAT prohíbe el cosmético Escudo reparador de caries ODONTIC (NUDENTA) por carecer de los registros sanitarios correspondientes.
https://www.argentina.gob.ar/noticias/anmat-prohibe-distintos-productos-domisanitarios-de-la-firma-quimica-cea-0,ANMAT prohíbe distintos productos domisanitarios de la firma Química C.E.A,05-02-2026 08:32,Argentina,ANMAT,,,"ANMAT prohíbe productos domisanitarios de Química C.E.A. La causa es que se comercializaban y publicitaban sin los registros sanitarios correspondientes, lo que llevó a la modificación de su estatus."
http://antigo.anvisa.gov.br/informacoes-tecnicas13?p_p_id=101_INSTANCE_R6VaZWsQDDzS&p_p_col_id=column-1&p_p_col_count=1&_101_INSTANCE_R6VaZWsQDDzS_groupId=33868&_101_INSTANCE_R6VaZWsQDDzS_urlTitle=alerta-5130-tecnovigilancia-comunicado-da-empresa-labtest-diagnostica-s-a-testosterone-reagent-kit-&_101_INSTANCE_R6VaZWsQDDzS_struts_action=%2Fasset_publisher%2Fview_content&_101_INSTANCE_R6VaZWsQDDzS_assetEntryId=7206564&_101_INSTANCE_R6VaZWsQDDzS_type=content,Alerta 5130 (Tecnovigilância) - Comunicado da empresa Labtest Diagnóstica S.A. - Testosterone Reagent Kit.,05-02-2026 11:14,Brasil,ANVISA,,,"El kit ""Testosterone Reagent Kit"" (lote 25070085 ID01) de Labtest Diagnóstica S.A. presenta un defecto de calidad. Falla al calibrar debido a una caída anormal en RLU, impidiendo la dosificación de testosterona en muestras biológicas."
https://app.invima.gov.co/alertas/ckfinder/userfiles/files/ALERTAS%20SANITARIAS/medicamentos_pbiologicos/2026/FEBRERO/Alerta%20No%2315-2026%20-%20FUROMA%20.pdf,Alerta Sanitaria sobre : FUROMA,05-02-2026,Colombia,INVIMA,,,"El Invima alerta sobre la comercialización ilegal del producto FUROMA, ofrecido como medicamento homeopático. La causa es que carece de registro sanitario, incumple la normativa y atribuye propiedades terapéuticas no autorizadas, representando un riesgo para la salud."
https://www.ministeriodesalud.go.cr/index.php/biblioteca-de-archivos-left/documentos-ministerio-de-salud/alertas-sanitarias/alertas-por-productos-en-el-mercado/2026-advertencias-por-productos-en-el-mercado/10045-05-de-febrero-de-2026-advertencia-sanitaria-n-02-2026-sobre-presencia-de-listeria-monocytogenes-en-el-lote-021-del-queso-montino-semiduro-marca-monteverde/file,"Advertencia sanitaria n°02-2026, sobre presencia de listeria monocytogenes en el lote 021 del queso montino semiduro, marca monteverde",05-02-2026 20:54,Costa Rica,MinSalud,,,"El Ministerio de Salud alerta sobre la presencia de *Listeria monocytogenes* en el lote 021 del Queso Montino Semiduro, marca Monteverde, detectada por análisis microbiológicos, incumpliendo la normativa de inocuidad alimentaria."
https://www.digemid.minsa.gob.pe/webDigemid/alertas-modificaciones/2026/modificaciones-n-07-2026/,MODIFICACIONES N° 07 – 2026 - Informe sobre seguridad de los productos farmacéuticos que contienen Clorhexidina;,05-02-2026 21:28:39,Perú,DIGEMID,,https://www.digemid.minsa.gob.pe/Archivos/Modificaciones/2026/M07-26_Clorhexidina.pdf,"La alerta sobre productos con Clorhexidina se debe al riesgo de toxicidad ocular grave, incluyendo daño corneal persistente y posible ceguera, incluso con protección ocular, por su migración accidental a los ojos durante la preparación cutánea."
https://www.digemid.minsa.gob.pe/webDigemid/alertas-modificaciones/2026/modificaciones-n-06-2026/,MODIFICACIONES N° 06 – 2026 - Informe sobre seguridad de los productos farmacéuticos que contienen progestinas;,05-02-2026 21:05:49,Perú,DIGEMID,,https://www.digemid.minsa.gob.pe/Archivos/Modificaciones/2026/M06-26_Progestinas.pdf,"DIGEMID alerta sobre el riesgo de meningioma (tumor cerebral) asociado al uso de anticonceptivos hormonales que contienen progestinas. Específicamente, se mencionan medicamentos con nomegestrol, clormadinona y acetato de medroxiprogesterona, debido a un mayor riesgo de desarrollar este tumor."
https://www.digemid.minsa.gob.pe/webDigemid/alertas-modificaciones/2026/modificaciones-n-05-2026/,MODIFICACIONES N° 05 – 2026 - Seguridad de los productos farmacéuticos que contienen Fentanilo;,05-02-2026 21:03:44,Perú,DIGEMID,,https://www.digemid.minsa.gob.pe/Archivos/Modificaciones/2026/M05-26_Fentanilo.pdf,"La DIGEMID ordena modificar los insertos de medicamentos con Fentanilo (parches y solución inyectable) debido a nuevos riesgos de seguridad. Estos incluyen el síndrome de abstinencia opioide neonatal, disfunción del esfínter de Oddi, trastornos esofágicos, apnea central del sueño, hiperalgesia, síndrome serotoninérgico e interacciones con el citocromo P450 3A4."
http://antigo.anvisa.gov.br/informacoes-tecnicas13?p_p_id=101_INSTANCE_R6VaZWsQDDzS&p_p_col_id=column-1&p_p_col_count=1&_101_INSTANCE_R6VaZWsQDDzS_groupId=33868&_101_INSTANCE_R6VaZWsQDDzS_urlTitle=alerta-02-2026-farmacovigilancia-riscos-relacionados-ao-uso-indevido-de-medicamentos-agonistas-glp-1-fora-das-indicacoes-aprovadas-da-bula-&_101_INSTANCE_R6VaZWsQDDzS_struts_action=%2Fasset_publisher%2Fview_content&_101_INSTANCE_R6VaZWsQDDzS_assetEntryId=7207361&_101_INSTANCE_R6VaZWsQDDzS_type=content,Alerta 02/2026 (Farmacovigilância): Riscos relacionados ao uso indevido de medicamentos agonistas GLP-1 fora das indicações aprovadas da bula.,06-02-2026 18:00,Brasil,ANVISA,,,"La Anvisa alerta sobre el riesgo de pancreatitis aguda, incluyendo casos fatales, y otros eventos adversos graves asociados al uso de medicamentos agonistas de GLP-1 (dulaglutida, liraglutida, semaglutida y tirzepatida), especialmente por su uso indebido sin indicación médica."
https://www.ispch.gob.cl/wp-content/uploads/2026/02/DD_4494839_260206_P.pdf,"ALERTA DE PRODUCTOS FARMACÉUTICOS SIN REGISTRO / FALSIFICADOS: venta de productos falsificados e ilegales en los denominados malls chinos y hace un llamado a evitar su compra y utilización, como también a hacer las correspondientes denuncias",06-02-2026 20:20:09,Chile,ISPCH,,,"El texto no contiene información sobre la causa de una alerta o modificación de un medicamento, ni menciona un producto involucrado. Solo presenta una firma y fecha de un director del Instituto de Salud Pública de Chile."
https://www.ministeriodesalud.go.cr/index.php/biblioteca-de-archivos-left/documentos-ministerio-de-salud/alertas-sanitarias/alertas-por-productos-en-el-mercado/2026-advertencias-por-productos-en-el-mercado/10047-06-de-febrero-de-2026-advertencia-sanitaria-n-03-2026-sobre-presencia-de-staphylococcus-aureus-en-el-lote-1251-del-queso-fresco-semiduro-para-freir-marca-quesos-del-norte-las-cuatro-a/file,"Advertencia sanitaria n°03-2026, sobre presencia de staphylococcus aureus en el lote 1251 del queso fresco semiduro para freir, marca quesos del norte las cuatro a",06-02-2026 21:51,Costa Rica,MinSalud,,,"El Ministerio de Salud alerta sobre la presencia de altas concentraciones de *Staphylococcus aureus* en el Lote 1251 del ""Queso Fresco Semiduro para Freír"", marca Quesos del Norte Las Cuatro A, incumpliendo parámetros microbiológicos."
https://app.invima.gov.co/alertas/ckfinder/userfiles/files/ALERTAS%20SANITARIAS/Alimentos_Bebidas/2026/Febrero/Alerta%20Sanitaria%20No_%2022-2026%20Falsificacion%20y%20Fraude%20Aguardiente%20sin%20azucar.pdf,"Alerta sanitaria sobre: FALSIFICACIÓN Y FRAUDE  AGUARDIENTE SIN AZUCAR AMARILLO DE MANZANARES marca AMARILLO DE MANZANARES CON LA IMAGEN, NOMBRE Y LOGO DEL CANTANTE YEISON JIMÉNEZ",02-02-2026,Colombia,INVIMA,,,"El Invima alerta sobre la comercialización ilegal de ""AGUARDIENTE SIN AZUCAR AMARILLO DE MANZANARES con la imagen de YEISON JIMÉNEZ"". La Industria Licorera de Caldas confirmó que este producto es una falsificación y fraude, usando indebidamente su registro sanitario."
https://www.ispch.gob.cl/wp-content/uploads/2026/02/1.-Alerta-N°078-26.pdf,Reactivos de diagnóstico in vitro para la determinación de VIH (Varios),09-02-2026 12:59:49,Chile,ISPCH,,,"La alerta se emite por la presencia en el mercado de Kits para la detección de VIH (JusChek, Aria, OnSite, All Test) sin el registro sanitario obligatorio del Instituto de Salud Pública de Chile, lo que implica un riesgo."
http://antigo.anvisa.gov.br/informacoes-tecnicas13?p_p_id=101_INSTANCE_R6VaZWsQDDzS&p_p_col_id=column-1&p_p_col_count=1&_101_INSTANCE_R6VaZWsQDDzS_groupId=33868&_101_INSTANCE_R6VaZWsQDDzS_urlTitle=alerta-5131-tecnovigilancia-comunicado-da-empresa-bard-brasil-industria-e-comercio-de-produtos-para-a-saude-ltda-cateter-de-acesso-vascular-bard-hickm&_101_INSTANCE_R6VaZWsQDDzS_struts_action=%2Fasset_publisher%2Fview_content&_101_INSTANCE_R6VaZWsQDDzS_assetEntryId=7208895&_101_INSTANCE_R6VaZWsQDDzS_type=content,Alerta 5131 (Tecnovigilância) - Comunicado da empresa Bard Brasil Indústria e Comércio de Produtos para a Saúde Ltda - Cateter de Acesso Vascular Bard Hickman/Leonard/ Broviac.,09-02-2026 11:23,Brasil,ANVISA,,,"La alerta concierne a los catéteres de acceso vascular Bard Hickman/Leonard/Broviac debido a daños en la bandeja externa del empaque, lo que compromete la barrera estéril y presenta riesgo de infección para el paciente."
http://antigo.anvisa.gov.br/informacoes-tecnicas13?p_p_id=101_INSTANCE_R6VaZWsQDDzS&p_p_col_id=column-1&p_p_col_count=1&_101_INSTANCE_R6VaZWsQDDzS_groupId=33868&_101_INSTANCE_R6VaZWsQDDzS_urlTitle=alerta-5132-tecnovigilancia-comunicado-da-empresa-medcorp-saude-tecnologia-ltda-conector-tego-&_101_INSTANCE_R6VaZWsQDDzS_struts_action=%2Fasset_publisher%2Fview_content&_101_INSTANCE_R6VaZWsQDDzS_assetEntryId=7209223&_101_INSTANCE_R6VaZWsQDDzS_type=content,Alerta 5132 (Tecnovigilância) - Comunicado da empresa Medcorp Saúde Tecnologia Ltda - Conector Tego.,09-02-2026 17:50,Brasil,ANVISA,,,"Alerta sobre el Conector Tego (ANVISA 10312210013) debido a defectos en la vedación de silicona, que incluyen abultamiento o rasgado. Estos problemas pueden causar fugas de fluido, obstrucción del flujo o infusión de aire, afectando la terapia."
http://antigo.anvisa.gov.br/informacoes-tecnicas13?p_p_id=101_INSTANCE_R6VaZWsQDDzS&p_p_col_id=column-1&p_p_col_count=1&_101_INSTANCE_R6VaZWsQDDzS_groupId=33868&_101_INSTANCE_R6VaZWsQDDzS_urlTitle=alerta-5134-tecnovigilancia-comunicado-da-empresa-laboratorios-b-braun-s-a-familia-de-trocartes-reutilizaveis-aesculap-&_101_INSTANCE_R6VaZWsQDDzS_struts_action=%2Fasset_publisher%2Fview_content&_101_INSTANCE_R6VaZWsQDDzS_assetEntryId=7209598&_101_INSTANCE_R6VaZWsQDDzS_type=content,Alerta 5134 (Tecnovigilância) - Comunicado da empresa Laboratórios B. Braun S.A. - Família de Trocartes Reutilizáveis Aesculap.,10-02-2026 10:51,Brasil,ANVISA,,,"La alerta se debe a un defecto en la Familia de Trocartes Reutilizáveis Aesculap, donde una variación en la longitud de la haste puede restringir el campo de visión quirúrgico al combinarse con neuroendoscopios."
http://antigo.anvisa.gov.br/informacoes-tecnicas13?p_p_id=101_INSTANCE_R6VaZWsQDDzS&p_p_col_id=column-1&p_p_col_count=1&_101_INSTANCE_R6VaZWsQDDzS_groupId=33868&_101_INSTANCE_R6VaZWsQDDzS_urlTitle=alerta-5133-tecnovigilancia-comunicado-da-empresa-medix-brasil-ltda-medix-brasil-seringa-de-insulina-descartavel-com-agulha-acoplada-&_101_INSTANCE_R6VaZWsQDDzS_struts_action=%2Fasset_publisher%2Fview_content&_101_INSTANCE_R6VaZWsQDDzS_assetEntryId=7209561&_101_INSTANCE_R6VaZWsQDDzS_type=content,Alerta 5133 (Tecnovigilância) - Comunicado da empresa Medix Brasil Ltda - Medix Brasil Seringa de Insulina Descartável com Agulha Acoplada.,10-02-2026 10:18,Brasil,ANVISA,,,"Se ha emitido un alerta para la Seringa de Insulina Descartável Medix Brasil (lote 240601) debido a un retiro por un defecto en el producto, confirmado por un laudo de análisis, que llevó a la empresa a realizar adecuaciones en el layout."
https://www.argentina.gob.ar/noticias/anmat-prohibe-el-uso-de-un-concentrador-de-oxigeno-marca-respironics-modelo-everflo-numero,"ANMAT prohíbe el uso de un concentrador de oxígeno marca Respironics, modelo EverFLO, número de serie 0022092",10-02-2026 08:18,Argentina,ANMAT,,,"ANMAT prohíbe el uso del concentrador de oxígeno Respironics EverFLO (serie 0022092) debido a la sustracción del equipo, lo que genera desconocimiento sobre sus condiciones de conservación y manipulación."
https://www.argentina.gob.ar/noticias/anmat-prohibe-distintos-productos-cosmeticos-para-el-cabello-de-la-marca-lg-la-gefa,ANMAT prohíbe distintos productos cosméticos para el cabello de la marca LG – La Gefa Cosmética VIP,10-02-2026 08:31,Argentina,ANMAT,,,ANMAT prohibió productos capilares LG – La Gefa Cosmética VIP por comercialización electrónica sin inscripción sanitaria.
https://www.argentina.gob.ar/noticias/anmat-prohibe-distintos-productos-domisanitarios-de-distintas-marcas,ANMAT prohíbe distintos productos domisanitarios de distintas marcas,10-02-2026 08:37,Argentina,ANMAT,,,"ANMAT prohíbe varios productos domisanitarios de distintas marcas. La causa es que no cuentan con registro sanitario ante ANMAT, tras recibir denuncias y constatar la falta de autorización."
https://www.argentina.gob.ar/noticias/anmat-prohibe-un-producto-domisanitario-de-la-firma-compania-de-poliproductos-baigo-sa,ANMAT prohíbe un producto domisanitario de la firma Compañía de Poliproductos Baigó S.A.,10-02-2026 08:24,Argentina,ANMAT,,,ANMAT prohíbe el domisanitario de Compañía de Poliproductos Baigó S.A. por falta de registro y graves irregularidades detectadas en su elaboración y control.
http://antigo.anvisa.gov.br/informacoes-tecnicas13?p_p_id=101_INSTANCE_R6VaZWsQDDzS&p_p_col_id=column-1&p_p_col_count=1&_101_INSTANCE_R6VaZWsQDDzS_groupId=33868&_101_INSTANCE_R6VaZWsQDDzS_urlTitle=alerta-5135-tecnovigilancia-comunicado-da-empresa-bio-rad-laboratorios-brasil-ltda-pastorex-meningitis-&_101_INSTANCE_R6VaZWsQDDzS_struts_action=%2Fasset_publisher%2Fview_content&_101_INSTANCE_R6VaZWsQDDzS_assetEntryId=7209751&_101_INSTANCE_R6VaZWsQDDzS_type=content,Alerta 5135 (Tecnovigilância) - Comunicado da empresa Bio-Rad Laboratórios Brasil Ltda - Pastorex Meningitis.,10-02-2026 12:37,Brasil,ANVISA,,,"La alerta se emite por el kit Pastorex Meningitis de Bio-Rad, debido al riesgo de resultados falso positivos con el reactivo Neisseria meningitidis C látex, afectando la identificación precisa."
http://antigo.anvisa.gov.br/informacoes-tecnicas13?p_p_id=101_INSTANCE_R6VaZWsQDDzS&p_p_col_id=column-1&p_p_col_count=1&_101_INSTANCE_R6VaZWsQDDzS_groupId=33868&_101_INSTANCE_R6VaZWsQDDzS_urlTitle=alerta-5136-tecnovigilancia-comunicado-da-empresa-teleflex-medical-brasil-ltda-sistema-de-stent-coronario-com-eluicao-de-sirolimus-&_101_INSTANCE_R6VaZWsQDDzS_struts_action=%2Fasset_publisher%2Fview_content&_101_INSTANCE_R6VaZWsQDDzS_assetEntryId=7209796&_101_INSTANCE_R6VaZWsQDDzS_type=content,Alerta 5136 (Tecnovigilância) - Comunicado da empresa Teleflex Medical Brasil Ltda - Sistema de Stent Coronário com Eluição de Sirolimus.,10-02-2026 13:39,Brasil,ANVISA,,,Se emite una alerta por el retiro del Sistema de Stent Coronario con Elución de Sirolimus (Orsiro) debido a un defecto de fabricación: el revestimiento hidrofílico no homogéneo puede liberar partículas y causar oclusiones.
https://www.ispch.gob.cl/wp-content/uploads/2026/02/1.-Alerta-N°063-26-Publicacion.pdf,ViziShot 2 FLEX (19G),10-02-2026 17:00:28,Chile,ISPCH,,,"Se emite una alerta de retiro del mercado para las agujas de aspiración ViziShot 2 FLEYE (19G) debido a un defecto de fabricación. El hipotubo o componentes plásticos pueden desprenderse durante el uso, requiriendo intervención médica."
https://www.ispch.gob.cl/wp-content/uploads/2026/02/1.-Alerta-N°050-26-Publicacion.pdf,"Unidad de insuflación UHI, UHI-2 y/o UHI-3",10-02-2026 16:57:23,Chile,ISPCH,,,"Se emite una alerta de retiro del mercado para los **insufladores Olympus UHI, UHI-2 y UHI-3** debido a un **defecto** que podría causar sobrepresión en la cavidad abdominal sin emitir alarma, con riesgo de daños graves al paciente, incluyendo la muerte."
https://app.invima.gov.co/alertas/ckfinder/userfiles/files/ALERTAS%20SANITARIAS/Dispositivos_Medicos/2026/Febrero/Alerta%20No_%20%2317-2026%20-%20FETAL%20CHROMOSOME%20%20ANEUPLOIDY%20DETECTION%20KIT%20.pdf,Alerta sanitaria sobre: FETAL CHROMOSOME ANEUPLOIDY DETECTION KIT,10-02-2026,Colombia,INVIMA,,,"El kit ""FETAL CHROMOSOME ANEUPLOIDY DETECTION KIT"" (lote 25020) presenta un defecto de fabricación en su control negativo, lo que puede causar resultados positivos erróneos de manera aleatoria."
http://antigo.anvisa.gov.br/informacoes-tecnicas13?p_p_id=101_INSTANCE_R6VaZWsQDDzS&p_p_col_id=column-1&p_p_col_count=1&_101_INSTANCE_R6VaZWsQDDzS_groupId=33868&_101_INSTANCE_R6VaZWsQDDzS_urlTitle=alerta-03-2026-farmacovigilancia-atualizacao-de-indicacao-e-informacoes-de-seguranca-da-vacina-contra-a-chikungunya-recombinante-atenuada-ixchiq-&_101_INSTANCE_R6VaZWsQDDzS_struts_action=%2Fasset_publisher%2Fview_content&_101_INSTANCE_R6VaZWsQDDzS_assetEntryId=7210018&_101_INSTANCE_R6VaZWsQDDzS_type=content,Alerta 03/2026 (Farmacovigilância): Atualização de indicação e informações de segurança da Vacina contra a Chikungunya [recombinante atenuada] Ixchiq®.,10-02-2026 19:54,Brasil,ANVISA,,,"A Anvisa modificou a bula da vacina Ixchiq® (Chikungunya) devido à identificação de novos sinais de segurança pós-comercialização. Foram observadas reações graves, incluindo hospitalizações e óbitos, principalmente em idosos e pessoas com comorbidades, motivando a restrição de idade e inclusão de contraindicações."
https://app.invima.gov.co/alertas/ckfinder/userfiles/files/ALERTAS%20SANITARIAS/Dispositivos_Medicos/2026/Febrero/Alerta%20No_%20%2321-2026%20-%20LIGHTMIX%20KIT%20EBV%20EC%20.pdf,Alerta sanitaria sobre: LIGHTMIX KIT EBV EC,10-02-2026,Colombia,INVIMA,,,"El kit LIGHTMIX KIT EBV EC (lote 34182503) para detección del virus de Epstein-Barr presenta un problema de rendimiento en sus reactivos, causando una pérdida de fluorescencia."
https://app.invima.gov.co/alertas/ckfinder/userfiles/files/ALERTAS%20SANITARIAS/Dispositivos_Medicos/2026/Febrero/Alerta%20No_%20%2320-2026%20-%20LIGHTMIX%20ABL1%20.pdf,Alerta sanitaria sobre: LIGHTMIX ABL1,10-02-2026,Colombia,INVIMA,,,"Alerta sanitaria por el producto LIGHTMIX ABL1 (lote 3572502) debido a una falla funcional identificada en pruebas de estabilidad de rutina, que lo hace inutilizable."
https://app.invima.gov.co/alertas/ckfinder/userfiles/files/ALERTAS%20SANITARIAS/Dispositivos_Medicos/2026/Febrero/Alerta%20No_%20%2319-2026%20-%20AGAR%20BIPLACA%20SANGRE%20-%20MACCONKEY%20.pdf,Alerta sanitaria sobre: AGAR BIPLACA SANGRE - MACCONKEY,10-02-2026,Colombia,INVIMA,,,Alerta sanitaria por el producto AGAR BIPLACA SANGRE - MACCONKEY (lote 03122519LA1) debido a la notificación del fabricante de contaminación en algunas unidades posterior a su liberación.
http://antigo.anvisa.gov.br/informacoes-tecnicas13?p_p_id=101_INSTANCE_R6VaZWsQDDzS&p_p_col_id=column-1&p_p_col_count=1&_101_INSTANCE_R6VaZWsQDDzS_groupId=33868&_101_INSTANCE_R6VaZWsQDDzS_urlTitle=alerta-5137-tecnovigilancia-comunicado-da-empresa-philips-medical-systems-ltda-azurion-&_101_INSTANCE_R6VaZWsQDDzS_struts_action=%2Fasset_publisher%2Fview_content&_101_INSTANCE_R6VaZWsQDDzS_assetEntryId=7210509&_101_INSTANCE_R6VaZWsQDDzS_type=content,Alerta 5137 (Tecnovigilância) - Comunicado da empresa Philips Medical Systems Ltda - Azurion.,11-02-2026 11:00,Brasil,ANVISA,,,"La alerta sobre el equipo Philips Azurion se debe a seis problemas de software que pueden causar pérdida de funcionalidad de imágenes (rayos X), movimiento motorizado, contenido incorrecto o pérdida de datos."
http://antigo.anvisa.gov.br/informacoes-tecnicas13?p_p_id=101_INSTANCE_R6VaZWsQDDzS&p_p_col_id=column-1&p_p_col_count=1&_101_INSTANCE_R6VaZWsQDDzS_groupId=33868&_101_INSTANCE_R6VaZWsQDDzS_urlTitle=alerta-5138-tecnovigilancia-comunicado-da-empresa-roche-diagnostica-brasil-ltda-familia-cobas-pro-10287411435-cobas-pure-c-303-10287411590-&_101_INSTANCE_R6VaZWsQDDzS_struts_action=%2Fasset_publisher%2Fview_content&_101_INSTANCE_R6VaZWsQDDzS_assetEntryId=7210554&_101_INSTANCE_R6VaZWsQDDzS_type=content,Alerta 5138 (Tecnovigilância) - Comunicado da empresa Roche Diagnóstica Brasil Ltda - Família Cobas Pro (10287411435); Cobas Pure c 303 (10287411590).,11-02-2026 11:48,Brasil,ANVISA,,,"Alerta para os instrumentos de diagnóstico in vitro Família Cobas Pro e Cobas Pure c 303 da Roche, devido a uma falha de software que permite calibrações incorretas, resultando em repetição de valores e resultados errados em ensaios tipo Spline."
https://app.invima.gov.co/alertas/ckfinder/userfiles/files/ALERTAS%20SANITARIAS/Dispositivos_Medicos/2026/Febrero/Alerta%20No_%20%2323-2026%20-%20LIGHTMIX%20BCR%20ABL%20.pdf,Alerta sanitaria sobre:  LIGHTMIX BCR ABL,11-02-2026,Colombia,INVIMA,,,"Alerta sanitaria por el producto LIGHTMIX BCR ABL (lote 27362502) debido a un fallo funcional identificado en pruebas de estabilidad, que lo hace inutilizable y no analizable."
https://www.digemid.minsa.gob.pe/webDigemid/alertas-modificaciones/2026/alerta-digemid-no-17-2026/,ALERTA DIGEMID Nº 17-2026 - COMERCIALIZACIÓN ILEGAL DE PRODUCTOS FARMACÉUTICOS (DIETÉTICOS) SIN REGISTRO SANITARIO POR PÁGINA WEB. Productos: dietético NAD+ & RESVERATROL,10-02-2026 13:44:18,Perú,DIGEMID,,https://www.digemid.minsa.gob.pe/Archivos/Alertas/2026/ALERTA_17-26.pdf,"La alerta de Digemid se debe a la comercialización ilegal del producto dietético NAD+ & RESVERATROL (cápsulas) a través de la página web KETO E PERÚ. El motivo principal es la ausencia de registro sanitario, datos del fabricante y país de origen, lo que representa un riesgo para la salud."
https://www.digemid.minsa.gob.pe/webDigemid/alertas-modificaciones/2026/alerta-digemid-no-16-2026/,ALERTA DIGEMID Nº 16-2026 - RETIRO DEL MERCADO DE UN LOTE DE UN DISPOSITIVO MÉDICO OBSERVADO POR RESULTADO CRÍTICO DE CONTROL DE CALIDAD. Productos: FOLEY CATHETER,10-02-2026 13:42:51,Perú,DIGEMID,,https://www.digemid.minsa.gob.pe/Archivos/Alertas/2026/ALERTA_16-26.pdf,"La Digemid alerta sobre el retiro del mercado del dispositivo médico ""Foley Catheter"" (Marca: X-MEDIC, Lote: 29032023) debido a un resultado crítico de control de calidad. El motivo principal es un defecto en sus caracteres físicos: el tubo presenta superficie no armónica y protuberancias."
https://www.digemid.minsa.gob.pe/webDigemid/alertas-modificaciones/2026/alerta-digemid-no-15-2026/,ALERTA DIGEMID Nº 15-2026 - RETIRO DEL MERCADO DE UN LOTE DE DISPOSITIVO MÉDICO OBSERVADO POR RESULTADO CRÍTICO DE CONTROL DE CALIDAD. Productos: GUANTES QUIRÚRGICOS,10-02-2026 13:41:24,Perú,DIGEMID,,https://www.digemid.minsa.gob.pe/Archivos/Alertas/2026/ALERTA_15-26.pdf,"Digemid alerta el retiro del mercado de los ""Guantes Quirúrgicos Pre-Empolvados N° 6.5"" (lote 20210520) debido a un resultado crítico de control de calidad, evidenciando defectos en caracteres físicos y estanquidad al agua."
https://www.digemid.minsa.gob.pe/webDigemid/alertas-modificaciones/2026/alerta-digemid-no-14-2026/,ALERTA DIGEMID Nº 14-2026 - PRODUCTO FARMACÉUTICO FALSIFICADO INCAUTADO EN ACCIONES DE CONTROL Y VIGILANCIA SANITARIA. Productos: ROCURONIUM BROMIDE,10-02-2026 13:39:30,Perú,DIGEMID,,https://www.digemid.minsa.gob.pe/Archivos/Alertas/2026/ALERTA_14-26.pdf,"La alerta de DIGEMID se debe a la incautación de **Rocuronium Bromide Injection 50 mg / 5 mL** falsificado. El producto, con lote E024A037*, no fue manufacturado por el fabricante original, representando un riesgo para la salud pública."
http://antigo.anvisa.gov.br/informacoes-tecnicas13?p_p_id=101_INSTANCE_R6VaZWsQDDzS&p_p_col_id=column-1&p_p_col_count=1&_101_INSTANCE_R6VaZWsQDDzS_groupId=33868&_101_INSTANCE_R6VaZWsQDDzS_urlTitle=alerta-5140-tecnovigilancia-comunicado-da-empresa-supermedy-importacao-e-exportacao-ltda-epp-sutura-de-nylon-monofilamento-&_101_INSTANCE_R6VaZWsQDDzS_struts_action=%2Fasset_publisher%2Fview_content&_101_INSTANCE_R6VaZWsQDDzS_assetEntryId=7210701&_101_INSTANCE_R6VaZWsQDDzS_type=content,Alerta 5140 (Tecnovigilância) - Comunicado da empresa Supermedy importação e exportação Ltda-EPP - Sutura de Nylon (Monofilamento).,11-02-2026 16:32,Brasil,ANVISA,,,"La alerta sobre la Sutura de Nylon (Monofilamento) de Supermedy se debe a un defecto de rotulagem. El producto carece de información obligatoria como ""Prohibido Reprocesar"" y condiciones de almacenamiento, lo que puede llevar a su reutilización o conservación inadecuada."
http://antigo.anvisa.gov.br/informacoes-tecnicas13?p_p_id=101_INSTANCE_R6VaZWsQDDzS&p_p_col_id=column-1&p_p_col_count=1&_101_INSTANCE_R6VaZWsQDDzS_groupId=33868&_101_INSTANCE_R6VaZWsQDDzS_urlTitle=alerta-5139-tecnovigilancia-comunicado-da-empresa-tecmedic-comercio-de-produtos-medicos-endotherme-1470-&_101_INSTANCE_R6VaZWsQDDzS_struts_action=%2Fasset_publisher%2Fview_content&_101_INSTANCE_R6VaZWsQDDzS_assetEntryId=7210660&_101_INSTANCE_R6VaZWsQDDzS_type=content,Alerta 5139 (Tecnovigilância) - Comunicado da empresa Tecmedic Comércio de Produtos Médicos - Endotherme 1470.,11-02-2026 15:53,Brasil,ANVISA,,,"A Tecmedic Comércio de Produtos Médicos emitiu um recall para o equipamento Endotherme 1470 (fibras Ringhlight) devido a uma alteração na difusão da energia do laser, que pode afetar a eficácia da punção venosa e causar retenção de corpo estranho ou trombose."
http://antigo.anvisa.gov.br/informacoes-tecnicas13?p_p_id=101_INSTANCE_R6VaZWsQDDzS&p_p_col_id=column-1&p_p_col_count=1&_101_INSTANCE_R6VaZWsQDDzS_groupId=33868&_101_INSTANCE_R6VaZWsQDDzS_urlTitle=alerta-5141-tecnovigilancia-comunicado-da-empresa-olympus-optical-do-brasil-ltda-insuflador-uhi-3-&_101_INSTANCE_R6VaZWsQDDzS_struts_action=%2Fasset_publisher%2Fview_content&_101_INSTANCE_R6VaZWsQDDzS_assetEntryId=7210762&_101_INSTANCE_R6VaZWsQDDzS_type=content,Alerta 5141 (Tecnovigilância) - Comunicado da empresa Olympus Optical do Brasil Ltda - Insuflador UHI-3.,11-02-2026 18:41,Brasil,ANVISA,,,"La Olympus Optical del Brasil Ltda. retira del mercado el Insuflador UHI-3 (todos los lotes) debido a un defecto en el algoritmo de software. Este defecto puede causar sobrepresión por insuflación excesiva, sin alarma ni alivio, con riesgo de embolia gaseosa, arritmias y muerte."
http://antigo.anvisa.gov.br/informacoes-tecnicas13?p_p_id=101_INSTANCE_R6VaZWsQDDzS&p_p_col_id=column-1&p_p_col_count=1&_101_INSTANCE_R6VaZWsQDDzS_groupId=33868&_101_INSTANCE_R6VaZWsQDDzS_urlTitle=informe-de-seguranca-ggmon-n-01-2026-riscos-do-uso-de-preenchedores-dermicos-fora-das-indicacoes-previstas-nas-instrucoes-de-uso-&_101_INSTANCE_R6VaZWsQDDzS_struts_action=%2Fasset_publisher%2Fview_content&_101_INSTANCE_R6VaZWsQDDzS_assetEntryId=7211169&_101_INSTANCE_R6VaZWsQDDzS_type=content,Informe de Segurança GGMON nº 01/2026: Riscos do uso de preenchedores dérmicos fora das indicações previstas nas Instruções de Uso.,12-02-2026 09:50,Brasil,ANVISA,,,"La Anvisa alerta sobre los graves riesgos de los preenchedores dérmicos (hidroxiapatita de calcio, ácido hialurónico, PLLA, PMMA) cuando se usan fuera de las indicaciones aprobadas, por volumen excesivo o en zonas no autorizadas, causando complicaciones severas."
http://antigo.anvisa.gov.br/informacoes-tecnicas13?p_p_id=101_INSTANCE_R6VaZWsQDDzS&p_p_col_id=column-1&p_p_col_count=1&_101_INSTANCE_R6VaZWsQDDzS_groupId=33868&_101_INSTANCE_R6VaZWsQDDzS_urlTitle=alerta-5143-tecnovigilancia-comunicado-da-empresa-olympus-optical-do-brasil-ltda-otica-urologica-rigida-olympus-80124630089-otica-laparoscopica-olympu&_101_INSTANCE_R6VaZWsQDDzS_struts_action=%2Fasset_publisher%2Fview_content&_101_INSTANCE_R6VaZWsQDDzS_assetEntryId=7211415&_101_INSTANCE_R6VaZWsQDDzS_type=content,Alerta 5143 (Tecnovigilância) - Comunicado da empresa Olympus Optical do Brasil Ltda - Ótica Urológica Rígida Olympus (80124630089); Ótica Laparoscópica Olympus (80124630136).,12-02-2026 11:48,Brasil,ANVISA,,,"La alerta se debe a que las Óticas Urológicas Rígidas y Laparoscópicas Olympus presentan quejas de **quebra de la punta de cerámica** de la vaina interna/de resección, lo que ha causado lesiones graves en pacientes."
http://antigo.anvisa.gov.br/informacoes-tecnicas13?p_p_id=101_INSTANCE_R6VaZWsQDDzS&p_p_col_id=column-1&p_p_col_count=1&_101_INSTANCE_R6VaZWsQDDzS_groupId=33868&_101_INSTANCE_R6VaZWsQDDzS_urlTitle=alerta-5144-tecnovigilancia-comunicado-da-empresa-cardinal-health-do-brasil-ltda-dreno-toracico-com-controle-de-aspiracao-a-seco-altitude-aqua-seal-81&_101_INSTANCE_R6VaZWsQDDzS_struts_action=%2Fasset_publisher%2Fview_content&_101_INSTANCE_R6VaZWsQDDzS_assetEntryId=7211509&_101_INSTANCE_R6VaZWsQDDzS_type=content,Alerta 5144 (Tecnovigilância) - Comunicado da empresa Cardinal Health do Brasil Ltda - Dreno Torácico com Controle de Aspiração a Seco Altitude – Aqua-Seal (81356112375); Drenagem torácica Aquaseal (81356112379).,12-02-2026 16:19,Brasil,ANVISA,,,"La alerta sobre los Drenos Torácicos Aqua-Seal de Cardinal Health se debe a una modificación en las instrucciones de uso. El cambio aclara que el producto es solo para adultos, ya que la falta de oscilación o burbujeo consistente podría llevar a una evaluación incorrecta y tratamientos inadecuados."
https://www.argentina.gob.ar/noticias/anmat-dispuso-la-baja-de-la-habilitacion-de-la-firma-idefarma-srl,ANMAT dispuso la baja de la habilitación de la firma IDEFARMA S.R.L,13-02-2026 08:35,Argentina,ANMAT,,,ANMAT dio de baja la habilitación de IDEFARMA S.R.L. debido a la falta de actividad productiva verificada en su establecimiento.
https://www.argentina.gob.ar/noticias/anmat-prohibe-bombas-de-infusion-de-la-firma-icu-medical-argentina-srl,ANMAT prohíbe bombas de infusión de la firma ICU Medical Argentina srl,13-02-2026 08:44,Argentina,ANMAT,,,"ANMAT prohíbe las bombas de infusión de ICU Medical Argentina srl debido al extravío de varias unidades registradas en el país, lo que constituye el motivo principal de la alerta."
https://www.argentina.gob.ar/noticias/anmat-prohibe-el-producto-domisanitario-de-la-firma-tide-original,ANMAT prohíbe el producto domisanitario de la firma Tide ORIGINAL,13-02-2026 08:24,Argentina,ANMAT,,,"ANMAT prohíbe el producto domisanitario Tide ORIGINAL por detectarse su venta como importado sin rotulado ni registro sanitario correspondiente, lo que constituye un incumplimiento normativo."
https://www.ispch.gob.cl/wp-content/uploads/2026/02/1.-Alerta-N°064-26-Publicacion.pdf,Esfinterótomo CleverCut y FlowCut,13-02-2026 14:44:31,Chile,ISPCH,,,"Se emite una alerta de retiro del mercado para los papilótomos ""Sphincterotome Cleaver Cut y Flow Cut"" de Olympus, debido a defectos que pueden causar deformación del cable y orientación incorrecta del alambre de corte. Esto puede provocar retrasos en procedimientos y lesiones graves al paciente."
http://antigo.anvisa.gov.br/informacoes-tecnicas13?p_p_id=101_INSTANCE_R6VaZWsQDDzS&p_p_col_id=column-1&p_p_col_count=1&_101_INSTANCE_R6VaZWsQDDzS_groupId=33868&_101_INSTANCE_R6VaZWsQDDzS_urlTitle=alerta-5145-tecnovigilancia-comunicado-da-empresa-descarpack-descartaveis-do-brasil-ltda-cateter-periferico-iv-descarpack-fep-&_101_INSTANCE_R6VaZWsQDDzS_struts_action=%2Fasset_publisher%2Fview_content&_101_INSTANCE_R6VaZWsQDDzS_assetEntryId=7212177&_101_INSTANCE_R6VaZWsQDDzS_type=content,Alerta 5145 (Tecnovigilância) - Comunicado da empresa Descarpack Descartáveis do Brasil Ltda - Cateter Periférico IV Descarpack – FEP.,13-02-2026 18:41,Brasil,ANVISA,,,Se ha emitido un retiro del lote SCTPAA062A del Catéter Periférico IV Descarpack – FEP - 14G debido a la identificación de gotas de fluido lubricante en su superficie externa.
https://app.invima.gov.co/alertas/ckfinder/userfiles/files/ALERTAS%20SANITARIAS/medicamentos_pbiologicos/2026/FEBRERO/Alerta%20No%2329-2026%20-%20TRIAMCINOLONE%20ACETONIDE%20INJECTION%20IP_%20BAJO%20LA%20MARCA%20(KENACORT%20%E2%80%93%20ABBOTT)%20.pdf,Alerta Sanitaria sobre: TRIAMCINOLONE ACETONIDE INJECTION IP. BAJO LA MARCA (KENACORT – ABBOTT),13-02-2026,Colombia,INVIMA,,,"El Invima alerta sobre la comercialización ilegal del producto TRIAMCINOLONE ACETONIDE INJECTION IP. (KENACORT – ABBOTT), un medicamento fraudulento sin registro sanitario en Colombia, que representa un riesgo para la salud por su falta de evaluación de calidad, seguridad y eficacia."
https://www.digemid.minsa.gob.pe/webDigemid/alertas-modificaciones/2026/alerta-digemid-no-19-2026/,ALERTA DIGEMID Nº 19-2026 - RETIRO DE MERCADO DE UN LOTE DE PRODUCTO FARMACÉUTICO OBSERVADO POR RESULTADO CRÍTICO DE CONTROL DE CALIDAD. Productos: BUPIDEX-HG (Bupivacaina),13-02-2026 20:12:55,Perú,DIGEMID,,https://www.digemid.minsa.gob.pe/Archivos/Alertas/2026/ALERTA_19-26.pdf,"La alerta de Digemid se debe al retiro del mercado del producto BUPIDEX-HG 0.5% (Bupivacaina) Solución Inyectable, lote ML25391, por un resultado crítico de control de calidad: no conforme para el ensayo de partículas visibles."
https://www.digemid.minsa.gob.pe/webDigemid/alertas-modificaciones/2026/alerta-digemid-no-18-2026/,ALERTA DIGEMID Nº 18-2026 - RETIRO DEL MERCADO DE UN LOTE DE DISPOSITIVO MÉDICO OBSERVADO POR RESULTADO CRITICO DE CONTROL DE CALIDAD. Productos: COMPRESA DE GASA QUIRÚRGICA,13-02-2026 20:10:29,Perú,DIGEMID,,https://www.digemid.minsa.gob.pe/Archivos/Alertas/2026/ALERTA_18-26.pdf,"Digemid alerta el retiro del mercado de la ""Compresa de Gasa Quirúrgica Mediana L&M"" (lote 2100064) debido a un resultado crítico en el control de calidad, que detectó materia extraña y manchas marrones."
https://app.invima.gov.co/alertas/ckfinder/userfiles/files/ALERTAS%20SANITARIAS/medicamentos_pbiologicos/2026/FEBRERO/Alerta%20No%2318-2026%20-%20PRODUCTO%20FALSIFICADO%20PERJETA%C2%AE%20420%20mg_14%20mL%20LOTE%20H0713%20F_F_%2007-2024%20F_V_%2007-2026.pdf,Alerta Sanitaria sobre: PRODUCTO FALSIFICADO PERJETA® 420 mg/14 mL LOTE H0713 F.F. 07-2024 F.V. 072026.,13-02-2026,Colombia,INVIMA,,,"Se emite una alerta sanitaria por la comercialización de PERJETA® 420 mg/14 mL (LOTE H0713) falsificado. El producto no contiene el principio activo Pertuzumab, sino cloruro de sodio, y presenta múltiples diferencias en empaque y codificación respecto al original."
https://app.invima.gov.co/alertas/ckfinder/userfiles/files/ALERTAS%20SANITARIAS/Dispositivos_Medicos/2026/Febrero/Alerta%20No_%20%2324-2026%20-%20SISTEMA%20CLAVOS%20INTRAMEDULARES%20Y%20TORNILLOS%20STRYKER-%20SISTEMA%20CLAVOS%20INTRAMEDULARES%2C%20TORNILLOS%20E%20INSTRUMENTAL%20ASOCIADO%20.pdf,"Alerta sanitaria sobre:  SISTEMA CLAVOS INTRAMEDULARES Y TORNILLOS STRYKER-  SISTEMA CLAVOS INTRAMEDULARES, TORNILLOS E INSTRUMENTAL ASOCIADO",13-02-2026,Colombia,INVIMA,,,"La alerta sanitaria sobre el ""SISTEMA CLAVOS INTRAMEDULARES Y TORNILLOS STRYKER"" se debe a la distribución de cuatro lotes del producto después de su fecha de vencimiento, lo que podría causar infección o contaminación si no se detecta."
https://app.invima.gov.co/alertas/ckfinder/userfiles/files/ALERTAS%20SANITARIAS/Dispositivos_Medicos/2026/Febrero/Alerta%20No_%20%2325-2026%20-%20SISTEMA%20DE%20LIBERACION%20CON%20STENT%20AXIOS%20.pdf,Alerta sanitaria sobre: SISTEMA DE LIBERACION CON STENT AXIOS,13-02-2026,Colombia,INVIMA,,,"Boston Scientific retira ciertos stents y sistemas introductores AXIOS™ debido a un aumento en reportes de problemas con el despliegue y la expansión del stent. El defecto ocurre durante la colocación, afectando el producto SISTEMA DE LIBERACION CON STENT AXIOS."
https://app.invima.gov.co/alertas/ckfinder/userfiles/files/ALERTAS%20SANITARIAS/Dispositivos_Medicos/2026/Febrero/Alerta%20No_%20%2326-2026%20-%20ELECTRODOS%20DESECHABLES%20PARA%20ESTIMULACI%C3%93N%20CARDIACA%20EXTERNA-ELECTRODOS%20PARA%20DESFIBRILACI%C3%93N%20.pdf,Alerta sanitaria sobre:  ELECTRODOS DESECHABLES PARA ESTIMULACIÓN CARDIACA  EXTERNA-ELECTRODOS PARA DESFIBRILACIÓN,13-02-2026,Colombia,INVIMA,,,"Alerta por electrodos desechables para desfibrilación (ELECTRODOS DESECHABLES PARA ESTIMULACIÓN CARDIACA EXTERNA-ELECTRODOS PARA DESFIBRILACIÓN) con referencia F7987W y lotes específicos. El motivo es un defecto que podría causar que el desfibrilador reconozca los electrodos de adulto como pediátricos, suministrando energía incorrecta."
https://app.invima.gov.co/alertas/ckfinder/userfiles/files/ALERTAS%20SANITARIAS/Dispositivos_Medicos/2026/Febrero/Alerta%20No_%20%2327-2026%20-%20AFFINITY%20OXYGENATOR%20AND%20CARDIOTOMY_VENOUS%20RESERVOIR%20.pdf,Alerta sanitaria sobre: AFFINITY OXYGENATOR AND CARDIOTOMY/VENOUS RESERVOIR,13-02-2026,Colombia,INVIMA,,,"Alerta por el oxigenador AFFINITY OXYGENATOR AND CARDIOTOMY/VENOUS RESERVOIR (lote 231621003) de Medtronic, debido a una disminución en la tasa de transferencia de CO2, atribuida a un lote de fibra Spiderman que no cumplió los requisitos de rendimiento."
https://www.ispch.gob.cl/wp-content/uploads/2026/02/Alerta-sanitaria.pdf,ALERTA DE RETIRO DEL MERCADO N° 07/26 DE TRES LOTES DEL PRODUCTO FARMACÉUTICO FLUFENAZINA DECANOATO SOLUCIÓN INYECTABLE 250 mg/10 mL DE ETHON PHARMACEUTICALS SPA.,16-02-2026 19:35:46,Chile,ISPCH,,,"Se retira voluntariamente del mercado la FLUFENAZINA DECANOATO SOLUCIÓN INYECTABLE 250 mg/10 mL (series 3EB05478, 4EB05336, 4EBO8477) debido a la presencia de partículas dentro de los envases sellados."
https://www.ispch.gob.cl/wp-content/uploads/2026/02/Alerta-6.pdf,"ALERTA DE RETIRO DEL MERCADO N°06/26 DEL PRODUCTO FARMACÉUTICO LIPPOD 20 mg/10 mL SOLUCIÓN INYECTABLE (DOXORRUBICINA LIPOSOMAL), IMPORTADO POR COMERCIALIZADORA DE ALIMENTOS ESPECIALIZADOS, MEDICAMENTOS Y DISPOSITIVOS MÉDICOS SPA (ALMEDIS SPA)",06-02-2026 12:27:15,Chile,ISPCH,,,Se retira voluntariamente LIPPOD 20 mg/10 mL SOLUCIÓN INYECTABLE (Doxorrubicina HCl Liposomal) debido a problemas de estabilidad fisicoquímica del principio activo tras su reconstitución en solución de Dextrosa 5%.
https://app.invima.gov.co/alertas/ckfinder/userfiles/files/ALERTAS%20SANITARIAS/medicamentos_pbiologicos/2026/FEBRERO/Alerta%20No%2331-2026%20-%20%E2%80%A2%20ASHWAGANDHA%203000%20mg%20Marca_%20Carlyle%20%20%20%E2%80%A2RESVERATROL%20(Dr_%20Martin%26%23039%3Bs%20Nutrition)%20%20%E2%80%A2C%C3%81PSULAS%20QUEMADORAS%20DE%20GRASA%20BURN%20%20%20%E2%80%A2RESVERATROL%20QUERCETIN%20GRAINS%20Marca_%20Sotalix%20S.pdf,Alerta Sanitaria Sobre: • ASHWAGANDHA 3000 mg Marca: Carlyle •RESVERATROL (Dr. Martin's Nutrition) •CÁPSULAS QUEMADORAS DE GRASA BURN •RESVERATROL QUERCETIN GRAINS Marca: Sotalix Suplemento dietario •GLUCOSAMINA + CONDROITINA + MSM + COLÁGENO + CÚRCUMA Ma,17-02-2026,Colombia,INVIMA,,,"El Invima alerta sobre la comercialización ilegal de suplementos dietarios como ASHWAGANDHA 3000 mg (Carlyle), RESVERATROL (Dr. Martin's Nutrition), CÁPSULAS QUEMADORAS DE GRASA BURN, RESVERATROL QUERCETIN GRAINS (Sotalix), GLUCOSAMINA + CONDROITINA + MSM + COLÁGENO + CÚRCUMA (Sotal"
https://www.digemid.minsa.gob.pe/webDigemid/alertas-modificaciones/2026/alerta-digemid-no-21-2026/,ALERTA DIGEMID Nº 21-2026 - RETIRO DEL MERCADO DE UN LOTE DE DISPOSITIVO MÉDICO OBSERVADO POR RESULTADO CRÍTICO DE CONTROL DE CALIDAD. Productos: THREE WAY STOP-COCK (LLAVES DE PASO),17-02-2026 16:17:51,Perú,DIGEMID,,https://www.digemid.minsa.gob.pe/Archivos/Alertas/2026/ALERTA_21-26.pdf,"La DIGEMID alerta sobre el retiro de un lote del dispositivo médico ""THREE WAY STOP-COCK"" (llaves de paso) marca OnePlus. El motivo es un resultado crítico de control de calidad, presentando rebabas y bordes afilados, lo que lo hace no conforme."
https://www.digemid.minsa.gob.pe/webDigemid/alertas-modificaciones/2026/alerta-digemid-no-20-2026/,ALERTA DIGEMID Nº 20-2026 - RETIRO DEL MERCADO DE UN LOTE DE DISPOSITIVO MÉDICO OBSERVADO POR RESULTADO CRÍTICO DE CONTROL DE CALIDAD. Productos: CANULA INTRAVENOSA,17-02-2026 16:09:10,Perú,DIGEMID,,https://www.digemid.minsa.gob.pe/Archivos/Alertas/2026/ALERTA_20-26.pdf,"La Digemid alerta sobre el retiro de un lote de la cánula intravenosa ""BIO ON"" (lote 052402) debido a un defecto crítico de calidad. Se encontraron rebabas, partículas extrañas y bordes irregulares en la aguja y punta del catéter."
https://app.invima.gov.co/alertas/ckfinder/userfiles/files/ALERTAS%20SANITARIAS/Cosmeticos_aseo_higiene/2026/Febrero/Alerta%20No%2032-2026%20DELICADA%20ESPUMA%20LIMPIADORA%2017022026.pdf,Alerta sanitaria sobre: DELICADA ESPUMA LIMPIADORA con NSOC81756-17CO y lote 2506022,17-02-2026,Colombia,INVIMA,,,"El Invima alerta sobre la ""Delicada Espuma Limpiadora"" (NSOC81756-17CO, lote 2506022) debido a una alteración de calidad microbiológica. Se encontró un recuento de microorganismos mesófilos aerobios totales por encima del límite aceptable, lo que representa un riesgo para la salud."
https://www.ispch.gob.cl/wp-content/uploads/2026/02/1.-Alerta-N°096-26-Publicacion.pdf,STANDARD™ F HIV Ag/Ab FIA,18-02-2026 15:29:32,Chile,ISPCH,,,"Se alerta el retiro del mercado de los reactivos ""STANDARD Q HIV Ag/Ab FI"" (kits para ensayos de VIH) debido a que el producto no cuenta con registro sanitario que avale su seguridad, calidad y eficacia."
https://www.ispch.gob.cl/wp-content/uploads/2026/02/1.-Alerta-N°052-26-Publicacion.pdf,Conector para hemodiálisis sin aguja Tego,18-02-2026 15:24:35,Chile,ISPCH,,,"Alerta de retiro del mercado para el ""Conector para hemodiálisis sin aguja Tego"" debido a un defecto: posible abombamiento o desgarro del sello de silicona, que podría causar retrasos en la terapia, fugas de líquido o infusión de aire, con nueve informes de lesiones graves."
http://antigo.anvisa.gov.br/informacoes-tecnicas13?p_p_id=101_INSTANCE_R6VaZWsQDDzS&p_p_col_id=column-1&p_p_col_count=1&_101_INSTANCE_R6VaZWsQDDzS_groupId=33868&_101_INSTANCE_R6VaZWsQDDzS_urlTitle=alerta-5146-tecnovigilancia-comunicado-da-empresa-becton-dickinson-industrias-cirurgicas-ltda-bd-angiocath-&_101_INSTANCE_R6VaZWsQDDzS_struts_action=%2Fasset_publisher%2Fview_content&_101_INSTANCE_R6VaZWsQDDzS_assetEntryId=7215043&_101_INSTANCE_R6VaZWsQDDzS_type=content,Alerta 5146 (Tecnovigilância) - Comunicado da empresa Becton Dickinson Indústrias Cirúrgicas Ltda - BD Angiocath.,18-02-2026 16:52,Brasil,ANVISA,,,"La alerta de tecnovigilancia se emite para el catéter intravenoso periférico estéril BD Angiocath (lote 4113765) debido a un defecto de calidad: la presencia de gotas de lubricación visibles en su superficie, incumpliendo la norma ABNT NBR ISO 10555-5:2021."
https://app.invima.gov.co/alertas/ckfinder/userfiles/files/ALERTAS%20SANITARIAS/medicamentos_pbiologicos/2026/FEBRERO/Alerta%20No%2335-2026%20-%20%E2%80%A2%20MYO%20%26amp%3B%20D-CHIRO%20INOSITOL%2B%20Marca_%20Optify%20%20%E2%80%A2%20PROBI%C3%93TICOS%20VAGINALES%20SUNERGETIC%20%20%E2%80%A2%20NATROL%20TIME%20RELEASE%20MELATONINA%205%20mg%2C%20100%20tabletas%20%20%20%20%E2%80%A2%20LEVADURA%20DE%20ARROZ%20ROJO%20600%20M.pdf,"Alerta sanitaria sobre : • MYO & D-CHIRO INOSITOL+ Marca: Optify • PROBIÓTICOS VAGINALES SUNERGETIC • NATROL TIME RELEASE MELATONINA 5 mg, 100 tabletas • LEVADURA DE ARROZ ROJO 600 mg 240 CÁPSULAS PURITAN’S PRIDE • ARROZ DE LEVADURA ROJA CON COQ10 NATUREB",18-02-2026,Colombia,INVIMA,,,"El Invima alerta sobre la comercialización ilegal de varios suplementos dietarios, incluyendo ""MYO & D-CHIRO INOSITOL+ Optify"" y ""NATROL TIME RELEASE MELATONINA 5 mg"", entre otros. El motivo principal es que estos productos son fraudulentos y carecen de registro sanitario, representando un riesgo para la salud."
https://app.invima.gov.co/alertas/ckfinder/userfiles/files/ALERTAS%20SANITARIAS/medicamentos_pbiologicos/2026/FEBRERO/Alerta%20No%2334-2026%20-%20EXELGES%20TABLETAS%20RECUBIERTAS%20.pdf,Alerta Sanitaria sobre : EXELGES TABLETAS RECUBIERTAS,19-02-2026,Colombia,INVIMA,,,"El Invima alerta sobre la comercialización ilegal del producto fraudulento EXELGES TABLETAS RECUBIERTAS, publicitado como analgésico/antigripal. La causa es que no posee registro sanitario aprobado, considerándose un producto fraudulento que representa riesgos graves para la salud."
https://www.ispch.gob.cl/wp-content/uploads/2026/02/Alerta-N°116-26-Nota-informativa.pdf,Reactivos de diagnóstico in vitro para la determinación de VIH (Varios),19-02-2026 14:03:02,Chile,ISPCH,,,"La alerta se emite por la comercialización de kits para la detección de VIH (uso profesional y autotest) que no cuentan con registro sanitario del Instituto de Salud Pública, lo que compromete su calidad, seguridad y eficacia."
https://www.argentina.gob.ar/noticias/anmat-prohibe-el-producto-aceite-de-oliva-virgen-extra-clasico-de-la-marca-nucete,"ANMAT prohíbe el producto ""Aceite de oliva virgen extra clásico"" de la marca NUCETE",19-02-2026 08:00,Argentina,ANMAT,,,"ANMAT prohíbe el ""Aceite de oliva virgen extra clásico"" NUCETE (botellas de 500 ml, lote L. C5-243003) debido a que la empresa confirmó que son productos falsificados."
https://www.agemed.gob.bo/archivo_farmacovigi/alertas/2026/ALERTA_046_2026.pdf,"Alerta N° 046/2026 - PRODUCTO ILÍCITO ""VICTORIA´S SECRET BARE VANILLA"" - SIN NOTIFICACIÓN SANITARIA OBLIGATORIA (NSO)",02-02-2026,Bolivia,AGEMED,,,"Alerta N° 046/2026 - PRODUCTO ILÍCITO ""VICTORIA´S SECRET BARE VANILLA"" - SIN NOTIFICACIÓN SANITARIA OBLIGATORIA (NSO)"
http://antigo.anvisa.gov.br/informacoes-tecnicas13?p_p_id=101_INSTANCE_R6VaZWsQDDzS&p_p_col_id=column-1&p_p_col_count=1&_101_INSTANCE_R6VaZWsQDDzS_groupId=33868&_101_INSTANCE_R6VaZWsQDDzS_urlTitle=alerta-5147-tecnovigilancia-comunicado-da-empresa-olympus-optical-do-brasil-ltda-rinolaringofibroscopio-&_101_INSTANCE_R6VaZWsQDDzS_struts_action=%2Fasset_publisher%2Fview_content&_101_INSTANCE_R6VaZWsQDDzS_assetEntryId=7215695&_101_INSTANCE_R6VaZWsQDDzS_type=content,Alerta 5147 (Tecnovigilância) - Comunicado da empresa Olympus Optical do Brasil Ltda - Rinolaringofibroscópio.,19-02-2026 18:52,Brasil,ANVISA,,,"La alerta de Tecnovigilancia 5147 se emite para el Rinolaringofibroscópio (modelos MAJ-210 y MAJ-1218) de Olympus, debido al riesgo de desprendimiento de fragmentos de goma durante su uso, lo que puede causar lesiones al paciente, incluyendo la presencia de cuerpos extraños y disminución de la capacidad de aspiración."
https://www.argentina.gob.ar/noticias/anmat-dispone-la-baja-de-habilitacion-de-varios-establecimientos-de-medicamentos-y-0,ANMAT dispone la baja de habilitación de varios establecimientos de medicamentos y especialidades medicinales,20-02-2026 09:27,Argentina,ANMAT,,,ANMAT dio de baja la habilitación de 60 droguerías. La causa fue que su habilitación de establecimiento y certificación de Buenas Prácticas de Distribución de Medicamentos estaban vencidas.
http://antigo.anvisa.gov.br/informacoes-tecnicas13?p_p_id=101_INSTANCE_R6VaZWsQDDzS&p_p_col_id=column-1&p_p_col_count=1&_101_INSTANCE_R6VaZWsQDDzS_groupId=33868&_101_INSTANCE_R6VaZWsQDDzS_urlTitle=alerta-5149-tecnovigilancia-comunicado-da-empresa-gold-analisa-diagnostica-ltda-fia-hcg-80022230243-fia-dimero-d-80022230253-&_101_INSTANCE_R6VaZWsQDDzS_struts_action=%2Fasset_publisher%2Fview_content&_101_INSTANCE_R6VaZWsQDDzS_assetEntryId=7216324&_101_INSTANCE_R6VaZWsQDDzS_type=content,Alerta 5149 (Tecnovigilância) - Comunicado da empresa Gold Analisa Diagnóstica Ltda - FIA hCG (80022230243); FIA Dímero D (80022230253).,20-02-2026 16:21,Brasil,ANVISA,,,"La alerta se debe a un defecto en los kits de diagnóstico FIA hCG y FIA Dímero D de Gold Analisa, donde se constató una **mezcla indebida de componentes (cassette y tampón) entre ambos kits**, invalidando los ensayos."
http://antigo.anvisa.gov.br/informacoes-tecnicas13?p_p_id=101_INSTANCE_R6VaZWsQDDzS&p_p_col_id=column-1&p_p_col_count=1&_101_INSTANCE_R6VaZWsQDDzS_groupId=33868&_101_INSTANCE_R6VaZWsQDDzS_urlTitle=alerta-5148-tecnovigilancia-comunicado-da-empresa-ge-healthcare-do-brasil-com-e-serv-para-equipamentos-medico-hospitalares-ltda-centricity-universal-v&_101_INSTANCE_R6VaZWsQDDzS_struts_action=%2Fasset_publisher%2Fview_content&_101_INSTANCE_R6VaZWsQDDzS_assetEntryId=7216285&_101_INSTANCE_R6VaZWsQDDzS_type=content,"Alerta 5148 (Tecnovigilância) - Comunicado da empresa GE Healthcare do Brasil, Com. e Serv. para Equipamentos Médico-Hospitalares Ltda - Centricity Universal Viewer.",20-02-2026 15:41,Brasil,ANVISA,,,"Alerta sobre el software Centricity Universal Viewer Zero Footprint Client (GE HealthCare) debido a un defecto que puede mostrar información incorrecta del paciente con las imágenes, llevando a diagnósticos o tratamientos inadecuados."
https://www.argentina.gob.ar/noticias/anmat-prohibe-un-hilo-para-sutura-de-la-marca-farmadental,ANMAT prohíbe un hilo para sutura de la marca “FARMADENTAL”,23-02-2026 08:31,Argentina,ANMAT,,,"ANMAT prohíbe un hilo para sutura de la marca ""FARMADENTAL"" debido a que el producto médico no cuenta con registro sanitario."
http://antigo.anvisa.gov.br/informacoes-tecnicas13?p_p_id=101_INSTANCE_R6VaZWsQDDzS&p_p_col_id=column-1&p_p_col_count=1&_101_INSTANCE_R6VaZWsQDDzS_groupId=33868&_101_INSTANCE_R6VaZWsQDDzS_urlTitle=alerta-5150-tecnovigilancia-comunicado-da-empresa-biomerieux-brasil-ind-com-de-prod-lab-ltda-familia-vitek2-ast-biomerieux-&_101_INSTANCE_R6VaZWsQDDzS_struts_action=%2Fasset_publisher%2Fview_content&_101_INSTANCE_R6VaZWsQDDzS_assetEntryId=7217995&_101_INSTANCE_R6VaZWsQDDzS_type=content,Alerta 5150 (Tecnovigilância) - Comunicado da empresa Biomérieux Brasil Ind. Com. de Prod. Lab. Ltda - Família Vitek2 AST - Biomérieux.,23-02-2026 12:10,Brasil,ANVISA,,,"El producto Família Vitek2 AST - Biomérieux (Cartão Vitek 2 AST N409) presenta un riesgo de resultados falso resistentes para Ceftazidima/Avibactam en pruebas de susceptibilidad, lo que podría influir negativamente en la decisión terapéutica."
https://www.argentina.gob.ar/noticias/anmat-levanto-la-inhibicion-de-actividades-productivas-de-la-firma-biotenk-sa,ANMAT levantó la inhibición de actividades productivas de la firma BIOTENK S.A.,23-02-2026 08:42,Argentina,ANMAT,,,ANMAT levantó la inhibición a BIOTENK S.A. por la implementación de medidas correctivas en su sistema de farmacovigilancia.
https://www.argentina.gob.ar/noticias/anmat-prohibe-productos-capilares-de-la-marca-good-hair,ANMAT prohíbe productos capilares de la marca “GOOD HAIR”,23-02-2026 08:37,Argentina,ANMAT,,,"ANMAT prohíbe productos capilares ""GOOD HAIR"" por carecer de inscripción sanitaria. La causa de la alerta es la falta de registro y autorización para su comercialización."
https://www.argentina.gob.ar/noticias/anmat-prohibe-varios-productos-cosmeticos-de-la-marca-silkdrop,ANMAT prohíbe varios productos cosméticos de la marca SILKDROP,23-02-2026 08:23,Argentina,ANMAT,,,ANMAT prohíbe varios productos cosméticos SILKDROP debido a la falta de inscripción sanitaria correspondiente.
http://antigo.anvisa.gov.br/informacoes-tecnicas13?p_p_id=101_INSTANCE_R6VaZWsQDDzS&p_p_col_id=column-1&p_p_col_count=1&_101_INSTANCE_R6VaZWsQDDzS_groupId=33868&_101_INSTANCE_R6VaZWsQDDzS_urlTitle=alerta-5152-tecnovigilancia-comunicado-da-empresa-h-strattner-e-cia-ltda-sistema-cirurgico-robotico-da-vinci-intuitive-surgical-&_101_INSTANCE_R6VaZWsQDDzS_struts_action=%2Fasset_publisher%2Fview_content&_101_INSTANCE_R6VaZWsQDDzS_assetEntryId=7218215&_101_INSTANCE_R6VaZWsQDDzS_type=content,Alerta 5152 (Tecnovigilância) - Comunicado da empresa H Strattner e Cia Ltda - Sistema Cirúrgico Robótico da Vinci - Intuitive Surgical.,23-02-2026 16:50,Brasil,ANVISA,,,"La alerta de tecnovigilancia 5152 se emite por un retiro del mercado de la Pinza de Aprehensión Tenaculum y el Cautério Gancho del Sistema Cirúrgico Robótico da Vinci. El motivo es el desgaste no previsto de los cables de inclinación, que puede causar pérdida de funcionalidad y/o liberación de partículas de tungsteno en pacientes."
http://antigo.anvisa.gov.br/informacoes-tecnicas13?p_p_id=101_INSTANCE_R6VaZWsQDDzS&p_p_col_id=column-1&p_p_col_count=1&_101_INSTANCE_R6VaZWsQDDzS_groupId=33868&_101_INSTANCE_R6VaZWsQDDzS_urlTitle=alerta-5151-tecnovigilancia-comunicado-da-empresa-h-strattner-e-cia-ltda-sistema-cirurgico-robotico-da-vinci-intuitive-surgical-&_101_INSTANCE_R6VaZWsQDDzS_struts_action=%2Fasset_publisher%2Fview_content&_101_INSTANCE_R6VaZWsQDDzS_assetEntryId=7218178&_101_INSTANCE_R6VaZWsQDDzS_type=content,Alerta 5151 (Tecnovigilância) - Comunicado da empresa H Strattner e Cia Ltda - Sistema Cirúrgico Robótico da Vinci - Intuitive Surgical.,23-02-2026 16:19,Brasil,ANVISA,,,"Alerta de tecnovigilancia por el Sistema Quirúrgico Robótico da Vinci (Intuitive Surgical). El motivo es el desgaste no previsto de los cables en instrumentos reutilizables, que puede causar pérdida de funcionalidad o liberación de partículas de tungsteno."
https://www.agemed.gob.bo/archivo_uso_racional/notas_seguridad/2026/001_2026.pdf,"N° 001/2026 - NOTA DE SEGURIDAD ""RIESGO POTENCIAL DE DEFECTOS CONGÉNITOS GRAVES Y DISFUNCIÓN SEXUAL AL USAR ISOTRETINOÍNA"".",19-02-2026,Bolivia,AGEMED,,,"La AGEMED alerta sobre el riesgo potencial de defectos congénitos graves y disfunción sexual asociados al uso de Isotretinoína, un medicamento para el acné severo, debido a su alta teratogenicidad y eventos adversos reportados."
http://antigo.anvisa.gov.br/informacoes-tecnicas13?p_p_id=101_INSTANCE_R6VaZWsQDDzS&p_p_col_id=column-1&p_p_col_count=1&_101_INSTANCE_R6VaZWsQDDzS_groupId=33868&_101_INSTANCE_R6VaZWsQDDzS_urlTitle=alerta-5154-tecnovigilancia-comunicado-da-empresa-philips-medical-systems-ltda-software-philips-patient-information-center-ix-pic-ix-&_101_INSTANCE_R6VaZWsQDDzS_struts_action=%2Fasset_publisher%2Fview_content&_101_INSTANCE_R6VaZWsQDDzS_assetEntryId=7218681&_101_INSTANCE_R6VaZWsQDDzS_type=content,Alerta 5154 (Tecnovigilância) - Comunicado da empresa Philips Medical Systems Ltda - Software Philips Patient Information Center iX (PIC iX).,24-02-2026 08:54,Brasil,ANVISA,,,"El software Philips Patient Information Center iX (PIC iX) versión 4.5.0 presenta un defecto. Un parche de actualización modifica las configuraciones de filtros de Notificación de Eventos Móviles sin aviso, pudiendo causar la pérdida de alarmas esperadas y retrasos en el tratamiento."
http://antigo.anvisa.gov.br/informacoes-tecnicas13?p_p_id=101_INSTANCE_R6VaZWsQDDzS&p_p_col_id=column-1&p_p_col_count=1&_101_INSTANCE_R6VaZWsQDDzS_groupId=33868&_101_INSTANCE_R6VaZWsQDDzS_urlTitle=alerta-5153-tecnovigilancia-comunicado-da-empresa-ge-healthcare-do-brasil-com-e-serv-para-equipamentos-medico-hospitalares-ltda-sistema-pet-ct-&_101_INSTANCE_R6VaZWsQDDzS_struts_action=%2Fasset_publisher%2Fview_content&_101_INSTANCE_R6VaZWsQDDzS_assetEntryId=7218642&_101_INSTANCE_R6VaZWsQDDzS_type=content,"Alerta 5153 (Tecnovigilância) - Comunicado da empresa GE Healthcare do Brasil, Com. e Serv. para Equipamentos Médico-Hospitalares Ltda - Sistema PET/CT.",24-02-2026 08:29,Brasil,ANVISA,,,"El sistema PET/CT Omni Legend de GE HealthCare presenta un defecto intermitente que causa artefactos en forma de riesgos en las imágenes PET. Este problema puede imitar patologías, llevando a diagnósticos incorrectos y procedimientos invasivos innecesarios."
https://app.invima.gov.co/alertas/ckfinder/userfiles/files/ALERTAS%20SANITARIAS/Dispositivos_Medicos/2026/Febrero/Alerta%20No_%20%2341-2026%20-%20ESFINTEROTOMO%20TRIPLE%20LUMEN%20DE%20UN%20SOLO%20USO%20V%20.pdf,Alerta sanitaria sobre: ESFINTEROTOMO TRIPLE LUMEN DE UN SOLO USO V,24-02-2026,Colombia,INVIMA,,,"Alerta sanitaria por el retiro del ESFINTEROTOMO TRIPLE LUMEN DE UN SOLO USO V (Olympus) debido a la deformación del alambre de corte. El defecto se debe a que algunos lotes no fueron fabricados mediante un proceso de termoformado, afectando su rendimiento."
https://app.invima.gov.co/alertas/ckfinder/userfiles/files/ALERTAS%20SANITARIAS/Dispositivos_Medicos/2026/Febrero/Alerta%20No_%20%2339-2026%20-%20VP%20INFUSION%20SETS%20-%20SISTEMAS_SETS%20DE%20INFUSION%20VP%20.pdf,Alerta sanitaria sobre: VP INFUSION SETS - SISTEMAS/SETS DE INFUSION VP,24-02-2026,Colombia,INVIMA,,,"La alerta sanitaria sobre los ""VP INFUSION SETS"" (sistemas/sets de infusión VP) se emite debido a un defecto de fabricación. Lotes específicos presentan potencial de fuga de fluido desde el tubo de silicona, afectando su función de administración intravenosa."
https://app.invima.gov.co/alertas/ckfinder/userfiles/files/ALERTAS%20SANITARIAS/Dispositivos_Medicos/2026/Febrero/Alerta%20No_%20%2338-2026%20-%20AGUJA%20HIPOD%C3%89RMICA%20.pdf,Alerta sanitaria sobre: AGUJA HIPODÉRMICA,24-02-2026,Colombia,INVIMA,,,"Alerta por la aguja hipodérmica Becton Dickinson (lote 5212927) debido a un error de etiquetado en el envase individual. Indica incorrectamente ""21G"" cuando el producto real es ""18G"", aunque el color del conector y los envases secundarios son correctos."
https://app.invima.gov.co/alertas/ckfinder/userfiles/files/ALERTAS%20SANITARIAS/Dispositivos_Medicos/2026/Febrero/Alerta%20No_%20%2337-2026%20-%20EQUIPOS%20PET_CT%20GENERAL%20ELECTRIC%20Y%20SUS%20ACCESORIOS%20Y%20REPUESTOS%20-%20EQUIPOS%20PET_CT%20.pdf,Alerta sanitaria sobre: EQUIPOS PET/CT GENERAL ELECTRIC Y SUS ACCESORIOS Y REPUESTOS - EQUIPOS  PET/CT,24-02-2026,Colombia,INVIMA,,,"Alerta por equipos PET/CT General Electric (Omni Legend 21, Omni Legend 32) debido a un posible problema intermitente que puede causar un artefacto de estrías en las imágenes de tomografía computarizada (TEP)."
https://app.invima.gov.co/alertas/ckfinder/userfiles/files/ALERTAS%20SANITARIAS/Dispositivos_Medicos/2026/Febrero/Alerta%20No_%20%2336-2026%20-%20PACS%20(SISTEMA%20DE%20ARCHIVO%2C%20ADMINISTRACION%20Y%20TRANSFERENCIA%20DE%20IMAGENES%20MEDICAS)GE-HEALTHCARE-CENTRICITY-GE-HEALTHCARE%20.pdf,"Alerta sanitaria sobre: PACS (SISTEMA DE ARCHIVO, ADMINISTRACION Y TRANSFERENCIA DE IMAGENES  MEDICAS)GE-HEALTHCARE-CENTRICITY-GE-HEALTHCARE",24-02-2026,Colombia,INVIMA,,,"Alerta sobre el sistema PACS GE-HEALTHCARE-CENTRICITY, subsistema Centricity RIS-i con Instant Messenger, debido a una vulnerabilidad de ciberseguridad. Un actor malicioso podría explotar esta falla para ejecutar código remotamente, afectando la disponibilidad del sistema o manipulando datos."
https://www.agemed.gob.bo/retiro_producto/2026/RETIRO-DE-PRODUCTO-003.pdf,003/2026 - ALERTA RETIRO DE LOTE “MEDICAMENTO DE CALIDAD SUBESTÁNDAR” BEBELAC ®GOLD 1 POLVO,19-02-2026,Bolivia,AGEMED,,,003/2026 - ALERTA RETIRO DE LOTE “MEDICAMENTO DE CALIDAD SUBESTÁNDAR” BEBELAC ®GOLD 1 POLVO
https://www.agemed.gob.bo/retiro_producto/2026/RETIRO-DE-PRODUCTO-002.pdf,002/2026 - ALERTA RETIRO DE LOTE “MEDICAMENTO DE CALIDAD SUBESTÁNDAR” BEBELAC ®GOLD 1 POLVO,19-02-2026,Bolivia,AGEMED,,,002/2026 - ALERTA RETIRO DE LOTE “MEDICAMENTO DE CALIDAD SUBESTÁNDAR” BEBELAC ®GOLD 1 POLVO
http://antigo.anvisa.gov.br/informacoes-tecnicas13?p_p_id=101_INSTANCE_R6VaZWsQDDzS&p_p_col_id=column-1&p_p_col_count=1&_101_INSTANCE_R6VaZWsQDDzS_groupId=33868&_101_INSTANCE_R6VaZWsQDDzS_urlTitle=alerta-5155-tecnovigilancia-comunicado-da-empresa-excelmed-distribuidora-de-materiais-medicos-e-odontologicos-ltda-luvas-cirurgicas-abl-&_101_INSTANCE_R6VaZWsQDDzS_struts_action=%2Fasset_publisher%2Fview_content&_101_INSTANCE_R6VaZWsQDDzS_assetEntryId=7218760&_101_INSTANCE_R6VaZWsQDDzS_type=content,Alerta 5155 (Tecnovigilância) - Comunicado da empresa Excelmed Distribuidora de Materiais Médicos e Odontológicos Ltda - Luvas Cirúrgicas ABL.,24-02-2026 12:39,Brasil,ANVISA,,,"Se emite una alerta para las Luvas Cirúrgicas ABL (lote 240210, tamaño 7,5) debido a un defecto en el etiquetado. El laudo fiscal encontró que no se mencionaba la norma ABNT NBR ISO 10282:2014, aunque el producto fue aprobado en todas las demás pruebas de calidad."
https://www.digemid.minsa.gob.pe/webDigemid/alertas-modificaciones/2026/alerta-digemid-no-22-2026/,ALERTA DIGEMID Nº 22-2026 - FIMASARTÁN: RIESGO DE ANGIOEDEMA INTESTINAL. Productos: FIMASARTÁN,24-02-2026 21:29:30,Perú,DIGEMID,,https://www.digemid.minsa.gob.pe/Archivos/Alertas/2026/ALERTA_22-26.pdf,"La Digemid modificó la ficha técnica del Fimasartán, un medicamento para la hipertensión, debido al riesgo de angioedema intestinal. Esta actualización se basa en información de seguridad de agencias europeas."
http://antigo.anvisa.gov.br/informacoes-tecnicas13?p_p_id=101_INSTANCE_R6VaZWsQDDzS&p_p_col_id=column-1&p_p_col_count=1&_101_INSTANCE_R6VaZWsQDDzS_groupId=33868&_101_INSTANCE_R6VaZWsQDDzS_urlTitle=alerta-5156-tecnovigilancia-comunicado-da-empresa-erbe-do-brasil-equipamentos-cirurgicos-e-endoscopicos-ltda-aparelho-de-criocirurgia-erbecryo-2-&_101_INSTANCE_R6VaZWsQDDzS_struts_action=%2Fasset_publisher%2Fview_content&_101_INSTANCE_R6VaZWsQDDzS_assetEntryId=7219371&_101_INSTANCE_R6VaZWsQDDzS_type=content,Alerta 5156 (Tecnovigilância) - Comunicado da empresa Erbe do Brasil Equipamentos Cirúrgicos e Endoscópicos Ltda - Aparelho de Criocirurgia Erbecryo 2.,25-02-2026 11:07,Brasil,ANVISA,,,"La alerta se emite por el retiro del Aparelho de Criocirurgia Erbecryo 2 y sus criosondas flexibles, debido a un defecto de producción (aplicación insuficiente de adhesivo) que causa su ruptura/estallido durante la activación. Esto genera ruido fuerte, riesgo de pérdida auditiva y lesiones leves."
http://antigo.anvisa.gov.br/informacoes-tecnicas13?p_p_id=101_INSTANCE_R6VaZWsQDDzS&p_p_col_id=column-1&p_p_col_count=1&_101_INSTANCE_R6VaZWsQDDzS_groupId=33868&_101_INSTANCE_R6VaZWsQDDzS_urlTitle=alerta-5157-tecnovigilancia-comunicado-da-empresa-getinge-do-brasil-equipamentos-medicos-ltda-bomba-de-balao-intra-aortico-&_101_INSTANCE_R6VaZWsQDDzS_struts_action=%2Fasset_publisher%2Fview_content&_101_INSTANCE_R6VaZWsQDDzS_assetEntryId=7219474&_101_INSTANCE_R6VaZWsQDDzS_type=content,Alerta 5157 (Tecnovigilância) - Comunicado da empresa Getinge do Brasil Equipamentos Médicos LTDA - Bomba de Balão Intra-Aórtico.,25-02-2026 15:28,Brasil,ANVISA,,,"La alerta se debe a la actualización de las especificaciones de autonomía y ciclos de las baterías de las Bombas de Balão Intra-Aórtico CS100/CS300 (Getinge), por un riesgo de interrupción de la terapia debido a una reducción inesperada del tiempo de funcionamiento."
http://antigo.anvisa.gov.br/informacoes-tecnicas13?p_p_id=101_INSTANCE_R6VaZWsQDDzS&p_p_col_id=column-1&p_p_col_count=1&_101_INSTANCE_R6VaZWsQDDzS_groupId=33868&_101_INSTANCE_R6VaZWsQDDzS_urlTitle=alerta-5158-tecnovigilancia-comunicado-da-empresa-philips-medical-systems-ltda-sistema-de-raio-x-para-tomografia-computadorizada-&_101_INSTANCE_R6VaZWsQDDzS_struts_action=%2Fasset_publisher%2Fview_content&_101_INSTANCE_R6VaZWsQDDzS_assetEntryId=7219617&_101_INSTANCE_R6VaZWsQDDzS_type=content,Alerta 5158 (Tecnovigilância) - Comunicado da empresa Philips Medical Systems Ltda - Sistema de Raio-X para Tomografia Computadorizada.,25-02-2026 16:17,Brasil,ANVISA,,,"La alerta de Tecnovigilancia 5158 de Philips Medical Systems Ltda. se emite por un defecto en los sistemas de Rayos X para Tomografía Computarizada (modelos IQon Spectral CT, Brilliance iCT, CT 6000). Los fijadores del rotor pueden no tener el torque especificado, lo que podría causar la expulsión de piezas del dispositivo."
https://www.agemed.gob.bo/retiro_producto/2026/RETIRO-DE-PRODUCTO-004.pdf,"004/2026 - ALERTA RETIRO VOLUNTARIO DE LOTE ""MEDICAMENTO DE CALIDAD SUBESTANDAR"" ATLANSIL SOLUCIÓN INYECTABLE",23-02-2026,Bolivia,AGEMED,,,"004/2026 - ALERTA RETIRO VOLUNTARIO DE LOTE ""MEDICAMENTO DE CALIDAD SUBESTANDAR"" ATLANSIL SOLUCIÓN INYECTABLE"
https://www.agemed.gob.bo/archivo_uso_racional/notas_seguridad/2026/002_2026.pdf,"N° 002/2026 - NOTA DE SEGURIDAD ""RIESGO DE PANCREATITIS ASOCIADO AL USO INADECUADO DE MEDICAMENTOS AGONISTAS DEL RECEPTOR GLP
                             - 1 (DULAGLUTIDA, LIRAGLUTIDA, SEMAGLUTIDA, TIRZEPATIDA).""",24-02-2026,Bolivia,AGEMED,,,"AGEMED alerta sobre el riesgo de pancreatitis aguda, incluyendo casos graves y fatales, asociado al uso inadecuado de medicamentos agonistas del receptor GLP-1 (Dulaglutida, Liraglutida, Semaglutida, Tirzepatida), especialmente para reducción de peso sin indicación médica."
http://antigo.anvisa.gov.br/informacoes-tecnicas13?p_p_id=101_INSTANCE_R6VaZWsQDDzS&p_p_col_id=column-1&p_p_col_count=1&_101_INSTANCE_R6VaZWsQDDzS_groupId=33868&_101_INSTANCE_R6VaZWsQDDzS_urlTitle=alerta-5159-tecnovigilancia-comunicado-da-empresa-biosystems-ne-comercio-de-produtos-laboratoriais-e-hospitalares-ltda-familia-colesterol-hdl-&_101_INSTANCE_R6VaZWsQDDzS_struts_action=%2Fasset_publisher%2Fview_content&_101_INSTANCE_R6VaZWsQDDzS_assetEntryId=7220061&_101_INSTANCE_R6VaZWsQDDzS_type=content,Alerta 5159 (Tecnovigilância) - Comunicado da empresa Biosystems NE Comércio de Produtos Laboratoriais e Hospitalares Ltda - Família Colesterol HDL.,26-02-2026 09:10,Brasil,ANVISA,,,"La alerta se emite por el producto ""Família Colesterol HDL"" (Biosystems), debido a una **pérdida de estabilidad** que puede causar una reducción de la linealidad y valores más bajos en muestras con alta concentración antes de su fecha de caducidad."
https://www.argentina.gob.ar/noticias/anmat-prohibe-el-producto-verrugol-de-la-firma-laboratorio-fiorano,ANMAT prohíbe el producto “VERRUGOL” de la firma Laboratorio Fiorano,26-02-2026 08:55,Argentina,ANMAT,,,"ANMAT prohíbe el medicamento ""VERRUGOL"" de Laboratorio Fiorano. La causa es que el producto no cuenta con el registro sanitario correspondiente, lo que motivó la medida."
https://www.argentina.gob.ar/noticias/anmat-prohibe-el-producto-medico-sonda-para-succion-de-la-marca-bioequip,ANMAT prohíbe el producto médico Sonda para succión de la marca BIOEQUIP,26-02-2026 09:02,Argentina,ANMAT,,,ANMAT prohíbe la Sonda para succión BIOEQUIP debido a fallas de calidad detectadas y posibles incumplimientos en las Buenas Prácticas de Fabricación.
https://www.argentina.gob.ar/noticias/anmat-prohibe-el-producto-medico-electrocardiografo-marca-contec,ANMAT prohíbe el producto médico Electrocardiógrafo marca CONTEC,26-02-2026 08:47,Argentina,ANMAT,,,ANMAT prohíbe el Electrocardiógrafo CONTEC debido a que fue importado con su registro sanitario vencido.
https://www.argentina.gob.ar/noticias/anmat-prohibe-los-productos-medicos-dermofrax-dermohifu-7d-fem-de-la-marca-dermotherap,ANMAT prohíbe los productos médicos DERMOFRAX DERMOHIFU-7D-FEM de la marca DERMOTHERAP,26-02-2026 08:31,Argentina,ANMAT,,,ANMAT prohíbe los productos médicos DERMOFRAX y DERMOHIFU-7D-FEM de DERMOTHERAP. La causa es que carecen de autorización para su uso y comercialización en el país.
https://www.argentina.gob.ar/noticias/anmat-prohibe-el-producto-medico-specimen-trap-sterile-single-use-only-sherwood-medical-usa,"ANMAT prohíbe el producto médico Specimen Trap, Sterile for single use only - Sherwood Medical - USA",26-02-2026 08:24,Argentina,ANMAT,,,"ANMAT prohíbe el producto médico Specimen Trap, Sterile for single use only - Sherwood Medical - USA, debido a su comercialización sin registros sanitarios ni datos del importador."
https://www.argentina.gob.ar/noticias/anmat-prohibe-varios-productos-cosmeticos-de-la-firma-ruefenacht,ANMAT prohíbe varios productos cosméticos de la firma RUEFENACHT,26-02-2026 08:41,Argentina,ANMAT,,,ANMAT prohíbe productos cosméticos de la firma RUEFENACHT debido a la ausencia de registros sanitarios correspondientes.
https://www.argentina.gob.ar/noticias/anmat-prohibe-el-producto-desinfectante-de-agua-de-piscinas-nataclor-oxy-pool-de-la-firma,ANMAT prohíbe el producto Desinfectante de agua de piscinas Nataclor OXY POOL de la firma Aguas S.R.L.,26-02-2026 08:17,Argentina,ANMAT,,,ANMAT prohíbe el Desinfectante de agua de piscinas Nataclor OXY POOL de Aguas S.R.L. El motivo principal es que el producto se comercializaba sin los registros correspondientes.
http://antigo.anvisa.gov.br/informacoes-tecnicas13?p_p_id=101_INSTANCE_R6VaZWsQDDzS&p_p_col_id=column-1&p_p_col_count=1&_101_INSTANCE_R6VaZWsQDDzS_groupId=33868&_101_INSTANCE_R6VaZWsQDDzS_urlTitle=alerta-5160-tecnovigilancia-comunicado-da-empresa-philips-medical-systems-ltda-azurion-&_101_INSTANCE_R6VaZWsQDDzS_struts_action=%2Fasset_publisher%2Fview_content&_101_INSTANCE_R6VaZWsQDDzS_assetEntryId=7220126&_101_INSTANCE_R6VaZWsQDDzS_type=content,Alerta 5160 (Tecnovigilância) - Comunicado da empresa Philips Medical Systems Ltda - Azurion.,26-02-2026 10:24,Brasil,ANVISA,,,"La alerta de Tecnovigilancia 5160 de Philips Medical Systems Ltda. para el equipo Azurion se debe a un riesgo de movimiento inesperado de la mesa. Si el botón ""Redefinir Geometría"" se presiona accidentalmente mientras se usa con dispositivos de terceros, puede causar un movimiento no intencional, con riesgo de lesión al paciente. El problema es un defecto en las instrucciones de uso."
https://app.invima.gov.co/alertas/ckfinder/userfiles/files/ALERTAS%20SANITARIAS/Dispositivos_Medicos/2026/Febrero/Alerta%20No_%20%2344-2026%20-%20Long%20Term%20Hemodialysis%20Catheters%20_%20cat%C3%A9teres%20de%20hemodi%C3%A1lisis%20a%20largo%20plazo%20.pdf,Alerta sanitaria sobre: Long Term Hemodialysis Catheters / catéteres de hemodiálisis a largo plazo,26-02-2026,Colombia,INVIMA,,,"Merit Medical está retirando voluntariamente del mercado los catéteres de hemodiálisis a largo plazo ""Long Term Hemodialysis Catheters"" y el introductor de vaina divisible de doble válvula Merit 16F debido a un defecto de diseño."
https://app.invima.gov.co/alertas/ckfinder/userfiles/files/ALERTAS%20SANITARIAS/Dispositivos_Medicos/2026/Febrero/Alerta%20No_%20%2343-2026%20-%20PACS%20(SISTEMA%20DE%20ARCHIVO%2C%20ADMINISTRACION%20Y%20TRANSFERENCIA%20DE%20IMAGENES%20MEDICAS)GE-HEALTHCARE%C2%AE-CENTRICITY%C2%AE-GE-HEALTHCARE%C2%AE%20.pdf,"Alerta sanitaria sobre: PACS (SISTEMA DE ARCHIVO, ADMINISTRACION Y TRANSFERENCIA DE IMAGENES  MEDICAS)GE-HEALTHCARE®-CENTRICITY®-GE-HEALTHCARE®",26-02-2026,Colombia,INVIMA,,,"Alerta por una vulnerabilidad de ciberseguridad en el sistema PACS GE-HEALTHCARE®-CENTRICITY® Universal Viewer. Las credenciales de inicio de sesión podrían exponerse, permitiendo a personas no autorizadas afectar la disponibilidad del sistema o manipular datos."
https://app.invima.gov.co/alertas/ckfinder/userfiles/files/ALERTAS%20SANITARIAS/Dispositivos_Medicos/2026/Febrero/Alerta%20No_%20%2342-2026%20-%20EVALUADOR%20DE%20VISION%20WELCH%20ALLYN%C2%AE%20SPOT%C2%AE%20-%20ACCESORIOS%20Y%20REPUESTOS%20EXCLUSIVOS%20-%20EVALUADOR%20DE%20VISION%20OCULAR%20-%20WELCH%20ALLYN%20.pdf,Alerta sanitaria sobre: EVALUADOR DE VISION WELCH ALLYN® SPOT® - ACCESORIOS Y REPUESTOS  EXCLUSIVOS - EVALUADOR DE VISION OCULAR - WELCH ALLYN,26-02-2026,Colombia,INVIMA,,,"El evaluador de visión Welch Allyn Spot presenta pantallas LCD parpadeantes al activarse. Aunque no afecta la funcionalidad, el parpadeo puede inducir convulsiones fotosensibles en personas susceptibles, representando un riesgo potencial para la vida."
https://www.digemid.minsa.gob.pe/webDigemid/alertas-modificaciones/2026/alerta-digemid-no-27-2026/,"ALERTA DIGEMID Nº 27-2026 - PRODUCTOS FARMACÉUTICOS FALSIFICADOS INCAUTADOS EN ACCIONES DE CONTROL Y VIGILANCIA SANITARIA. Productos: APRONAX, ENDOVIT,ENDOVIT, GRAVOL, BACTRIM, GASEOVET, AMOXIDIN, AB-BRONCOL, GRAVERGOL, CEFABRONCOL",26-02-2026 21:37:30,Perú,DIGEMID,,https://www.digemid.minsa.gob.pe/Archivos/Alertas/2026/ALERTA_27-26.pdf,"La alerta de DIGEMID se debe a la incautación de múltiples productos farmacéuticos falsificados, incluyendo Apronax, Endovit Plus, Cefabroncol-S, Gravol, Bactrim Balsámico, Bactrim, Bactrim F, Gaseovet, Amoxidin CL 1000, AB-Broncol NF 1200 y Gravergol, que representaban un riesgo para la salud pública."
https://www.digemid.minsa.gob.pe/webDigemid/alertas-modificaciones/2026/alerta-digemid-no-26-2026/,ALERTA DIGEMID Nº 26-2026 - PRODUCTOS FARMACÉUTICOS FALSIFICADOS INCAUTADOS EN ACCIONES DE CONTROL Y VIGILANCIA SANITARIA. Productos: APRONAX (naproxeno),26-02-2026 21:35:10,Perú,DIGEMID,,https://www.digemid.minsa.gob.pe/Archivos/Alertas/2026/ALERTA_26-26.pdf,"La alerta de DIGEMID se debe a la incautación de productos farmacéuticos falsificados, específicamente tabletas de APRONAX (naproxeno) 550 mg, con lotes no fabricados por el laboratorio original, representando un riesgo para la salud pública."
https://www.digemid.minsa.gob.pe/webDigemid/alertas-modificaciones/2026/alerta-digemid-no-25-2026/,"ALERTA DIGEMID Nº 25-2026 - PRODUCTOS SANITARIOS (COSMÉTICOS) FALSIFICADOS INCAUTADOS EN ACCIONES DE CONTROL Y VIGILANCIA SANITARIA. Productos: CAROLINA HERRERA,  PACO RABANNE PHANTOM",26-02-2026 21:33:38,Perú,DIGEMID,,https://www.digemid.minsa.gob.pe/Archivos/Alertas/2026/ALERTA_25-26.pdf,"La alerta de DIGEMID se emite por la incautación de productos cosméticos falsificados de las marcas Carolina Herrera y Paco Rabanne. El motivo principal es la falsificación de estos productos, algunos con lotes no importados o características físicas alteradas, representando un riesgo para la salud pública."
https://www.digemid.minsa.gob.pe/webDigemid/alertas-modificaciones/2026/alerta-digemid-no-24-2026/,ALERTA DIGEMID Nº 24-2026 - COMERCIALIZACIÓN ILEGAL DE PRODUCTOS FARMACÉUTICOS (DIETÉTICOS) SIN REGISTRO SANITARIO POR PÁGINA WEB. Productos: OMEGA-3 MomNutrix,26-02-2026 21:32:03,Perú,DIGEMID,,https://www.digemid.minsa.gob.pe/Archivos/Alertas/2026/ALERTA_24-26.pdf,"La Digemid alerta sobre la comercialización ilegal del suplemento dietético OMEGA-3 Fish Oil 6 000 mg (MomNutrix) por BEXO PERU. El motivo principal es la ausencia de registro sanitario peruano, lo que impide verificar su calidad y eficacia, incumpliendo la normativa sanitaria."
https://www.digemid.minsa.gob.pe/webDigemid/alertas-modificaciones/2026/alerta-digemid-no-23-2026/,ALERTA DIGEMID Nº 23-2026 - PRODUCTO FARMACÉUTICO FALSIFICADO INCAUTADO EN ACCIONES DE CONTROL Y VIGILANCIA SANITARIA. Productos: NIFEMEDIC (nifedipino) 1,26-02-2026 21:22:48,Perú,DIGEMID,,https://www.digemid.minsa.gob.pe/Archivos/Alertas/2026/ALERTA_23-26.pdf,"La alerta DIGEMID Nº 023 - 2026 se emite debido a la incautación de un producto farmacéutico falsificado: NIFEMEDIC (nifedipino) 10 mg. El motivo principal es la falsificación, evidenciada por características físicas del blíster que no corresponden al producto original, a pesar de usar un número de lote legítimo."
http://antigo.anvisa.gov.br/informacoes-tecnicas13?p_p_id=101_INSTANCE_R6VaZWsQDDzS&p_p_col_id=column-1&p_p_col_count=1&_101_INSTANCE_R6VaZWsQDDzS_groupId=33868&_101_INSTANCE_R6VaZWsQDDzS_urlTitle=alerta-5162-tecnovigilancia-comunicado-da-empresa-auto-suture-do-brasil-ltda-sistema-de-cirurgia-assistida-por-robo-hugo-&_101_INSTANCE_R6VaZWsQDDzS_struts_action=%2Fasset_publisher%2Fview_content&_101_INSTANCE_R6VaZWsQDDzS_assetEntryId=7220659&_101_INSTANCE_R6VaZWsQDDzS_type=content,Alerta 5162 (Tecnovigilância) - Comunicado da empresa Auto Suture do Brasil LTDA - Sistema de cirurgia assistida por robô Hugo™.,27-02-2026 07:32,Brasil,ANVISA,,,"El sistema de cirugía robótica Hugo™ RAS, con pinzas bipolares fenestradas y Maryland, presenta un aumento en la probabilidad de falla de componentes debido a variaciones de fabricación, pudiendo causar movimientos descontrolados del instrumento y desprendimiento de partes plásticas en el paciente."
http://antigo.anvisa.gov.br/informacoes-tecnicas13?p_p_id=101_INSTANCE_R6VaZWsQDDzS&p_p_col_id=column-1&p_p_col_count=1&_101_INSTANCE_R6VaZWsQDDzS_groupId=33868&_101_INSTANCE_R6VaZWsQDDzS_urlTitle=alerta-5161-tecnovigilancia-comunicado-da-empresa-ge-healthcare-do-brasil-com-e-serv-para-equipamentos-medico-hospitalares-ltda-familia-de-software-un&_101_INSTANCE_R6VaZWsQDDzS_struts_action=%2Fasset_publisher%2Fview_content&_101_INSTANCE_R6VaZWsQDDzS_assetEntryId=7220610&_101_INSTANCE_R6VaZWsQDDzS_type=content,"Alerta 5161 (Tecnovigilância) - Comunicado da empresa GE Healthcare do Brasil, Com. e Serv. para Equipamentos Médico-Hospitalares Ltda - Família de Software Universal Viewer.",27-02-2026 07:08,Brasil,ANVISA,,,"El software Centricity Universal Viewer de GE Healthcare presenta una vulnerabilidad de seguridad cibernética. Las credenciales de login pueden quedar expuestas, permitiendo a individuos no autorizados manipular datos de pacientes o afectar la disponibilidad del sistema."
https://app.invima.gov.co/alertas/ckfinder/userfiles/files/ALERTAS%20SANITARIAS/Dispositivos_Medicos/2026/Febrero/Alerta%20No_%20%2345-2026%20-%20LIAISON%20®%20ANDROSTENEDIONE%20.pdf,Alerta sanitaria sobre: LIAISON ® ANDROSTENEDIONE,27-02-2026,Colombia,INVIMA,,,"Alerta por el producto LIAISON ® ANDROSTENEDIONE (lotes 137452 y 137452A) debido a una frecuencia de fallos en los controles superior a la esperada, requiriendo recalibración para resultados satisfactorios."
https://app.invima.gov.co/alertas/ckfinder/userfiles/files/ALERTAS%20SANITARIAS/Dispositivos_Medicos/2026/Febrero/Alerta%20No_%20%2346-2026%20-%20BIOSYNEX®%20S_%20PNEUMONIAE%20.pdf,Alerta sanitaria sobre: BIOSYNEX® S. PNEUMONIAE,27-02-2026,Colombia,INVIMA,,,"El producto BIOSYNEX® S. PNEUMONIAE (lote KPN241214) presenta una alerta por la posible contaminación aleatoria de los tubos de diluyente incluidos en el kit, lo que aumenta el riesgo de resultados erróneos en las pruebas."
http://antigo.anvisa.gov.br/informacoes-tecnicas13?p_p_id=101_INSTANCE_R6VaZWsQDDzS&p_p_col_id=column-1&p_p_col_count=1&_101_INSTANCE_R6VaZWsQDDzS_groupId=33868&_101_INSTANCE_R6VaZWsQDDzS_urlTitle=alerta-04-2026-farmacovigilancia-nutrivigilancia-risco-de-ocorrencia-de-danos-hepaticos-apos-o-uso-oral-de-medicamentos-e-suplementos-alimentares-cont&_101_INSTANCE_R6VaZWsQDDzS_struts_action=%2Fasset_publisher%2Fview_content&_101_INSTANCE_R6VaZWsQDDzS_assetEntryId=7220898&_101_INSTANCE_R6VaZWsQDDzS_type=content,Alerta 04/2026 (Farmacovigilância/Nutrivigilância): Risco de ocorrência de danos hepáticos após o uso oral de medicamentos e suplementos alimentares contendo extratos de Curcuma longa (cúrcuma).,27-02-2026 17:47,Brasil,ANVISA,,,"Se ha identificado un posible riesgo de hepatotoxicidad (daño hepático) asociado al uso oral de medicamentos (Motore®, Cumiah®) y suplementos alimenticios con extractos concentrados de Curcuma longa, especialmente en formulaciones que aumentan su biodisponibilidad."
https://app.invima.gov.co/alertas/ckfinder/userfiles/files/ALERTAS%20SANITARIAS/medicamentos_pbiologicos/2026/FEBRERO/Alerta%20No%2330-2026%20-%20FALSIFICACI%C3%93N%20DEL%20PRODUCTO%20HEPANAT%20CARDOMARIANO%20.pdf,Alerta Sanitaria sobre: FALSIFICACIÓN DEL PRODUCTO HEPANAT CARDOMARIANO,27-02-2026,Colombia,INVIMA,,,"El Invima alerta sobre la falsificación del producto HEPANAT CARDOMARIANO. Se comercializa ilegalmente una versión líquida en envase de 500mL, que es fraudulenta, carece de registro sanitario y representa un riesgo para la salud."
https://app.invima.gov.co/alertas/ckfinder/userfiles/files/ALERTAS%20SANITARIAS/Alimentos_Bebidas/2026/Febrero/Alerta%20No%2047-2026%20-%20AGUA%20FRESH%20LIFE%20Version%20Final-1.pdf,Alerta Sanitaria sobre:  AGUA FRESH LIFE,27-02-2026,Colombia,INVIMA,,,"El Invima alerta sobre la comercialización fraudulenta de ""Agua Fresh Life"" debido a que su registro sanitario está vencido. El producto incumple la normativa sanitaria vigente, siendo considerado un alimento fraudulento."
https://www.ministeriodesalud.go.cr/index.php/biblioteca-de-archivos-left/documentos-ministerio-de-salud/alertas-sanitarias/alertas-por-productos-en-el-mercado/2026-advertencias-por-productos-en-el-mercado/10117-27-de-febrero-del-2026-advertencia-sanitaria-n-005-2026-sobre-prohibicion-sobre-comercializacion-y-publicidad-del-producto-fitforma/file,"Del 2026 advertencia sanitaria n° 005-2026, sobre prohibición sobre comercialización y publicidad del producto fitforma",27-02-2026 20:42,Costa Rica,MinSalud,,,"El Ministerio de Salud prohíbe la comercialización y publicidad del producto FITFORMA, un suplemento para la pérdida de peso, debido a que no cuenta con registro sanitario vigente en Costa Rica, carece de respaldo científico para sus afirmaciones y se promociona ilegalmente, representando un riesgo para la salud."
https://app.invima.gov.co/alertas/ckfinder/userfiles/files/ALERTAS%20SANITARIAS/medicamentos_pbiologicos/2026/FEBRERO/Alerta%20No%2340-2026%20-%20MELATONIN%2010mg%20.pdf,Alerta Sanitaria sobre: MELATONIN 10mg,27-02-2026,Colombia,INVIMA,,,"El Invima alerta sobre la comercialización ilegal de MELATONIN 10mg en Colombia. El producto es fraudulento, carece de registro sanitario válido y no ha sido evaluado en calidad, seguridad ni eficacia, representando un riesgo para la salud del consumidor."
https://app.invima.gov.co/alertas/ckfinder/userfiles/files/ALERTAS%20SANITARIAS/medicamentos_pbiologicos/2026/FEBRERO/Alerta%20No%2333-2026%20-%20MENTOLIFE%20.pdf,Alerta Sanitaria sobre: MENTOLIFE,27-02-2026,Colombia,INVIMA,,,"El Invima alerta sobre la comercialización ilegal del producto MENTOLIFE, un gel terapéutico, analgésico y antiinflamatorio. El motivo principal es que no cuenta con registro sanitario, considerándose fraudulento y representando un riesgo para la salud al no garantizar calidad, seguridad ni eficacia."
https://www.argentina.gob.ar/noticias/anmat-dispuso-la-baja-de-habilitacion-de-la-firma-drogueria-integral-srl,ANMAT dispuso la baja de habilitación de la firma DROGUERÍA INTEGRAL S.R.L.,02-03-2026 09:46,Argentina,ANMAT,,,ANMAT dio de baja la habilitación de DROGUERÍA INTEGRAL S.R.L. debido a la ausencia de dirección técnica y el incumplimiento de las Buenas Prácticas de Distribución de medicamentos.
https://www.argentina.gob.ar/noticias/anmat-dispuso-la-baja-de-habilitacion-de-npg-laboratories-de-nexo-pharmaceutical-groups-sa,ANMAT dispuso la baja de habilitación de NPG Laboratories de Nexo Pharmaceutical Groups S.A.,02-03-2026 09:36,Argentina,ANMAT,,,ANMAT dio de baja la habilitación de NPG Laboratories (Nexo Pharmaceutical Groups S.A.) debido a que la firma se encontraba en estado de quiebra.
https://www.argentina.gob.ar/noticias/anmat-prohibio-el-producto-solucion-ringer-lactato-rigecin-de-la-firma-rigecin-labs-sa,ANMAT prohibió el producto Solución Ringer Lactato Rigecin de la firma RIGECIN LABS S.A.,02-03-2026 08:42,Argentina,ANMAT,,,ANMAT prohibió la Solución Ringer Lactato Rigecin de RIGECIN LABS S.A. debido a desvíos de calidad. La medida aplica a todos los lotes del producto.
https://www.argentina.gob.ar/noticias/anmat-suspendio-el-certificado-para-efectuar-transito-interjurisdiccional-de-la-firma,ANMAT suspendió el certificado para efectuar tránsito interjurisdiccional de la firma QUÍMICA CÓRDOBA S.A.,02-03-2026 08:36,Argentina,ANMAT,,,ANMAT suspendió el certificado de QUÍMICA CÓRDOBA S.A. para tránsito interjurisdiccional de medicamentos y especialidades medicinales. El motivo principal es el incumplimiento de Buenas Prácticas por parte de la empresa.
https://www.argentina.gob.ar/noticias/anmat-prohibe-el-producto-oxygard-ref-305-filtros-bacteriales-y-virales-vital-signs-usa-de,ANMAT Prohíbe el producto “OXYGARD - REF 305 - FILTROS BACTERIALES Y VIRALES Vital Signs - USA” de la firma AXIS PRODUCTOS MÉDICOS,02-03-2026 09:29,Argentina,ANMAT,,,"ANMAT prohíbe el producto ""OXYGARD - REF 305 - FILTROS BACTERIALES Y VIRALES Vital Signs - USA"" de AXIS PRODUCTOS MÉDICOS, debido a que se comercializaba sin registro sanitario."
https://www.argentina.gob.ar/noticias/anmat-prohibe-el-producto-medico-activactm-therapy-system-serie-vgbr38426-de-la-marca-vac,ANMAT prohíbe el producto médico “ACTIV.A.C.™ Therapy system (serie) VGBR38426” de la marca V.A.C.,02-03-2026 09:15,Argentina,ANMAT,,,"ANMAT prohíbe el producto médico ""ACTIV.A.C.™ Therapy system (serie) VGBR38426"" de la marca V.A.C. debido al extravío del equipo, buscando proteger la salud pública."
https://www.argentina.gob.ar/noticias/anmat-prohibe-distintos-productos-cosmeticos-de-la-firma-ciencia-cosmetica,ANMAT Prohíbe distintos productos cosméticos de la firma Ciencia COSMÉTICA,02-03-2026 09:01,Argentina,ANMAT,,,"ANMAT prohíbe productos cosméticos de la firma Ciencia COSMÉTICA. La causa es su comercialización sin inscripción sanitaria, lo que constituye un riesgo al no cumplir con la normativa vigente."
https://www.argentina.gob.ar/noticias/anmat-prohibe-distintos-productos-domisanitarios-de-las-marcas-bonnie-flag-eagle-coolers-y,"ANMAT prohíbe distintos productos domisanitarios de las marcas Bonnie Flag, Eagle Coolers y Blue Star",02-03-2026 09:23,Argentina,ANMAT,,,"ANMAT prohíbe productos domisanitarios de las marcas Bonnie Flag, Eagle Coolers y Blue Star. La causa es que eran comercializados sin la debida inscripción sanitaria."
https://www.argentina.gob.ar/noticias/anmat-prohibe-distintos-productos-domisanitarios-de-distintas-marcas-0,ANMAT prohíbe distintos productos domisanitarios de distintas marcas,02-03-2026 09:08,Argentina,ANMAT,,,ANMAT prohibió la comercialización de aromatizantes y otros productos domisanitarios de distintas marcas. La causa fue la detección de su venta sin el registro sanitario correspondiente.
https://app.invima.gov.co/alertas/ckfinder/userfiles/files/ALERTAS%20SANITARIAS/Dispositivos_Medicos/2026/Marzo/Alerta%20No_%20%2350-2026%20-%20PANOCELL%2020%20.pdf,Alerta sanitaria sobre: PANOCELL 20,02-03-2026,Colombia,INVIMA,,,"Alerta sanitaria para PANOCELL 20 (lote 44270) debido a un defecto en la descripción antigénica de los glóbulos rojos de donantes, que figuran como P1 negativo pero son P1 positivo con expresión débil, pudiendo causar reacciones variables."
https://app.invima.gov.co/alertas/ckfinder/userfiles/files/ALERTAS%20SANITARIAS/Dispositivos_Medicos/2026/Marzo/Alerta%20No_%20%2349-2026%20-%20ASSERACHROM%20HPIA%20.pdf,Alerta sanitaria sobre: Asserachrom® HPIA,04-03-2025,Colombia,INVIMA,,,"La alerta sanitaria sobre el producto ASSERACHROM HPIA (lote 271288) se debe a un defecto de coloración en algunas tiras del Reactivo 1, causando resultados negativos erróneos y lecturas de densidad óptica bajas que no cumplen los requisitos."
https://www.agemed.gob.bo/archivo_farmacovigi/alertas/2026/ALERTA_051_2026.pdf,"Alerta N° 051/2026 - PRODUCTO ILÍCITO ""COOCAS MADAM ROSE"" - SIN NOTIFICACIÓN SANITARIA OBLIGATORIA (NSO)",24-02-2026,Bolivia,AGEMED,,,"Alerta N° 051/2026 - PRODUCTO ILÍCITO ""COOCAS MADAM ROSE"" - SIN NOTIFICACIÓN SANITARIA OBLIGATORIA (NSO)"
https://www.agemed.gob.bo/archivo_farmacovigi/alertas/2026/ALERTA_050_2026.pdf,"Alerta N° 050/2026 - PPRODUCTO ILÍCITO ""CHALLENGE DE CHANGE FOR WOMEN"" - SIN NOTIFICACIÓN SANITARIA OBLIGATORIA (NSO)",24-02-2026,Bolivia,AGEMED,,,"Alerta N° 050/2026 - PPRODUCTO ILÍCITO ""CHALLENGE DE CHANGE FOR WOMEN"" - SIN NOTIFICACIÓN SANITARIA OBLIGATORIA (NSO)"
https://www.agemed.gob.bo/archivo_farmacovigi/alertas/2026/ALERTA_049_2026.pdf,"Alerta N° 049/2026 - DISPOSITIVO MÉDICO ILÍCITO ""PRETTY ® BABY WIDE DIAMETER PP SMALL FEEDING BOTTLE",24-02-2026,Bolivia,AGEMED,,,"Alerta N° 049/2026 - DISPOSITIVO MÉDICO ILÍCITO ""PRETTY ® BABY WIDE DIAMETER PP SMALL FEEDING BOTTLE"
https://www.agemed.gob.bo/archivo_farmacovigi/alertas/2026/ALERTA_048_2026.pdf,"Alerta N° 048/2026 - DISPOSITIVO MÉDICO ILÍCITO ""PRETTY ® BABY PP FEEDING BOTTLE"" - SIN REGISTRO SANITARIO",24-02-2026,Bolivia,AGEMED,,,"Alerta N° 048/2026 - DISPOSITIVO MÉDICO ILÍCITO ""PRETTY ® BABY PP FEEDING BOTTLE"" - SIN REGISTRO SANITARIO"
https://www.agemed.gob.bo/archivo_farmacovigi/alertas/2026/ALERTA_047_2026.pdf,"Alerta N° 047/2026 - DISPOSITIVO MEDICO ILICITO ""ADULT TOOTHBRUSH 10 FAMILY"" - SIN REGISTRO SANITARIO",24-02-2026,Bolivia,AGEMED,,,"Alerta N° 047/2026 - DISPOSITIVO MEDICO ILICITO ""ADULT TOOTHBRUSH 10 FAMILY"" - SIN REGISTRO SANITARIO"
http://antigo.anvisa.gov.br/informacoes-tecnicas13?p_p_id=101_INSTANCE_R6VaZWsQDDzS&p_p_col_id=column-1&p_p_col_count=1&_101_INSTANCE_R6VaZWsQDDzS_groupId=33868&_101_INSTANCE_R6VaZWsQDDzS_urlTitle=alerta-5163-tecnovigilancia-comunicado-da-empresa-descarpack-descartaveis-do-brasil-ltda-seringa-para-insulina-com-agulha-descartavel-descarpack-&_101_INSTANCE_R6VaZWsQDDzS_struts_action=%2Fasset_publisher%2Fview_content&_101_INSTANCE_R6VaZWsQDDzS_assetEntryId=7222822&_101_INSTANCE_R6VaZWsQDDzS_type=content,Alerta 5163 (Tecnovigilância) - Comunicado da empresa Descarpack Descartáveis do Brasil Ltda - Seringa para Insulina com Agulha Descartável Descarpack.,02-03-2026 18:50,Brasil,ANVISA,,,"La alerta de tecnovigilancia se emite por el retiro del lote SSILAB013B de la Seringa para Insulina con Agulha Descartável Descarpack, debido a un defecto en la verificación del código de colores."
https://www.argentina.gob.ar/noticias/anmat-levanto-la-inhibicion-de-las-actividades-productivas-de-laboratorio-pretoria-srl,ANMAT levantó la inhibición de las actividades productivas de Laboratorio Pretoria S.R.L.,03-03-2026 07:46,Argentina,ANMAT,,,"ANMAT levantó la inhibición de Laboratorio Pretoria S.R.L. La causa de la alerta fue la suspensión de sus actividades productivas, ahora revertida tras la implementación de acciones correctivas por parte de la firma."
http://antigo.anvisa.gov.br/informacoes-tecnicas13?p_p_id=101_INSTANCE_R6VaZWsQDDzS&p_p_col_id=column-1&p_p_col_count=1&_101_INSTANCE_R6VaZWsQDDzS_groupId=33868&_101_INSTANCE_R6VaZWsQDDzS_urlTitle=alerta-5165-tecnovigilancia-comunicado-da-empresa-brasil-med-care-imp-exp-com-e-distribuicao-ltda-esparadrapo-em-rolo-haifix-&_101_INSTANCE_R6VaZWsQDDzS_struts_action=%2Fasset_publisher%2Fview_content&_101_INSTANCE_R6VaZWsQDDzS_assetEntryId=7224040&_101_INSTANCE_R6VaZWsQDDzS_type=content,Alerta 5165 (Tecnovigilância) - Comunicado da empresa Brasil Med Care Imp. Exp. Com. e Distribuição Ltda - Esparadrapo em Rolo - Haifix.,04-03-2026 19:25,Brasil,ANVISA,,,La alerta sobre el Esparadrapo en Rolo - Haifix (lote 2501312) se debe a información incorrecta en el embalaje: el plazo de validez es de 3 años (no 5) y el producto no es impermeable al agua.
http://antigo.anvisa.gov.br/informacoes-tecnicas13?p_p_id=101_INSTANCE_R6VaZWsQDDzS&p_p_col_id=column-1&p_p_col_count=1&_101_INSTANCE_R6VaZWsQDDzS_groupId=33868&_101_INSTANCE_R6VaZWsQDDzS_urlTitle=alerta-5164-tecnovigilancia-comunicado-da-empresa-philips-medical-systems-ltda-equipamento-de-raio-x-mobilediagnost-wdr-&_101_INSTANCE_R6VaZWsQDDzS_struts_action=%2Fasset_publisher%2Fview_content&_101_INSTANCE_R6VaZWsQDDzS_assetEntryId=7223990&_101_INSTANCE_R6VaZWsQDDzS_type=content,Alerta 5164 (Tecnovigilância) - Comunicado da empresa Philips Medical Systems Ltda - Equipamento de Raio X MobileDiagnost wDR.,04-03-2026 18:12,Brasil,ANVISA,,,"La alerta de tecnovigilancia sobre el equipo de Raio X MobileDiagnost wDR de Philips se debe a un riesgo de movimiento involuntario. El uso excesivo de líquidos durante la limpieza puede causar corrosión o cortocircuito, provocando que el sistema se mueva solo."
https://www.agemed.gob.bo/archivo_farmacovigi/alertas/2026/ALERTA_066_2026.pdf,"Alerta N° 066/2026 - PRODUCTO ILÍCITO ""ROSS BLACK"" - SIN NOTIFICACIÓN SANITARIA OBLIGATORIA (NSO)",27-02-2026,Bolivia,AGEMED,,,"Alerta N° 066/2026 - PRODUCTO ILÍCITO ""ROSS BLACK"" - SIN NOTIFICACIÓN SANITARIA OBLIGATORIA (NSO)"
https://www.agemed.gob.bo/archivo_farmacovigi/alertas/2026/ALERTA_065_2026.pdf,"Alerta N° 065/2026 - PRODUCTO ILÍCITO ""N 5 CHAMEE PARIS"" - SIN NOTIFICACIÓN SANITARIA OBLIGATORIA (NSO)",27-02-2026,Bolivia,AGEMED,,,"Alerta N° 065/2026 - PRODUCTO ILÍCITO ""N 5 CHAMEE PARIS"" - SIN NOTIFICACIÓN SANITARIA OBLIGATORIA (NSO)"
https://www.agemed.gob.bo/archivo_farmacovigi/alertas/2026/ALERTA_064_2026.pdf,"Alerta N° 064/2026 - PRODUCTO ILÍCITO ""N 5 CHAMEE PARIS"" - SIN NOTIFICACIÓN SANITARIA OBLIGATORIA (NSO)",27-02-2026,Bolivia,AGEMED,,,"Alerta N° 064/2026 - PRODUCTO ILÍCITO ""N 5 CHAMEE PARIS"" - SIN NOTIFICACIÓN SANITARIA OBLIGATORIA (NSO)"
https://www.agemed.gob.bo/archivo_farmacovigi/alertas/2026/ALERTA_063_2026.pdf,"Alerta N° 063/2026 - PRODUCTO ILÍCITO ""MILLON ROYAL PACO RABANNE"" - SIN NOTIFICACIÓN SANITARIA OBLIGATORIA (NSO)",27-02-2026,Bolivia,AGEMED,,,"Alerta N° 063/2026 - PRODUCTO ILÍCITO ""MILLON ROYAL PACO RABANNE"" - SIN NOTIFICACIÓN SANITARIA OBLIGATORIA (NSO)"
https://www.agemed.gob.bo/archivo_farmacovigi/alertas/2026/ALERTA_062_2026.pdf,"Alerta N° 062/2026 - PRODUCTO ILÍCITO ""LOT OF WOOD"" - SIN NOTIFICACIÓN SANITARIA OBLIGATORIA (NSO)",27-02-2026,Bolivia,AGEMED,,,"Alerta N° 062/2026 - PRODUCTO ILÍCITO ""LOT OF WOOD"" - SIN NOTIFICACIÓN SANITARIA OBLIGATORIA (NSO)"
https://www.agemed.gob.bo/archivo_farmacovigi/alertas/2026/ALERTA_061_2026.pdf,"Alerta N° 061/2026 - PRODUCTO ILÍCITO ""LOVE STORY EAU SENSUELLE CLOSE"" - SIN NOTIFICACIÓN SANITARIA OBLIGATORIA (NSO)",27-02-2026,Bolivia,AGEMED,,,"Alerta N° 061/2026 - PRODUCTO ILÍCITO ""LOVE STORY EAU SENSUELLE CLOSE"" - SIN NOTIFICACIÓN SANITARIA OBLIGATORIA (NSO)"
https://www.agemed.gob.bo/archivo_farmacovigi/alertas/2026/ALERTA_060_2026.pdf,"Alerta N° 060/2026 - PRODUCTO ILÍCITO ""FAME REBANE"" - SIN NOTIFICACIÓN SANITARIA OBLIGATORIA (NSO)",27-02-2026,Bolivia,AGEMED,,,"Alerta N° 060/2026 - PRODUCTO ILÍCITO ""FAME REBANE"" - SIN NOTIFICACIÓN SANITARIA OBLIGATORIA (NSO)"
https://www.agemed.gob.bo/archivo_farmacovigi/alertas/2026/ALERTA_059_2026.pdf,"Alerta N° 059/2026 - PRODUCTO ILÍCITO ""(212 VIP) RED BLACK"" - SIN NOTIFICACIÓN SANITARIA OBLIGATORIA (NSO)",27-02-2026,Bolivia,AGEMED,,,"Alerta N° 059/2026 - PRODUCTO ILÍCITO ""(212 VIP) RED BLACK"" - SIN NOTIFICACIÓN SANITARIA OBLIGATORIA (NSO)"
https://www.agemed.gob.bo/archivo_farmacovigi/alertas/2026/ALERTA_058_2026.pdf,"Alerta N° 058/2026 - PRODUCTO ILÍCITO ""(212 VIP) RED ROSÉ"" - SIN NOTIFICACIÓN SANITARIA OBLIGATORIA (NSO)",27-02-2026,Bolivia,AGEMED,,,"Alerta N° 058/2026 - PRODUCTO ILÍCITO ""(212 VIP) RED ROSÉ"" - SIN NOTIFICACIÓN SANITARIA OBLIGATORIA (NSO)"
https://www.agemed.gob.bo/archivo_farmacovigi/alertas/2026/ALERTA_057_2026.pdf,"Alerta N° 057/2026 - PRODUCTO ILÍCITO ""212 VIP MEN WILD PARTY"" - SIN NOTIFICACIÓN SANITARIA OBLIGATORIA (NSO)",27-02-2026,Bolivia,AGEMED,,,"Alerta N° 057/2026 - PRODUCTO ILÍCITO ""212 VIP MEN WILD PARTY"" - SIN NOTIFICACIÓN SANITARIA OBLIGATORIA (NSO)"
https://www.agemed.gob.bo/archivo_farmacovigi/alertas/2026/ALERTA_056_2026.pdf,"Alerta N° 056/2026 - PRODUCTO ILÍCITO ""212 VIP ROSÉ THIS IS A PRIVATE PART! NYC"" - SIN NOTIFICACIÓN SANITARIA OBLIGATORIA (NSO)",27-02-2026,Bolivia,AGEMED,,,"Alerta N° 056/2026 - PRODUCTO ILÍCITO ""212 VIP ROSÉ THIS IS A PRIVATE PART! NYC"" - SIN NOTIFICACIÓN SANITARIA OBLIGATORIA (NSO)"
https://www.agemed.gob.bo/archivo_farmacovigi/alertas/2026/ALERTA_055_2026.pdf,"Alerta N° 055/2026 - PRODUCTO ILÍCITO ""212 VIP ARE YOU ON THE LIST?"" - SIN NOTIFICACIÓN SANITARIA OBLIGATORIA (NSO)",27-02-2026,Bolivia,AGEMED,,,"Alerta N° 055/2026 - PRODUCTO ILÍCITO ""212 VIP ARE YOU ON THE LIST?"" - SIN NOTIFICACIÓN SANITARIA OBLIGATORIA (NSO)"
https://www.agemed.gob.bo/archivo_farmacovigi/alertas/2026/ALERTA_054_2026.pdf,"Alerta N° 054/2026 - PRODUCTO ILÍCITO ""212 VIP WILD PARTY"" - SIN NOTIFICACIÓN SANITARIA OBLIGATORIA (NSO)",27-02-2026,Bolivia,AGEMED,,,"Alerta N° 054/2026 - PRODUCTO ILÍCITO ""212 VIP WILD PARTY"" - SIN NOTIFICACIÓN SANITARIA OBLIGATORIA (NSO)"
https://www.agemed.gob.bo/archivo_farmacovigi/alertas/2026/ALERTA_053_2026.pdf,"Alerta N° 053/2026 - PRODUCTO ILÍCITO ""PCLQ BLACK"" - SIN NOTIFICACIÓN SANITARIA OBLIGATORIA (NSO)",27-02-2026,Bolivia,AGEMED,,,"Alerta N° 053/2026 - PRODUCTO ILÍCITO ""PCLQ BLACK"" - SIN NOTIFICACIÓN SANITARIA OBLIGATORIA (NSO)"
https://www.agemed.gob.bo/archivo_farmacovigi/alertas/2026/ALERTA_052_2026.pdf,"Alerta N° 052/2026 - PRODUCTO ILÍCITO ""PCLQ PALPH LAUREN"" - SIN NOTIFICACIÓN SANITARIA OBLIGATORIA (NSO)",27-02-2026,Bolivia,AGEMED,,,"Alerta N° 052/2026 - PRODUCTO ILÍCITO ""PCLQ PALPH LAUREN"" - SIN NOTIFICACIÓN SANITARIA OBLIGATORIA (NSO)"
http://antigo.anvisa.gov.br/informacoes-tecnicas13?p_p_id=101_INSTANCE_R6VaZWsQDDzS&p_p_col_id=column-1&p_p_col_count=1&_101_INSTANCE_R6VaZWsQDDzS_groupId=33868&_101_INSTANCE_R6VaZWsQDDzS_urlTitle=alerta-5166-tecnovigilancia-comunicado-da-empresa-greiner-bio-one-brasil-produtos-medicos-hospitalares-ltda-familia-vacuette-tubo-para-coleta-a-vacuo-&_101_INSTANCE_R6VaZWsQDDzS_struts_action=%2Fasset_publisher%2Fview_content&_101_INSTANCE_R6VaZWsQDDzS_assetEntryId=7224440&_101_INSTANCE_R6VaZWsQDDzS_type=content,Alerta 5166 (Tecnovigilância) - Comunicado da empresa Greiner Bio-One Brasil Produtos Médicos Hospitalares Ltda - Família Vacuette Tubo para Coleta a Vácuo para Sorologia.,05-03-2026 08:41,Brasil,ANVISA,,,"La alerta de Tecnovigilancia 5166 se emite por un defecto en la Familia Vacuette Tubo para Coleta a Vácuo para Sorologia de Greiner Bio-One. El motivo es la formación de grumos en el gel separador y presencia de fibrina tras la centrifugación, lo que puede requerir una nueva toma de muestra."
https://www.argentina.gob.ar/noticias/anmat-prohibe-los-productos-identificados-como-novmasr-contact-lenses,ANMAT prohíbe los productos identificados como NOVMAS® contact Lenses,05-03-2026 08:26,Argentina,ANMAT,,,"ANMAT prohíbe las lentes de contacto NOVMAS® Lenses. La causa es que estos productos médicos carecen de registro sanitario, lo que impide su comercialización legal."
http://antigo.anvisa.gov.br/informacoes-tecnicas13?p_p_id=101_INSTANCE_R6VaZWsQDDzS&p_p_col_id=column-1&p_p_col_count=1&_101_INSTANCE_R6VaZWsQDDzS_groupId=33868&_101_INSTANCE_R6VaZWsQDDzS_urlTitle=alerta-5167-tecnovigilancia-comunicado-da-empresa-vincula-industria-e-comercio-importacao-e-exportacao-de-implantes-s-a-componente-inserto-articular-p&_101_INSTANCE_R6VaZWsQDDzS_struts_action=%2Fasset_publisher%2Fview_content&_101_INSTANCE_R6VaZWsQDDzS_assetEntryId=7224502&_101_INSTANCE_R6VaZWsQDDzS_type=content,Alerta 5167 (Tecnovigilância) - Comunicado da empresa Vincula Indústria e Comércio Importação e Exportação de Implantes S.A - Componente Inserto Articular PL.,05-03-2026 11:07,Brasil,ANVISA,,,"La alerta se debe al retiro del ""Componente Inserto Articular PL"" (implante de rodilla) de Vincula, debido a un defecto de fabricación: baja interferencia en el acoplamiento entre componentes, requiriendo reintervención quirúrgica."
https://www.ispch.gob.cl/wp-content/uploads/2026/03/DD_4659797_260302_P.pdf,"NOTA INFORMATIVA DE FARMACOVIGILANCIA USO DE MELATONINA EN NIÑOS: PREOCUPACIÓN POR CONSUMO EXCESIVO, ADVERTENCIAS Y RECOMENDACIONES",02-03-2026 19:44:25,Chile,ISPCH,,,"El ISP alerta sobre el aumento de intoxicaciones en menores por consumo de melatonina, un medicamento que requiere receta y no está autorizado para niños en Chile. El motivo principal es el consumo excesivo y sin supervisión, con riesgos para el desarrollo hormonal y la pubertad."
http://antigo.anvisa.gov.br/informacoes-tecnicas13?p_p_id=101_INSTANCE_R6VaZWsQDDzS&p_p_col_id=column-1&p_p_col_count=1&_101_INSTANCE_R6VaZWsQDDzS_groupId=33868&_101_INSTANCE_R6VaZWsQDDzS_urlTitle=alerta-5168-tecnovigilancia-comunicado-da-empresa-stago-brasil-comercio-importacao-e-exportacao-de-produtos-diagnosticos-ltda-sta-liatest-free-protein&_101_INSTANCE_R6VaZWsQDDzS_struts_action=%2Fasset_publisher%2Fview_content&_101_INSTANCE_R6VaZWsQDDzS_assetEntryId=7224710&_101_INSTANCE_R6VaZWsQDDzS_type=content,"Alerta 5168 (Tecnovigilância) - Comunicado da empresa Stago Brasil Comércio, Importação e Exportação de Produtos Diagnósticos Ltda - STA - Liatest Free Protein S.",05-03-2026 17:04,Brasil,ANVISA,,,"La empresa Stago Brasil emite una alerta por un defecto en los kits de diagnóstico STA - Liatest Free Protein S (REF 00527 y 00516). Un problema en componentes biológicos de la materia prima causa la subestimación de los niveles de proteína S libre, afectando resultados de control de calidad y muestras normales."
https://www.agemed.gob.bo/retiro_producto/2026/RETIRO-DE-PRODUCTO-005.pdf,"005/2026 - ALERTA RETIRO DE LOTE ""MEDICAMENTO DE CALIDAD SUBESTANDAR"" OPTICLODEX SOLUCIÓN OFTÁLMICA",03-03-2026,Bolivia,AGEMED,,,"005/2026 - ALERTA RETIRO DE LOTE ""MEDICAMENTO DE CALIDAD SUBESTANDAR"" OPTICLODEX SOLUCIÓN OFTÁLMICA"
https://www.ministeriodesalud.go.cr/index.php/biblioteca-de-archivos-left/documentos-ministerio-de-salud/alertas-sanitarias/alertas-por-productos-en-el-mercado/2026-advertencias-por-productos-en-el-mercado/10142-05-de-marzo-de-2026-sobre-presencia-de-listeria-monocytogenes-en-super-tacos-de-carne-marca-don-taco/file,", sobre presencia de listeria monocytogenes en super tacos de carne, marca don taco",05-03-2026 21:38,Costa Rica,MinSalud,,,"El Ministerio de Salud alerta sobre la presencia de *Listeria monocytogenes* en el lote 200825 de ""Super Tacos de Carne"" marca DON TACO, lo que incumple los criterios microbiológicos y motiva su retiro del mercado."
http://antigo.anvisa.gov.br/informacoes-tecnicas13?p_p_id=101_INSTANCE_R6VaZWsQDDzS&p_p_col_id=column-1&p_p_col_count=1&_101_INSTANCE_R6VaZWsQDDzS_groupId=33868&_101_INSTANCE_R6VaZWsQDDzS_urlTitle=alerta-ggmon-07-2020-farmacovigilancia-medidas-preventivas-hidroxicloroquina-e-cloroquina-viram-produtos-controlados&_101_INSTANCE_R6VaZWsQDDzS_struts_action=%2Fasset_publisher%2Fview_content&_101_INSTANCE_R6VaZWsQDDzS_assetEntryId=7225470&_101_INSTANCE_R6VaZWsQDDzS_type=content,Alerta GGMON 07/2020 (Farmacovigilância): MEDIDAS PREVENTIVAS Hidroxicloroquina e cloroquina viram produtos controlados,06-03-2026 15:23,Brasil,ANVISA,,,"La Anvisa clasificó la hidroxicloroquina y cloroquina como medicamentos de control especial. El motivo principal fue el aumento de su demanda por posible uso contra COVID-19, sin evidencia concluyente, para evitar desabastecimiento y asegurar el tratamiento de pacientes con malaria, lupus y artritis reumatoide."
http://antigo.anvisa.gov.br/informacoes-tecnicas13?p_p_id=101_INSTANCE_R6VaZWsQDDzS&p_p_col_id=column-1&p_p_col_count=1&_101_INSTANCE_R6VaZWsQDDzS_groupId=33868&_101_INSTANCE_R6VaZWsQDDzS_urlTitle=alerta-5169-tecnovigilancia-comunicado-da-empresa-3m-do-brasil-ltda-3m-tegaderm-pad-80284930276-3m-tegaderm-iv-advanced-curativo-de-fixacao-avancada-8&_101_INSTANCE_R6VaZWsQDDzS_struts_action=%2Fasset_publisher%2Fview_content&_101_INSTANCE_R6VaZWsQDDzS_assetEntryId=7225431&_101_INSTANCE_R6VaZWsQDDzS_type=content,Alerta 5169 (Tecnovigilância) - Comunicado da empresa 3M do Brasil Ltda - 3M Tegaderm Pad (80284930276); 3M Tegaderm IV Advanced - Curativo de Fixação Avançada (80284930345).,06-03-2026 14:53,Brasil,ANVISA,,,"La alerta se debe a que lotes de los curativos 3M Tegaderm Pad y 3M Tegaderm IV Advanced fueron enviados a clientes sin pasar por el proceso de esterilización, introduciendo riesgo de contaminación microbiana."
http://antigo.anvisa.gov.br/informacoes-tecnicas13?p_p_id=101_INSTANCE_R6VaZWsQDDzS&p_p_col_id=column-1&p_p_col_count=1&_101_INSTANCE_R6VaZWsQDDzS_groupId=33868&_101_INSTANCE_R6VaZWsQDDzS_urlTitle=alerta-5170-tecnovigilancia-comunicado-da-empresa-ortho-clinical-diagnostics-do-brasil-produtos-para-saude-ltda-verificador-de-eficiencia-de-produtos-&_101_INSTANCE_R6VaZWsQDDzS_struts_action=%2Fasset_publisher%2Fview_content&_101_INSTANCE_R6VaZWsQDDzS_assetEntryId=7225551&_101_INSTANCE_R6VaZWsQDDzS_type=content,Alerta 5170 (Tecnovigilância) - Comunicado da empresa Ortho Clinical Diagnostics do Brasil Produtos para Saúde Ltda - Verificador de Eficiência de Produtos Químicos I e II Vitros*.,06-03-2026 17:56,Brasil,ANVISA,,,"El alerta se debe a un error en la Faixa de Médias (ROM) publicada para el lote G2905 del producto ""Verificador de Eficiência de Produtos Químicos I e II Vitros*"", que afecta las láminas Vitros Na+. Esto podría causar calibraciones inadecuadas y retrasar exámenes de pacientes."
https://www.ispch.gob.cl/wp-content/uploads/2026/03/1.-Alerta-N°122-26-Publicacion.pdf,NOVUMA,09-03-2026 17:47:55,Chile,ISPCH,,,"Se emite una alerta de retiro del mercado para los implantes faciales inyectables NOVUMA debido a defectos en las jeringas. Se observaron rayaduras, grietas y partes rotas, lo que puede causar pérdida de esterilidad, infecciones o dosificación inexacta."
https://www.ispch.gob.cl/wp-content/uploads/2026/03/1.-Alerta-N°119-26-Publicacion.pdf,Criosonda Flexible Erbe,09-03-2026 17:46:30,Chile,ISPCH,,,"Se emite una alerta de retiro del mercado para las unidades de Criosonda Flexible Erbe, utilizadas en criocirugía, debido a un defecto de fabricación. Existe un riesgo de rotura o estallido del tubo exterior durante su activación, lo que puede causar ruido fuerte, pérdida auditiva, daños físicos o quemaduras leves."
https://www.ispch.gob.cl/wp-content/uploads/2026/03/1.-Alerta-N°118-26-Publicacion.pdf,"Kit de muestreo desechable Mandelab, código MSK-VTM007",09-03-2026 17:43:37,Chile,ISPCH,,,"Se emite una alerta de retiro del mercado para el ""Kit de muestreo desechable Mandelab, código MSK-VTM007"" (lote 20252103) debido a la presencia de contaminación fúngica (partículas oscuras/negras) que compromete la integridad de las muestras biológicas."
https://www.ispch.gob.cl/wp-content/uploads/2026/03/1.-Alerta-N°115-26-Publicacion.pdf,Tenaculum Forceps (Pinzas de tenáculo) y Small Graptor (Retractor de sujeción pequeño),09-03-2026 17:41:05,Chile,ISPCH,,,"Alerta de retiro del mercado para los instrumentos quirúrgicos Tenaculum Forceps y Small Graptor, debido a la posibilidad de que sus cables de inclinación estén rotos o pelados, generando riesgo de separación de fragmentos y exposición."
https://www.ispch.gob.cl/wp-content/uploads/2026/03/1.-Alerta-N°114-26-Publicacion.pdf,"Instrumentos reutilizables con mordazas da Vinci X, Xi y dV5",09-03-2026 17:39:22,Chile,ISPCH,,,"Se emite una alerta de retiro del mercado para los ""Instrumentos reutilizables con mordazas da Vinci X, Xi y dV5"" debido a la posibilidad de que sus cables de agarre estén rotos o pelados, lo que representa un riesgo de pérdida de funcionalidad y exposición a partículas."
https://app.invima.gov.co/alertas/ckfinder/userfiles/files/ALERTAS%20SANITARIAS/medicamentos_pbiologicos/2026/MARZO/Alerta%20No_53-2026%20-%20LA%20SANGRE%20DEL%20DIABLO.pdf,Alerta sanitaria sobre: LA SANGRE DEL DIABLO,09-03-2026,Colombia,INVIMA,,,"El Invima alerta sobre la comercialización ilegal del producto ""LA SANGRE DEL DIABLO"", un potenciador sexual fraudulento sin registro sanitario. Su uso representa un riesgo para la salud al no garantizar calidad, seguridad ni eficacia."
https://app.invima.gov.co/alertas/ckfinder/userfiles/files/ALERTAS%20SANITARIAS/medicamentos_pbiologicos/2026/MARZO/Alerta%20No_51-2026%20-%20HANSURE%20Kids.pdf,Alerta Sanitaria sobre: HANSURE Kids,09-03-2026,Colombia,INVIMA,,,"El Invima alerta sobre la comercialización ilegal del producto HANSURE Kids. La causa es que no cuenta con registro sanitario, siendo un producto fraudulento que representa riesgos para la salud debido a su composición desconocida."
https://app.invima.gov.co/alertas/ckfinder/userfiles/files/ALERTAS%20SANITARIAS/medicamentos_pbiologicos/2026/MARZO/Alerta%20No_54-2026%20-%20SUPER%20MAGNESIO%20%26amp%3B%20MELATONIN%20ASHWAGANDHA%20KMS-66%20.pdf,Alerta Sanitaria sobre: SUPER MAGNESIO & MELATONIN ASHWAGANDHA KMS-66,09-03-2026,Colombia,INVIMA,,,"El Invima alerta sobre la comercialización ilegal del suplemento dietario SUPER MAGNESIO & MELATONIN ASHWAGANDHA KMS-66. El motivo es que carece de registro sanitario válido, siendo un producto fraudulento que no garantiza calidad, seguridad ni eficacia, representando un riesgo para la salud."
https://www.argentina.gob.ar/noticias/anmat-prohibe-el-uso-y-comercializacion-de-un-tornillo-traumatologico-sin-registro,ANMAT prohíbe el uso y comercialización de un tornillo traumatológico sin registro sanitario,10-03-2026 08:22,Argentina,ANMAT,,,"ANMAT prohíbe el uso y comercialización de un tornillo traumatológico, abarcando todos sus lotes, debido a la carencia de registro y autorización sanitaria."
https://www.ispch.gob.cl/wp-content/uploads/2026/03/VigilanciaEpidemiologica-09032026B.pdf,Influenza A(H3N2) subclado K (2025-2026) Revisión narrativa de la literatura internacional  para apoyo a la toma de decisiones en Chile.,10-03-2026 18:57:16,Chile,ISPCH,,,"El producto involucrado es la vacuna contra la influenza. El motivo principal de la modificación es la emergencia y rápida expansión del subclado A(H3N2)-K, que presenta un desajuste antigénico parcial con las cepas vacunales previas, llevando a un cambio en la recomendación de la cepa vacunal para mejorar la concordancia."
https://www.agemed.gob.bo/retiro_producto/2026/RETIRO-DE-PRODUCTO-006.pdf,"006/2026 - ALERTA RETIRO DE LOTE ""MEDICAMENTO DE CALIDAD SUBESTANDAR"" SALBUTAMOL 2mg/5mL",05-03-2026,Bolivia,AGEMED,,,"006/2026 - ALERTA RETIRO DE LOTE ""MEDICAMENTO DE CALIDAD SUBESTANDAR"" SALBUTAMOL 2mg/5mL"
https://www.ispch.gob.cl/wp-content/uploads/2026/03/Alerta-08-26-Ref.-I0200000826.pdf,"ALERTA DE RETIRO DEL MERCADO N° 08/26 DE DIECISÉIS LOTES DEL PRODUCTO FARMACÉUTICO MULCATEL SUSPENSIÓN ORAL 10%, DE LABORATORIO MAVER S.A",11-03-2026 18:42:36,Chile,ISPCH,,,"Se retira voluntariamente del mercado MULCATEL SUSPENSIÓN ORAL 10% debido a quejas de clientes por un aumento de la viscosidad, dificultando su dispensación."
https://www.ispch.gob.cl/wp-content/uploads/2026/03/Alerta-N°057-26-Nota-informativa.pdf,Dispositivos médicos y dispositivos médicos de diagnóstico in vitro bajo control obligatorio,11-03-2026 19:00:51,Chile,ISPCH,,,"El Instituto de Salud Pública de Chile alerta sobre la comercialización, distribución y uso de dispositivos médicos y de diagnóstico in vitro que no cuentan con el registro sanitario obligatorio, lo que impide garantizar su calidad, seguridad y eficacia."
https://www.ispch.gob.cl/wp-content/uploads/2026/03/Alerta-N°123-26-Nota-informativa.pdf,Guantes de látex marca «MÄCHTIG» y «Tips of life»,11-03-2026 20:47:25,Chile,ISPCH,,,"Alerta por guantes de látex ""MÄCHTIG"" (examinación) y ""Tips of Life"" (quirúrgicos) detectados en el mercado sin registro sanitario ni verificación de conformidad, incumpliendo la normativa vigente y poniendo en riesgo su calidad, seguridad y eficacia."
https://app.invima.gov.co/alertas/ckfinder/userfiles/files/ALERTAS%20SANITARIAS/Alimentos_Bebidas/2026/Marzo/Alerta%20No_%20%2355-2026%20-%20Alimento%20en%20Polvo%20denominado%20%E2%80%9CMULTIFORT%E2%80%9D%20con%20RSA-001772-2019%20(Falso)%20.pdf,Alerta sanitaria sobre: Alimento en Polvo denominado “MULTIFORT” con RSA-001772-2019 (Falso),11-03-2026,Colombia,INVIMA,,,"El Invima alerta sobre el alimento en polvo ""MULTIFORT"" debido a su comercialización fraudulenta. El producto utiliza un registro sanitario falso, no otorgado por la entidad, incumpliendo la normativa sanitaria vigente."
https://www.agemed.gob.bo/archivo_uso_racional/alertas/2026/nacional/001_2026.pdf,N° 001/2026 - AGEMED COMUNICA EL RETIRO INTERNACIONAL DE VARIOS LOTES DEL PRODUCTO BEBELAC ®GOLD 1,12-03-2026,Bolivia,AGEMED,,,"AGEMED comunica el retiro internacional de varios lotes del producto BEBELAC® GOLD I (400g y 900g) debido a un posible riesgo de contaminación con Cereulida, una toxina producida por *Bacillus cereus*, detectada en aceite de ARA, que puede causar síndromes emético y diarreico en lactantes."
https://www.agemed.gob.bo/archivo_uso_racional/alertas/2026/internacional/007_2026.pdf,"N° 007/2026 - INMOVILIZACIÓN Y SUSPENSIÓN PREVENTIVA DE USO DE UN LOTE DE BUPIVACAINA CLORHIDRATO ANHIDRA 
                                POR PRESUNTOS EVENTOS ADVERSOS GRAVES EN MUJERES EMBARAZADAS",12-03-2026,Bolivia,AGEMED,,,"La alerta internacional se emite por la inmovilización y suspensión preventiva del lote 20B25001 de Bupivacaína Clorhidrato Anhidra, debido a presuntos eventos adversos graves, incluyendo mortalidad materna y manifestaciones neurológicas atípicas, en mujeres embarazadas."
http://antigo.anvisa.gov.br/informacoes-tecnicas13?p_p_id=101_INSTANCE_R6VaZWsQDDzS&p_p_col_id=column-1&p_p_col_count=1&_101_INSTANCE_R6VaZWsQDDzS_groupId=33868&_101_INSTANCE_R6VaZWsQDDzS_urlTitle=alerta-5172-tecnovigilancia-comunicado-da-empresa-vr-medical-importadora-e-distribuidora-de-produtos-medicos-ltda-sta-liatest-d-di-plus-ref-00662-&_101_INSTANCE_R6VaZWsQDDzS_struts_action=%2Fasset_publisher%2Fview_content&_101_INSTANCE_R6VaZWsQDDzS_assetEntryId=7226639&_101_INSTANCE_R6VaZWsQDDzS_type=content,Alerta 5172 (Tecnovigilância) - Comunicado da empresa VR Medical Importadora e Distribuidora de Produtos Médicos Ltda - STA- Liatest® D-DI Plus (REF 00662).,12-03-2026 17:07,Brasil,ANVISA,,,"La alerta se emite por el producto STA-Liatest® D-DI Plus (REF 00662) debido a un defecto que causa un sesgo positivo en las mediciones de Dímero-D, afectando la especificidad y aumentando los falsos positivos."
http://antigo.anvisa.gov.br/informacoes-tecnicas13?p_p_id=101_INSTANCE_R6VaZWsQDDzS&p_p_col_id=column-1&p_p_col_count=1&_101_INSTANCE_R6VaZWsQDDzS_groupId=33868&_101_INSTANCE_R6VaZWsQDDzS_urlTitle=alerta-5171-tecnovigilancia-comunicado-da-empresa-becton-dickinson-industrias-cirurgicas-ltda-bd-precisionglide-agulha-hipodermica-&_101_INSTANCE_R6VaZWsQDDzS_struts_action=%2Fasset_publisher%2Fview_content&_101_INSTANCE_R6VaZWsQDDzS_assetEntryId=7226486&_101_INSTANCE_R6VaZWsQDDzS_type=content,Alerta 5171 (Tecnovigilância) - Comunicado da empresa Becton Dickinson Indústrias Cirúrgicas Ltda - BD Precisionglide Agulha Hipodérmica.,12-03-2026 16:40,Brasil,ANVISA,,,"La alerta sobre la aguja hipodérmica BD Precisionglide se debe a un error de rotulado: la etiqueta indica 21G, pero el producto real es 18G. Este defecto puede causar mayor dolor o incomodidad durante la inyección."
https://app.invima.gov.co/alertas/ckfinder/userfiles/files/ALERTAS%20SANITARIAS/medicamentos_pbiologicos/2026/MARZO/Alerta%20No%2052-2026%20-%20ARCILLA%20VERDE%20FRANCESA.pdf,Alerta Sanitaria sobre: ARCILLA VERDE FRANCESA,12-03-2026,Colombia,INVIMA,,,"El Invima alerta sobre la comercialización ilegal de ""ARCILLA VERDE FRANCESA"". Este producto es fraudulento porque no tiene registro sanitario, se publicita con indicaciones farmacológicas no autorizadas y representa riesgos para la salud de los consumidores."
http://antigo.anvisa.gov.br/informacoes-tecnicas13?p_p_id=101_INSTANCE_R6VaZWsQDDzS&p_p_col_id=column-1&p_p_col_count=1&_101_INSTANCE_R6VaZWsQDDzS_groupId=33868&_101_INSTANCE_R6VaZWsQDDzS_urlTitle=alerta-5173-tecnovigilancia-comunicado-da-empresa-dgs-brasil-ltda-deepunity-pacsonweb-&_101_INSTANCE_R6VaZWsQDDzS_struts_action=%2Fasset_publisher%2Fview_content&_101_INSTANCE_R6VaZWsQDDzS_assetEntryId=7226996&_101_INSTANCE_R6VaZWsQDDzS_type=content,Alerta 5173 (Tecnovigilância) - Comunicado da empresa DGS Brasil Ltda - DeepUnity PACSonWEB.,13-03-2026 11:19,Brasil,ANVISA,,,"El software DeepUnity PACSonWEB presenta un defecto: al cambiar un paciente en un procedimiento con múltiples estudios, no se desvincula del informe original, generando anomalías y vinculando informes a pacientes incorrectos."
http://antigo.anvisa.gov.br/informacoes-tecnicas13?p_p_id=101_INSTANCE_R6VaZWsQDDzS&p_p_col_id=column-1&p_p_col_count=1&_101_INSTANCE_R6VaZWsQDDzS_groupId=33868&_101_INSTANCE_R6VaZWsQDDzS_urlTitle=alerta-5175-tecnovigilancia-comunicado-da-empresa-shimadzu-do-brasil-comercio-ltda-radspeed-&_101_INSTANCE_R6VaZWsQDDzS_struts_action=%2Fasset_publisher%2Fview_content&_101_INSTANCE_R6VaZWsQDDzS_assetEntryId=7227212&_101_INSTANCE_R6VaZWsQDDzS_type=content,Alerta 5175 (Tecnovigilância) - Comunicado da empresa Shimadzu do Brasil Comércio Ltda - RADspeed.,13-03-2026 14:35,Brasil,ANVISA,,,La alerta sobre el equipo médico RADspeed (modelo RADspeed fit) de Shimadzu se debe a un error de rotulado en el colimador R-20J. La indicación del año de publicación de la norma para el marcador láser fue incorrecta (2001 en lugar de 2007).
http://antigo.anvisa.gov.br/informacoes-tecnicas13?p_p_id=101_INSTANCE_R6VaZWsQDDzS&p_p_col_id=column-1&p_p_col_count=1&_101_INSTANCE_R6VaZWsQDDzS_groupId=33868&_101_INSTANCE_R6VaZWsQDDzS_urlTitle=alerta-5174-tecnovigilancia-comunicado-da-empresa-biomerieux-brasil-ind-com-de-prod-lab-ltda-vidas-rub-igg-ii-&_101_INSTANCE_R6VaZWsQDDzS_struts_action=%2Fasset_publisher%2Fview_content&_101_INSTANCE_R6VaZWsQDDzS_assetEntryId=7227173&_101_INSTANCE_R6VaZWsQDDzS_type=content,Alerta 5174 (Tecnovigilância) - Comunicado da empresa Biomérieux Brasil Ind. Com. de Prod. Lab. Ltda - Vidas Rub IgG II.,13-03-2026 14:14,Brasil,ANVISA,,,"El producto Vidas Rub IgG II (lote 1011591810) de Biomérieux presenta un defecto en la impresión del código de barras MLE, impidiendo la calibración del equipo y bloqueando el análisis de muestras, lo que puede causar retrasos en los resultados."
http://antigo.anvisa.gov.br/informacoes-tecnicas13?p_p_id=101_INSTANCE_R6VaZWsQDDzS&p_p_col_id=column-1&p_p_col_count=1&_101_INSTANCE_R6VaZWsQDDzS_groupId=33868&_101_INSTANCE_R6VaZWsQDDzS_urlTitle=alerta-5176-tecnovigilancia-comunicado-da-empresa-philips-medical-systems-ltda-equipamento-para-angiografia-allura-xper-marca-philips-10216710153-azur&_101_INSTANCE_R6VaZWsQDDzS_struts_action=%2Fasset_publisher%2Fview_content&_101_INSTANCE_R6VaZWsQDDzS_assetEntryId=7228879&_101_INSTANCE_R6VaZWsQDDzS_type=content,Alerta 5176 (Tecnovigilância) - Comunicado da empresa Philips Medical Systems Ltda - Equipamento para Angiografia Allura Xper Marca Philips (10216710153); Azurion (10216710345); Equipamento para Angiografia Allura Xper (10216710206).,16-03-2026 10:42,Brasil,ANVISA,,,A Philips emitiu um alerta para seus equipamentos de Angiografia Allura Xper e Azurion devido a um defeito. O problema é a perda potencial da funcionalidade de imagem por falha ou intermitência na inicialização da radiação de raios-X através do pedal de acionamento com fio.
https://www.argentina.gob.ar/noticias/anmat-prohibe-el-producto-punacap-de-laboratorios-delta-sa,ANMAT prohíbe el producto PUNACAP de laboratorios Delta S.A.,16-03-2026 08:56,Argentina,ANMAT,,,"ANMAT prohíbe PUNACAP de Laboratorios Delta S.A. debido a la ausencia de registros sanitarios y el desconocimiento de su procedencia, lo que constituye un riesgo para la salud pública."
https://www.argentina.gob.ar/noticias/anmat-prohibe-varios-productos-cosmeticos-para-el-cabello-de-la-marca-emilse-alisados,ANMAT prohíbe varios productos cosméticos para el cabello de la marca EMILSE ALISADOS,16-03-2026 09:03,Argentina,ANMAT,,,"ANMAT prohíbe productos cosméticos capilares EMILSE ALISADOS. La causa es que carecían del registro sanitario correspondiente, lo que implica un incumplimiento regulatorio."
https://www.argentina.gob.ar/noticias/anmat-prohibe-distintos-productos-cosmeticos-infantiles-de-las-marcas-miss-betty-pola-ayir,"ANMAT prohíbe distintos productos cosméticos infantiles de las marcas MISS BETTY, POLA AYIR, MAGIC, HOLD MORNING y MAGIC YOUR LIFE",16-03-2026 08:49,Argentina,ANMAT,,,"ANMAT prohíbe cosméticos infantiles de MISS BETTY, POLA AYIR, MAGIC, HOLD MORNING y MAGIC YOUR LIFE. El motivo principal es que carecían de los registros sanitarios correspondientes."
http://antigo.anvisa.gov.br/informacoes-tecnicas13?p_p_id=101_INSTANCE_R6VaZWsQDDzS&p_p_col_id=column-1&p_p_col_count=1&_101_INSTANCE_R6VaZWsQDDzS_groupId=33868&_101_INSTANCE_R6VaZWsQDDzS_urlTitle=alerta-5177-tecnovigilancia-comunicado-da-empresa-stryker-do-brasil-ltda-focos-cirurgicos-chromophare-&_101_INSTANCE_R6VaZWsQDDzS_struts_action=%2Fasset_publisher%2Fview_content&_101_INSTANCE_R6VaZWsQDDzS_assetEntryId=7229057&_101_INSTANCE_R6VaZWsQDDzS_type=content,Alerta 5177 (Tecnovigilância) - Comunicado da empresa Stryker do Brasil Ltda - Focos Cirúrgicos Chromophare.,16-03-2026 12:14,Brasil,ANVISA,,,"Alerta sobre Focos Quirúrgicos Chromophare (modelos CB 6361038, CB 7361038, CB 7361058) de Stryker. El anillo del bebedero puede no soportar la cubierta del techo, causando su desplazamiento o deslizamiento. Esto expone el campo estéril a partículas, aumentando el riesgo de infección o intervención intraoperatoria."
https://app.invima.gov.co/alertas/ckfinder/userfiles/files/ALERTAS%20SANITARIAS/medicamentos_pbiologicos/2026/MARZO/Alerta%20No_%2056-2026%20-%2027%20DAYS%20PATCHES%20(ENERGY%20-%20GLP1%20%E2%80%93%20SLEEP%20%E2%80%93%20HANGOVER)%20.pdf,27 DAYS PATCHES (ENERGY - GLP1 – SLEEP – HANGOVER),16-03-2026,Colombia,INVIMA,,,"La alerta sanitaria se emite por la comercialización ilegal de los productos ""27 DAYS PATCHES (ENERGY - GLP1 – SLEEP – HANGOVER)"". El motivo principal es que son productos fraudulentos sin registro sanitario, lo que implica que no han sido evaluados en calidad, seguridad o eficacia."
https://www.agemed.gob.bo/archivo_farmacovigi/alertas/2026/ALERTA_078_2026.pdf,"Alerta N° 078/2026 - PRODUCTO ILÍCITO ""OLIVE OIL DEEP CONDITIONING PACK"" - SIN NOTIFICACIÓN SANITARIA OBLIGATORIA (NSO)",27-02-2026,Bolivia,AGEMED,,,"Alerta N° 078/2026 - PRODUCTO ILÍCITO ""OLIVE OIL DEEP CONDITIONING PACK"" - SIN NOTIFICACIÓN SANITARIA OBLIGATORIA (NSO)"
https://www.agemed.gob.bo/archivo_farmacovigi/alertas/2026/ALERTA_077_2026.pdf,"Alerta N° 077/2026 - PRODUCTO ILÍCITO ""OLIVE OIL DEEP CONDITIONING PACK"" - SIN NOTIFICACIÓN SANITARIA OBLIGATORIA (NSO)",27-02-2026,Bolivia,AGEMED,,,"Alerta N° 077/2026 - PRODUCTO ILÍCITO ""OLIVE OIL DEEP CONDITIONING PACK"" - SIN NOTIFICACIÓN SANITARIA OBLIGATORIA (NSO)"
https://www.agemed.gob.bo/archivo_farmacovigi/alertas/2026/ALERTA_076_2026.pdf,"Alerta N° 076/2026 - PRODUCTO ILÍCITO ""SELFLESS BY HYRAM - PEPTIDE Q10 & GINGER"" - SIN NOTIFICACIÓN SANITARIA OBLIGATORIA (NSO)",27-02-2026,Bolivia,AGEMED,,,"Alerta N° 076/2026 - PRODUCTO ILÍCITO ""SELFLESS BY HYRAM - PEPTIDE Q10 & GINGER"" - SIN NOTIFICACIÓN SANITARIA OBLIGATORIA (NSO)"
https://www.agemed.gob.bo/archivo_farmacovigi/alertas/2026/ALERTA_075_2026.pdf,"Alerta N° 075/2026 - PRODUCTO ILÍCITO ""WET N WILD - PHOTOFOCUS FOUNDATION FOND DE TEINT"" - SIN NOTIFICACIÓN SANITARIA OBLIGATORIA (NSO)",27-02-2026,Bolivia,AGEMED,,,"Alerta N° 075/2026 - PRODUCTO ILÍCITO ""WET N WILD - PHOTOFOCUS FOUNDATION FOND DE TEINT"" - SIN NOTIFICACIÓN SANITARIA OBLIGATORIA (NSO)"
https://www.agemed.gob.bo/archivo_farmacovigi/alertas/2026/ALERTA_074_2026.pdf,"Alerta N° 074/2026 - PRODUCTO ILÍCITO ""ESTELIN - ULTRA LIGTH & MOISTURIZING 60 SPF"" - SIN NOTIFICACIÓN SANITARIA OBLIGATORIA (NSO)",27-02-2026,Bolivia,AGEMED,,,"Alerta N° 074/2026 - PRODUCTO ILÍCITO ""ESTELIN - ULTRA LIGTH & MOISTURIZING 60 SPF"" - SIN NOTIFICACIÓN SANITARIA OBLIGATORIA (NSO)"
https://www.agemed.gob.bo/archivo_farmacovigi/alertas/2026/ALERTA_073_2026.pdf,"Alerta N° 073/2026 - PRODUCTO ILÍCITO ""OLAY REGENERIST RETINOL 24 + PEPTIDE"" - SIN NOTIFICACIÓN SANITARIA OBLIGATORIA (NSO)",27-02-2026,Bolivia,AGEMED,,,"Alerta N° 073/2026 - PRODUCTO ILÍCITO ""OLAY REGENERIST RETINOL 24 + PEPTIDE"" - SIN NOTIFICACIÓN SANITARIA OBLIGATORIA (NSO)"
https://www.agemed.gob.bo/archivo_farmacovigi/alertas/2026/ALERTA_072_2026.pdf,"Alerta N° 072/2026 - PRODUCTO ILÍCITO ""Head & Shoulders - SUPREME DETOX & HIDRATE"" - SIN NOTIFICACIÓN SANITARIA OBLIGATORIA (NSO)",27-02-2026,Bolivia,AGEMED,,,"Alerta N° 072/2026 - PRODUCTO ILÍCITO ""Head & Shoulders - SUPREME DETOX & HIDRATE"" - SIN NOTIFICACIÓN SANITARIA OBLIGATORIA (NSO)"
https://www.agemed.gob.bo/archivo_farmacovigi/alertas/2026/ALERTA_071_2026.pdf,"Alerta N° 071/2026 - PRODUCTO ILÍCITO ""SADOER MAKEUP FIXING SPRAY"" - SIN NOTIFICACIÓN SANITARIA OBLIGATORIA (NSO)",27-02-2026,Bolivia,AGEMED,,,"Alerta N° 071/2026 - PRODUCTO ILÍCITO ""SADOER MAKEUP FIXING SPRAY"" - SIN NOTIFICACIÓN SANITARIA OBLIGATORIA (NSO)"
https://www.agemed.gob.bo/archivo_farmacovigi/alertas/2026/ALERTA_070_2026.pdf,"Alerta N° 070/2026 - PRODUCTO ILÍCITO ""KARSELL PROFESSIONAL - ARGAN OIL"" - SIN NOTIFICACIÓN SANITARIA OBLIGATORIA (NSO)",27-02-2026,Bolivia,AGEMED,,,"Alerta N° 070/2026 - PRODUCTO ILÍCITO ""KARSELL PROFESSIONAL - ARGAN OIL"" - SIN NOTIFICACIÓN SANITARIA OBLIGATORIA (NSO)"
https://www.agemed.gob.bo/archivo_farmacovigi/alertas/2026/ALERTA_069_2026.pdf,"Alerta N° 069/2026 - PRODUCTO ILÍCITO ""L' OREAL PARIS EXCELLENCE CREME"" - SIN NOTIFICACIÓN SANITARIA 
                                OBLIGATORIA (NSO)",27-02-2026,Bolivia,AGEMED,,,"Alerta N° 069/2026 - PRODUCTO ILÍCITO ""L' OREAL PARIS EXCELLENCE CREME"" - SIN NOTIFICACIÓN SANITARIA 
                                OBLIGATORIA (NSO)"
https://www.agemed.gob.bo/archivo_farmacovigi/alertas/2026/ALERTA_068_2026.pdf,"Alerta N° 068/2026 - PRODUCTO ILÍCITO ""SADOER EYELASH GROWTH - CASTOR OIL"" - SIN NOTIFICACIÓN SANITARIA 
                                OBLIGATORIA (NSO)",27-02-2026,Bolivia,AGEMED,,,"Alerta N° 068/2026 - PRODUCTO ILÍCITO ""SADOER EYELASH GROWTH - CASTOR OIL"" - SIN NOTIFICACIÓN SANITARIA 
                                OBLIGATORIA (NSO)"
https://www.agemed.gob.bo/archivo_farmacovigi/alertas/2026/ALERTA_067_2026.pdf,"Alerta N° 067/2026 - PRODUCTO ILÍCITO ""OLAY SERUMS - AHA + PETIDE 24"" - SIN NOTIFICACIÓN SANITARIA OBLIGATORIA (NSO)",27-02-2026,Bolivia,AGEMED,,,"Alerta N° 067/2026 - PRODUCTO ILÍCITO ""OLAY SERUMS - AHA + PETIDE 24"" - SIN NOTIFICACIÓN SANITARIA OBLIGATORIA (NSO)"
https://www.argentina.gob.ar/noticias/retiro-del-mercado-de-un-lote-de-vaselina-solida-blanca,Retiro del mercado de un lote de Vaselina Sólida Blanca,17-03-2026 09:52,Argentina,ANMAT,,,"Se retiró del mercado un lote de Vaselina Sólida Blanca porque fue liberado por un profesional no designado por la Autoridad Sanitaria Nacional, constituyendo un error en el proceso de liberación."
https://www.argentina.gob.ar/noticias/anmat-ordena-el-recupero-del-mercado-del-producto-verrugol,ANMAT ordena el recupero del mercado del producto “Verrugol”,17-03-2026 08:20,Argentina,ANMAT,,,ANMAT ordena el recupero del mercado del producto “Verrugol”
https://app.invima.gov.co/alertas/ckfinder/userfiles/files/ALERTAS%20SANITARIAS/Dispositivos_Medicos/2026/Marzo/Alerta%20No_%20%2357-2026%20-%20HORMONA%20GONADOTROPINA%20CORIONICA%20(HCG%20XERION)%2CPRUEBA%20DE%20EMBARAZO%20.pdf,"Alerta sanitaria sobre: HORMONA GONADOTROPINA CORIONICA (HCG XERION),PRUEBA DE EMBARAZO",17-03-2026,Colombia,INVIMA,,,"Alerta sanitaria por la Hormona Gonadotropina Coriónica (HCG XERION), prueba de embarazo, debido a la posible ocurrencia de resultados falsos positivos asociados al uso del reactivo."
https://app.invima.gov.co/alertas/ckfinder/userfiles/files/ALERTAS%20SANITARIAS/Dispositivos_Medicos/2026/Marzo/Alerta%20No_%20%2358-2026%20-%20ACTIM%20PROM%20.pdf,Alerta sanitaria sobre: ACTIM PROM,17-03-2026,Colombia,INVIMA,,,"Alerta por el producto ACTIM PROM (lotes 2009493 y 2009329) debido a un etiquetado con código QR que contiene un valor umbral incorrectamente alto, lo que podría generar resultados falsamente negativos en la prueba."
https://www.agemed.gob.bo/retiro_producto/2026/RETIRO-DE-PRODUCTO-010.pdf,"010/2026 - ALERTA RETIRO DE LOTE ""MEDICAMENTO DE CALIDAD SUBESTANDAR"" ATRVASTATINA 10MG COMPRIMIDOS COMPRIMIDOS",12-03-2026,Bolivia,AGEMED,,,"010/2026 - ALERTA RETIRO DE LOTE ""MEDICAMENTO DE CALIDAD SUBESTANDAR"" ATRVASTATINA 10MG COMPRIMIDOS COMPRIMIDOS"
https://www.agemed.gob.bo/retiro_producto/2026/RETIRO-DE-PRODUCTO-009.pdf,"009/2026 - ALERTA RETIRO DE LOTE ""MEDICAMENTO DE CALIDAD SUBESTANDAR"" CIPROFLOXACINA 500MG COMPRIMIDOS",12-03-2026,Bolivia,AGEMED,,,"009/2026 - ALERTA RETIRO DE LOTE ""MEDICAMENTO DE CALIDAD SUBESTANDAR"" CIPROFLOXACINA 500MG COMPRIMIDOS"
https://www.agemed.gob.bo/retiro_producto/2026/RETIRO-DE-PRODUCTO-008.pdf,"008/2026 - ALERTA RETIRO DE LOTE ""MEDICAMENTO DE CALIDAD SUBESTANDAR"" CABERGAL COMPRIMIDOS SIN RECUBRIMIENTO",12-03-2026,Bolivia,AGEMED,,,"008/2026 - ALERTA RETIRO DE LOTE ""MEDICAMENTO DE CALIDAD SUBESTANDAR"" CABERGAL COMPRIMIDOS SIN RECUBRIMIENTO"
https://www.agemed.gob.bo/retiro_producto/2026/RETIRO-DE-PRODUCTO-007.pdf,"007/2026 - ALERTA RETIRO DE LOTE ""MEDICAMENTO DE CALIDAD SUBESTANDAR"" BENZOSAR LOCIÓN",12-03-2026,Bolivia,AGEMED,,,"007/2026 - ALERTA RETIRO DE LOTE ""MEDICAMENTO DE CALIDAD SUBESTANDAR"" BENZOSAR LOCIÓN"
https://app.invima.gov.co/alertas/ckfinder/userfiles/files/ALERTAS%20SANITARIAS/Dispositivos_Medicos/2026/Marzo/Alerta%20No_%20%2363-2026%20-%20Alinity%20M%20HR%20HPV%20Ctrl%20Kit%20.pdf,Alerta sanitaria sobre: Alinity M HR HPV Ctrl Kit,19-03-2026,Colombia,INVIMA,,,"El producto Alinity M HR HPV Ctrl Kit (lote 418522) es retirado del mercado debido a un error de etiquetado: fue distribuido sin el número de Registro Sanitario requerido para Colombia en su etiqueta, incumpliendo la normativa nacional."
https://app.invima.gov.co/alertas/ckfinder/userfiles/files/ALERTAS%20SANITARIAS/Dispositivos_Medicos/2026/Marzo/Alerta%20No_%20%2362-2026%20-%20OOXOID%E2%84%A2%20Microbact%E2%84%A2%20Listeria%2012L%20Kit.pdf,Alerta sanitaria sobre: OOXOID™ Microbact™ Listeria 12L Kit,19-03-2026,Colombia,INVIMA,,,"El OOXOID™ Microbact™ Listeria 12L Kit (lote 4494873) presenta un defecto que causa identificaciones incorrectas de microorganismos debido a reacciones de color ambiguas, generando resultados no concluyentes y demoras en la identificación de patógenos."
https://app.invima.gov.co/alertas/ckfinder/userfiles/files/ALERTAS%20SANITARIAS/Dispositivos_Medicos/Alerta%20No_%20%2365-2026%20-%20LAMPARA%20DE%20QUIROFANO%20-%20LAMPARA%20PARA%20CIRUGIA%20.pdf,Alerta sanitaria sobre: LAMPARA DE QUIROFANO - LAMPARA PARA CIRUGIA,19-03-2026,Colombia,INVIMA,,,"Alerta sanitaria por la Lámpara de Quirófano Berchtold Chromophare (2025DM-0030370) de Stryker Colombia S.A.S. El motivo es un defecto en el anillo del alero que puede no soportar la cubierta del techo, permitiendo la entrada de contaminantes al campo estéril."
https://www.argentina.gob.ar/noticias/anmat-advierte-sobre-componentes-de-protesis-de-cadera-falsificados,ANMAT advierte sobre componentes de prótesis de cadera falsificados,19-03-2026 10:16,Argentina,ANMAT,,,"ANMAT advierte sobre prótesis de cadera falsificadas. La causa de la alerta es la presencia de componentes falsificados en estos productos, lo que representa un riesgo para la salud pública."
http://antigo.anvisa.gov.br/informacoes-tecnicas13?p_p_id=101_INSTANCE_R6VaZWsQDDzS&p_p_col_id=column-1&p_p_col_count=1&_101_INSTANCE_R6VaZWsQDDzS_groupId=33868&_101_INSTANCE_R6VaZWsQDDzS_urlTitle=alerta-5179-tecnovigilancia-comunicado-da-empresa-descarpack-descartaveis-do-brasil-ltda-equipo-macrogotas-para-infusao-por-gravidade-descartavel-desc&_101_INSTANCE_R6VaZWsQDDzS_struts_action=%2Fasset_publisher%2Fview_content&_101_INSTANCE_R6VaZWsQDDzS_assetEntryId=7230977&_101_INSTANCE_R6VaZWsQDDzS_type=content,Alerta 5179 (Tecnovigilância) - Comunicado da empresa Descarpack Descartáveis do Brasil Ltda - Equipo Macrogotas para Infusão por Gravidade Descartável Descarpack.,19-03-2026 17:13,Brasil,ANVISA,,,"La alerta se debe al retiro del lote SEMPAB016D del ""Equipo Macrogotas para Infusão por Gravidade Descartável Descarpack"" por un defecto en el rótulo. La ausencia de la letra ""G"" en la embalagem unitária, que representa la gravedad, incumple la normativa y podría causar un uso incorrecto del producto."
http://antigo.anvisa.gov.br/informacoes-tecnicas13?p_p_id=101_INSTANCE_R6VaZWsQDDzS&p_p_col_id=column-1&p_p_col_count=1&_101_INSTANCE_R6VaZWsQDDzS_groupId=33868&_101_INSTANCE_R6VaZWsQDDzS_urlTitle=alerta-5178-tecnovigilancia-comunicado-da-empresa-descarpack-descartaveis-do-brasil-ltda-equipo-descartavel-descarpack-iii-&_101_INSTANCE_R6VaZWsQDDzS_struts_action=%2Fasset_publisher%2Fview_content&_101_INSTANCE_R6VaZWsQDDzS_assetEntryId=7230928&_101_INSTANCE_R6VaZWsQDDzS_type=content,Alerta 5178 (Tecnovigilância) - Comunicado da empresa Descarpack Descartáveis do Brasil Ltda - Equipo Descartável Descarpack III.,19-03-2026 16:02,Brasil,ANVISA,,,"Se emite un retiro del Equipo Descartável Descarpack III (lote SEMAAB008A) debido a un defecto en el etiquetado. La ausencia de la letra ""G"" en la unidad de empaque, que indica gravedad, incumple la normativa y podría causar un uso incorrecto del producto."
https://app.invima.gov.co/alertas/ckfinder/userfiles/files/ALERTAS%20SANITARIAS/Dispositivos_Medicos/2026/Marzo/Alerta%20No_%20%2364-2026%20-%20MINIMED%20780G%20INSULIN%20PUMP%20_%20BOMBA%20DE%20INSULINA%20MINIMED%20780G%20.pdf,Alerta sanitaria sobre: MINIMED 780G INSULIN PUMP / BOMBA DE INSULINA MINIMED 780G,19-03-2026,Colombia,INVIMA,,,"La alerta sanitaria sobre la bomba de insulina MiniMed 780G se debe a dos anomalías de software: una impide la verificación de glucosa en sangre con valores extremos del sensor, y otra causa el ""Error de Bomba 53"", deteniendo la administración de insulina."
https://app.invima.gov.co/alertas/ckfinder/userfiles/files/ALERTAS%20SANITARIAS/Dispositivos_Medicos/2026/Marzo/Alerta%20No_%20%2368-2026%20-%20LENTES%20DE%20CONTACTO%20BLANDOS%20-%20STENFILCON%20A%20.pdf,Alerta sanitaria sobre: LENTES DE CONTACTO BLANDOS - STENFILCON A,19-03-2026,Colombia,INVIMA,,,"Se emite una alerta sanitaria por el retiro voluntario de LENTES DE CONTACTO BLANDOS - STENFILCON A, referencia MyDay, lote 0295501245, debido al hallazgo de una partícula extraña dentro de un blíster."
https://app.invima.gov.co/alertas/ckfinder/userfiles/files/ALERTAS%20SANITARIAS/Dispositivos_Medicos/2026/Marzo/Alerta%20No_%20%2367-2026%20-%20EQUIPO%20DE%20RESONANCIA%20MAGN%C3%89TICA%20.pdf,Alerta sanitaria sobre: EQUIPO DE RESONANCIA MAGNÉTICA,19-03-2026,Colombia,INVIMA,,,"Alerta por el EQUIPO DE RESONANCIA MAGNÉTICA Vantage Galan 3T MRT-3020, debido a una fuga lenta de gas refrigerante que permite la entrada de aire y formación de hielo, pudiendo causar la ruptura del depósito de helio."
https://app.invima.gov.co/alertas/ckfinder/userfiles/files/ALERTAS%20SANITARIAS/Dispositivos_Medicos/2026/Marzo/Alerta%20No_%20%2366-2026%20-%20Cables%20DVI%20utilizados%20con%20el%20Qube%20Compact%20Monitor%20y%20el%20Xprezzon%20Bedside_(QUBE%20MINI%20MONITOR%20AND%20ASSOC_%20SUPPLIES%20%26amp%3B%20ACCESSORIES%20_%20MINI%20MONITOR%20QUBE%C2%AE)%20.pdf,Alerta sanitaria sobre: Cables DVI utilizados con el Qube Compact Monitor y el Xprezzon Bedside.(QUBE MINI MONITOR AND ASSOC. SUPPLIES & ACCESSORIES / MINI MONITOR QUBE®),19-03-2026,Colombia,INVIMA,,,"Alerta sanitaria por los cables DVI de los monitores Qube Compact y Xprezzon Bedside. El motivo es un blindaje electromagnético inadecuado, que puede causar interferencias y riesgos para la seguridad del paciente al afectar otros dispositivos médicos."
https://app.invima.gov.co/alertas/ckfinder/userfiles/files/ALERTAS%20SANITARIAS/Dispositivos_Medicos/2026/Marzo/Alerta%20No_%20%2370-2026%20-%20LEKSELL%20GAMMA%20KNIFE%20ICON%20-%20EQUIPO%20DE%20RADIOCIRUG%C3%8DA%20.pdf,Alerta sanitaria sobre: LEKSELL GAMMA KNIFE ICON - EQUIPO DE RADIOCIRUGÍA,19-03-2026,Colombia,INVIMA,,,"Alerta por el equipo de radiocirugía LEKSELL GAMMA KNIFE ICON, Perfexion y Elekta Esprit. El motivo principal es un riesgo de acoplamiento incorrecto entre el producto y sus adaptadores, que podría causar la administración de dosis de radiación en una zona no deseada del paciente."
https://app.invima.gov.co/alertas/ckfinder/userfiles/files/ALERTAS%20SANITARIAS/Dispositivos_Medicos/2026/Marzo/Alerta%20No_%20%2369-2026%20-%20UNIDAD%20DE%20CRIOCIRUG%C3%8DA%20_%20ERBECRYO%202%20.pdf,Alerta sanitaria sobre: UNIDAD DE CRIOCIRUGÍA / ERBECRYO 2,19-03-2026,Colombia,INVIMA,,,Alerta por la UNIDAD DE CRIOCIRUGÍA / ERBECRYO 2 debido a una aplicación insuficiente de adhesivo durante la producción. Esto puede causar presión excesiva y fractura o estallido de las criosondas durante su activación.
https://www.argentina.gob.ar/noticias/anmat-ordena-el-recupero-del-producto-danferane-iv-trimetoprima-80-mg-sulfametoxazol-400-mg,ANMAT ordena el recupero del producto DANFERANE I.V. / TRIMETOPRIMA 80 mg + SULFAMETOXAZOL 400 mg a RIVERO Y CIA. S.A.,20-03-2026 10:17,Argentina,ANMAT,,,ANMAT ordena el recupero de DANFERANE I.V. (Trimetoprima + Sulfametoxazol) de RIVERO Y CIA. S.A. La causa es la prohibición de todos sus lotes por falta de habilitación sanitaria y documentación respaldatoria del laboratorio inhibido.
https://www.argentina.gob.ar/noticias/anmat-prohibe-los-productos-medicos-vela-port-ostomy-made-usa-10-units-ref-1p-clip-w,ANMAT prohíbe los productos médicos “VELA PORT OSTOMY – Made IN USA – 10 UNITS – REF 1P-CLIP-W – DRAINABLE OSTOMY POUCH” y “INSURE ONE – One day fecal inmunochemical Test”,20-03-2026 09:43,Argentina,ANMAT,,,"ANMAT prohíbe los productos médicos ""VELA PORT OSTOMY"" e ""INSURE ONE"" debido a la falta de registro de inscripción correspondiente. La causa es que no cumplen con la autorización necesaria para su comercialización."
https://www.argentina.gob.ar/noticias/anmat-prohibe-el-producto-repelente-de-insectos-marca-con-inscripciones-en-idioma-chino,ANMAT prohíbe el producto “Repelente de insectos” marca OFF! con inscripciones en idioma chino,20-03-2026 09:36,Argentina,ANMAT,,,"ANMAT prohíbe el ""Repelente de insectos"" marca OFF! debido a que es un producto ilegítimo. El motivo principal es que presenta inscripciones íntegramente en idioma chino y carece de inscripción sanitaria."
https://www.argentina.gob.ar/noticias/anmat-prohibe-distintos-productos-cosmeticos-de-la-marca-anza,ANMAT prohíbe distintos productos cosméticos de la marca ANZA,20-03-2026 09:32,Argentina,ANMAT,,,"ANMAT prohíbe productos cosméticos ANZA porque se ofrecían sin inscripción sanitaria y la empresa comercializadora no estaba habilitada, constituyendo un riesgo para la salud pública."
https://www.digemid.minsa.gob.pe/webDigemid/alertas-modificaciones/2026/alerta-digemid-no-31-2026/,"ALERTA DIGEMID Nº 31-2026 - PRODUCTOS SANITARIOS (COSMÉTICOS) FALSIFICADOS INCAUTADOS EN ACCIONES DE CONTROL Y VIGILANCIA SANITARIA. Productos: CHANCE EAU TENDRE EAU DE TOILETTE,, DIOR HOMME SPORT, N° 5 CHANEL EAU DE PARFUM, COCO EAU DE PARFUM CHANEL, SAUVAGE EAU DE PARFUM, DIOR POISON EAU DE TOILETTE, CALVIN KLEIN CKIN2U HER EAU DE TOILETTE",20-03-2026 19:46:38,Perú,DIGEMID,,https://www.digemid.minsa.gob.pe/Archivos/Alertas/2026/ALERTA_31-26.pdf,"La DIGEMID alerta sobre la incautación de productos cosméticos falsificados, incluyendo fragancias de Chanel, Dior y Calvin Klein. El motivo principal es la falsificación de estos productos sanitarios, representando un riesgo para la salud pública."
https://www.digemid.minsa.gob.pe/webDigemid/alertas-modificaciones/2026/alerta-digemid-no-30-2026/,"ALERTA DIGEMID Nº 30-2026 - PRODUCTO FARMACÉUTICO FALSIFICADO INCAUTADO EN ACCIONES DE CONTROL Y VIGILANCIA SANITARIA. Productos: DIOXAFLEX (diclofenaco, mesilato de pridinol)",20-03-2026 19:35:48,Perú,DIGEMID,,https://www.digemid.minsa.gob.pe/Archivos/Alertas/2026/ALERTA_30-26.pdf,"La alerta DIGEMID Nº 030 - 2026 se emite por la incautación de DIOXAFLEX CB PLUS 50 mg + 4 mg, un producto farmacéutico falsificado. El motivo principal es la falsificación y la falta de registro sanitario vigente, representando un riesgo para la salud pública."
https://www.digemid.minsa.gob.pe/webDigemid/alertas-modificaciones/2026/alerta-digemid-no-29-2026/,ALERTA DIGEMID Nº 29-2026 - PRODUCTO FARMACÉUTICO FALSIFICADO INCAUTADO EN ACCIONES DE CONTROL Y VIGILANCIA SANITARIA. Productos: APRONAX – naproxeno sódico,20-03-2026 19:34:35,Perú,DIGEMID,,https://www.digemid.minsa.gob.pe/Archivos/Alertas/2026/ALERTA_29-26.pdf,"La alerta DIGEMID Nº 029 - 2026 se emite por la incautación de producto farmacéutico falsificado APRONAX 550 mg (naproxeno sódico) tabletas, lote 5225054*, que no fue fabricado ni comercializado por los titulares legítimos."
https://www.digemid.minsa.gob.pe/webDigemid/alertas-modificaciones/2026/alerta-digemid-no-28-2026/,ALERTA DIGEMID Nº 28-2026 - PRODUCTO FARMACÉUTICO FALSIFICADO INCAUTADO EN ACCIONES DE CONTROL Y VIGILANCIA SANITARIA. Productos: EPOTROPIN Epoetina Alfa,20-03-2026 19:32:45,Perú,DIGEMID,,https://www.digemid.minsa.gob.pe/Archivos/Alertas/2026/ALERTA_28-26.pdf,"La alerta DIGEMID Nº 028 - 2026 se emite por la incautación de un producto farmacéutico falsificado: EPOTROPIN-α (Epoetina Alfa 2000 UI/mL) solución inyectable, debido a que el lote y las fechas de vencimiento no corresponden al producto original."
http://antigo.anvisa.gov.br/informacoes-tecnicas13?p_p_id=101_INSTANCE_R6VaZWsQDDzS&p_p_col_id=column-1&p_p_col_count=1&_101_INSTANCE_R6VaZWsQDDzS_groupId=33868&_101_INSTANCE_R6VaZWsQDDzS_urlTitle=alerta-5180-tecnovigilancia-comunicado-da-empresa-pro-life-equipamentos-medicos-ltda-poligrafo-para-estudos-eletrofisiologicos-cardian-plus-&_101_INSTANCE_R6VaZWsQDDzS_struts_action=%2Fasset_publisher%2Fview_content&_101_INSTANCE_R6VaZWsQDDzS_assetEntryId=7231611&_101_INSTANCE_R6VaZWsQDDzS_type=content,Alerta 5180 (Tecnovigilância) - Comunicado da empresa Pró-Life Equipamentos Médicos Ltda - Polígrafo para Estudos Eletrofisiológicos Cardian Plus.,20-03-2026 17:42,Brasil,ANVISA,,,"El alerta 5180 de Tecnovigilancia se emite para el Polígrafo Cardian Plus de Pró-Life debido a una interferencia en su comunicación durante estudios electrofisiológicos, causada por la entrega de energía de sistemas de ablación, provocando inestabilidad momentánea e interrupción del uso."
http://antigo.anvisa.gov.br/informacoes-tecnicas13?p_p_id=101_INSTANCE_R6VaZWsQDDzS&p_p_col_id=column-1&p_p_col_count=1&_101_INSTANCE_R6VaZWsQDDzS_groupId=33868&_101_INSTANCE_R6VaZWsQDDzS_urlTitle=alerta-5181-tecnovigilancia-comunicado-da-empresa-medix-brasil-ltda-medix-brasil-equipo-de-infusao-gravitacional-&_101_INSTANCE_R6VaZWsQDDzS_struts_action=%2Fasset_publisher%2Fview_content&_101_INSTANCE_R6VaZWsQDDzS_assetEntryId=7233248&_101_INSTANCE_R6VaZWsQDDzS_type=content,Alerta 5181 (Tecnovigilância) - Comunicado da empresa Medix Brasil Ltda - Medix Brasil Equipo de Infusão Gravitacional.,23-03-2026 12:01,Brasil,ANVISA,,,"El Equipo de Infusión Gravitacional Medix Brasil (lote 250503) fue suspendido debido a un defecto de etiquetado. El rótulo no incluye la letra ""G"" que indica gravedad, incumpliendo la norma ABNT NBR ISO 8536-4:2014."
http://antigo.anvisa.gov.br/informacoes-tecnicas13?p_p_id=101_INSTANCE_R6VaZWsQDDzS&p_p_col_id=column-1&p_p_col_count=1&_101_INSTANCE_R6VaZWsQDDzS_groupId=33868&_101_INSTANCE_R6VaZWsQDDzS_urlTitle=alerta-5182-tecnovigilancia-comunicado-da-empresa-fleximed-comercio-e-servicos-de-produtos-medicos-hospitalares-ltda-ventilador-pulmonar-&_101_INSTANCE_R6VaZWsQDDzS_struts_action=%2Fasset_publisher%2Fview_content&_101_INSTANCE_R6VaZWsQDDzS_assetEntryId=7233770&_101_INSTANCE_R6VaZWsQDDzS_type=content,Alerta 5182 (Tecnovigilância) - Comunicado da empresa Fleximed Comércio e Serviços de Produtos Médicos Hospitalares Ltda - Ventilador Pulmonar.,24-03-2026 09:20,Brasil,ANVISA,,,"El Ventilador Pulmonar Hamilton-C2 (registro ANVISA 10338760034) presenta un defecto de software: tras 91 días de uso acumulado en pacientes neonatales sin reinicio, el dispositivo entra en ""Modo Ambient"" y detiene la ventilación, con riesgo de consecuencias graves o muerte."
http://antigo.anvisa.gov.br/informacoes-tecnicas13?p_p_id=101_INSTANCE_R6VaZWsQDDzS&p_p_col_id=column-1&p_p_col_count=1&_101_INSTANCE_R6VaZWsQDDzS_groupId=33868&_101_INSTANCE_R6VaZWsQDDzS_urlTitle=alerta-ggmon-11-2021-farmacovigilancia-notificacao-de-evento-adverso-grave-da-vacina-contra-covid-19-da-janssen&_101_INSTANCE_R6VaZWsQDDzS_struts_action=%2Fasset_publisher%2Fview_content&_101_INSTANCE_R6VaZWsQDDzS_assetEntryId=7233966&_101_INSTANCE_R6VaZWsQDDzS_type=content,Alerta GGMON 11/2021(Farmacovigilância): Notificação de evento adverso grave da Vacina contra Covid-19 da Janssen,24-03-2026 15:37,Brasil,ANVISA,,,La alerta se debe a un evento adverso grave notificado por Janssen en un voluntario brasileño del estudio clínico de fase 3 de su vacuna contra la Covid-19. La empresa evaluó el evento como no relacionado con la vacuna.
http://antigo.anvisa.gov.br/informacoes-tecnicas13?p_p_id=101_INSTANCE_R6VaZWsQDDzS&p_p_col_id=column-1&p_p_col_count=1&_101_INSTANCE_R6VaZWsQDDzS_groupId=33868&_101_INSTANCE_R6VaZWsQDDzS_urlTitle=alerta-ggmon-12-2023-farmacovigilancia-baixo-risco-de-ocorrencia-de-eventos-supostamente-atribuiveis-a-vacinacao-contra-a-covid-19-incluindo-miocardit&_101_INSTANCE_R6VaZWsQDDzS_struts_action=%2Fasset_publisher%2Fview_content&_101_INSTANCE_R6VaZWsQDDzS_assetEntryId=7234063&_101_INSTANCE_R6VaZWsQDDzS_type=content,"Alerta GGMON 12/2023 (Farmacovigilância):Baixo risco de ocorrência de eventos supostamente atribuíveis à vacinação contra a Covid-19, incluindo miocardite e pericardite.",24-03-2026 16:56,Brasil,ANVISA,,,"El Ministerio de Salud de Brasil emite un alerta para aclarar que la vacuna bivalente contra la Covid-19 es segura y efectiva. El motivo principal es desmentir preocupaciones sobre posibles efectos secundarios, como miocarditis/pericarditis, cuyo riesgo es extremadamente bajo comparado con la infección."
http://antigo.anvisa.gov.br/informacoes-tecnicas13?p_p_id=101_INSTANCE_R6VaZWsQDDzS&p_p_col_id=column-1&p_p_col_count=1&_101_INSTANCE_R6VaZWsQDDzS_groupId=33868&_101_INSTANCE_R6VaZWsQDDzS_urlTitle=alerta-ggmon-11-2023-farmacovigilancia-alteracao-de-formulacao-no-medicamento-mercaptopurina-purinethol-50-mg-comprimido-registrado-pela-aspen&_101_INSTANCE_R6VaZWsQDDzS_struts_action=%2Fasset_publisher%2Fview_content&_101_INSTANCE_R6VaZWsQDDzS_assetEntryId=7234047&_101_INSTANCE_R6VaZWsQDDzS_type=content,"Alerta GGMON 11/2023 (Farmacovigilância): Alteração de formulação no medicamento mercaptopurina (Purinethol®) 50 mg comprimido, registrado pela Aspen",24-03-2026 16:51,Brasil,ANVISA,,,"Se alerta sobre una **alteración de formulación** en el medicamento **Purinethol® (mercaptopurina 50 mg comprimido)**, registrado por Aspen."
http://antigo.anvisa.gov.br/informacoes-tecnicas13?p_p_id=101_INSTANCE_R6VaZWsQDDzS&p_p_col_id=column-1&p_p_col_count=1&_101_INSTANCE_R6VaZWsQDDzS_groupId=33868&_101_INSTANCE_R6VaZWsQDDzS_urlTitle=alerta-ggmon-10-2023-farmacovigilancia-orientacoes-aos-pacientes-que-fazem-uso-do-medicamento-sabril-vigabatrina-&_101_INSTANCE_R6VaZWsQDDzS_struts_action=%2Fasset_publisher%2Fview_content&_101_INSTANCE_R6VaZWsQDDzS_assetEntryId=7234031&_101_INSTANCE_R6VaZWsQDDzS_type=content,Alerta GGMON 10/2023 (Farmacovigilância): Orientações aos pacientes que fazem uso do medicamento Sabril (vigabatrina),24-03-2026 16:44,Brasil,ANVISA,,,"La alerta se debe al retiro voluntario de cuatro lotes del medicamento Sabril 500 mg (vigabatrina) por parte del laboratorio Sanofi Medley, debido a la identificación de un posible contaminante."
http://antigo.anvisa.gov.br/informacoes-tecnicas13?p_p_id=101_INSTANCE_R6VaZWsQDDzS&p_p_col_id=column-1&p_p_col_count=1&_101_INSTANCE_R6VaZWsQDDzS_groupId=33868&_101_INSTANCE_R6VaZWsQDDzS_urlTitle=alerta-ggmon-09-2023-farmacovigilancia-anvisa-esclarece-sobre-risco-de-miocardite-e-pericardite-pos-vacinacao-contra-covid-19-feita-com-imunizantes-de&_101_INSTANCE_R6VaZWsQDDzS_struts_action=%2Fasset_publisher%2Fview_content&_101_INSTANCE_R6VaZWsQDDzS_assetEntryId=7234013&_101_INSTANCE_R6VaZWsQDDzS_type=content,Alerta GGMON 09/2023 (Farmacovigilância): Anvisa esclarece sobre risco de miocardite e pericardite pós-vacinação contra Covid-19 feita com imunizantes de plataforma de RNA mensageiro (RNAm),24-03-2026 16:36,Brasil,ANVISA,,,"La Anvisa actualiza sobre el riesgo de miocarditis y pericarditis asociado a las vacunas contra Covid-19 de plataforma de RNA mensajero. El motivo es la ocurrencia de casos de estas inflamaciones cardíacas, aunque el riesgo se mantiene bajo y los beneficios superan los riesgos."
http://antigo.anvisa.gov.br/informacoes-tecnicas13?p_p_id=101_INSTANCE_R6VaZWsQDDzS&p_p_col_id=column-1&p_p_col_count=1&_101_INSTANCE_R6VaZWsQDDzS_groupId=33868&_101_INSTANCE_R6VaZWsQDDzS_urlTitle=alerta-ggmon-08-2023-farmacovigilancia-atualizacoes-das-informacoes-de-seguranca-de-dolutegravir-a-partir-dos-dados-do-estudo-tsepamo-realizado-em-bot&_101_INSTANCE_R6VaZWsQDDzS_struts_action=%2Fasset_publisher%2Fview_content&_101_INSTANCE_R6VaZWsQDDzS_assetEntryId=7234003&_101_INSTANCE_R6VaZWsQDDzS_type=content,"Alerta GGMON 08/2023 (Farmacovigilância): Atualizações das informações de segurança de Dolutegravir a partir dos dados do estudo Tsepamo, realizado em Botswana",24-03-2026 16:28,Brasil,ANVISA,,,"Alerta de farmacovigilancia sobre Dolutegravir debido a datos del estudio Tsepamo en Botsuana, que indican un riesgo potencial de defectos del tubo neural en bebés expuestos al medicamento durante el embarazo."
http://antigo.anvisa.gov.br/informacoes-tecnicas13?p_p_id=101_INSTANCE_R6VaZWsQDDzS&p_p_col_id=column-1&p_p_col_count=1&_101_INSTANCE_R6VaZWsQDDzS_groupId=33868&_101_INSTANCE_R6VaZWsQDDzS_urlTitle=alerta-ggmon-6-2023-farmacovigilancia-fake-news-sobre-a-vacina-bivalente-contra-covid-19-comirnaty-pfizer-&_101_INSTANCE_R6VaZWsQDDzS_struts_action=%2Fasset_publisher%2Fview_content&_101_INSTANCE_R6VaZWsQDDzS_assetEntryId=7233991&_101_INSTANCE_R6VaZWsQDDzS_type=content,Alerta GGMON 6/2023 (Farmacovigilância): Fake news sobre a vacina bivalente contra Covid-19 Comirnaty (Pfizer),24-03-2026 16:22,Brasil,ANVISA,,,"La alerta sobre la vacuna bivalente Comirnaty (Pfizer) surge debido a la difusión de ""fake news"" y desinformación. La Anvisa aclara que su seguridad y eficacia han sido comprobadas por datos técnicos y científicos."
http://antigo.anvisa.gov.br/informacoes-tecnicas13?p_p_id=101_INSTANCE_R6VaZWsQDDzS&p_p_col_id=column-1&p_p_col_count=1&_101_INSTANCE_R6VaZWsQDDzS_groupId=33868&_101_INSTANCE_R6VaZWsQDDzS_urlTitle=alerta-ggmon-12-2021-farmacovigilancia-monitoramento-de-vacinas-nao-houve-alteracao-na-relacao-de-risco-e-beneficio-das-vacinas-contra-covid-19-em-uso&_101_INSTANCE_R6VaZWsQDDzS_struts_action=%2Fasset_publisher%2Fview_content&_101_INSTANCE_R6VaZWsQDDzS_assetEntryId=7233978&_101_INSTANCE_R6VaZWsQDDzS_type=content,Alerta GGMON 12/2021 (Farmacovigilância): Monitoramento de vacinas - não houve alteração na relação de risco e benefício das vacinas contra Covid-19 em uso no Brasil,24-03-2026 16:07,Brasil,ANVISA,,,"Este texto **no describe una alerta o modificación de medicamento**. Por el contrario, informa que el monitoreo de las vacunas contra Covid-19 en Brasil **no ha revelado ninguna alteración en su relación riesgo-beneficio**, ni relación con eventos adversos graves u óbitos."
https://www.ispch.gob.cl/wp-content/uploads/2026/03/Alerta-N°162-26-Nota-informativa.pdf,Jeringa hipodérmica desechable con aguja Luer Slip 27 G – ½ mL de tuberculina marca “Vira”,24-03-2026 13:08:20,Chile,ISPCH,,,"Alerta por jeringas hipodérmicas con aguja marca ""Vira"" sin registro sanitario ni verificación de conformidad, incumpliendo requisitos regulatorios mínimos de calidad, seguridad y desempeño."
http://antigo.anvisa.gov.br/informacoes-tecnicas13?p_p_id=101_INSTANCE_R6VaZWsQDDzS&p_p_col_id=column-1&p_p_col_count=1&_101_INSTANCE_R6VaZWsQDDzS_groupId=33868&_101_INSTANCE_R6VaZWsQDDzS_urlTitle=alerta-5183-tecnovigilancia-comunicado-da-empresa-philips-medical-systems-ltda-ventilador-pulmonar-trilogy-evo-&_101_INSTANCE_R6VaZWsQDDzS_struts_action=%2Fasset_publisher%2Fview_content&_101_INSTANCE_R6VaZWsQDDzS_assetEntryId=7234520&_101_INSTANCE_R6VaZWsQDDzS_type=content,Alerta 5183 (Tecnovigilância) - Comunicado da empresa Philips Medical Systems Ltda - Ventilador Pulmonar Trilogy Evo.,25-03-2026 10:39,Brasil,ANVISA,,,"Philips Medical Systems emite alerta sobre los ventiladores pulmonares Trilogy Evo. El motivo es un defecto de diseño: el uso de nebulizadores no neumáticos con estos ventiladores puede causar una discrepancia entre el volumen corriente configurado y el recibido por el paciente, llevando a hipoventilación."
http://antigo.anvisa.gov.br/informacoes-tecnicas13?p_p_id=101_INSTANCE_R6VaZWsQDDzS&p_p_col_id=column-1&p_p_col_count=1&_101_INSTANCE_R6VaZWsQDDzS_groupId=33868&_101_INSTANCE_R6VaZWsQDDzS_urlTitle=alerta-ggmon-6-2024-farmacovigilancia-a-fosfoetanolamina-nao-esta-autorizada-para-tratamento-do-cancer&_101_INSTANCE_R6VaZWsQDDzS_struts_action=%2Fasset_publisher%2Fview_content&_101_INSTANCE_R6VaZWsQDDzS_assetEntryId=7234778&_101_INSTANCE_R6VaZWsQDDzS_type=content,Alerta GGMON 6/2024 (Farmacovigilância): A fosfoetanolamina não está autorizada para tratamento do câncer,25-03-2026 15:57,Brasil,ANVISA,,,"La Anvisa alerta que la fosfoetanolamina no está autorizada ni registrada como medicamento o suplemento alimenticio para el tratamiento del cáncer en Brasil, debido a la falta de pruebas de calidad, seguridad y eficacia."
http://antigo.anvisa.gov.br/informacoes-tecnicas13?p_p_id=101_INSTANCE_R6VaZWsQDDzS&p_p_col_id=column-1&p_p_col_count=1&_101_INSTANCE_R6VaZWsQDDzS_groupId=33868&_101_INSTANCE_R6VaZWsQDDzS_urlTitle=alerta-ggmon-5-2024-farmacovigilancia-orientacoes-para-a-deteccao-notificacao-investigacao-avaliacao-de-causalidade-e-encerramento-de-eventos-supostam&_101_INSTANCE_R6VaZWsQDDzS_struts_action=%2Fasset_publisher%2Fview_content&_101_INSTANCE_R6VaZWsQDDzS_assetEntryId=7234766&_101_INSTANCE_R6VaZWsQDDzS_type=content,"Alerta GGMON 5/2024 (Farmacovigilância): Orientações para a detecção, notificação, investigação, avaliação de causalidade e encerramento de eventos supostamente atribuíveis à vacinação ou imunização (ESAVI) suspeitos de dengue grave associada à vacina dengue tetravalente (atenuada).",25-03-2026 15:50,Brasil,ANVISA,,,"El Ministerio de Salud de Brasil emite una nota técnica sobre la vacuna tetravalente atenuada contra el dengue, debido a la sospecha de eventos supuestamente atribuibles a la vacunación (ESAVI) de dengue grave asociados a ella."
http://antigo.anvisa.gov.br/informacoes-tecnicas13?p_p_id=101_INSTANCE_R6VaZWsQDDzS&p_p_col_id=column-1&p_p_col_count=1&_101_INSTANCE_R6VaZWsQDDzS_groupId=33868&_101_INSTANCE_R6VaZWsQDDzS_urlTitle=comunicado-ggmon-02-2020-farmacovigilancia-vacina-entenda-o-programa-de-gerenciamento-de-risco-e-tecnologia-farmaceutica&_101_INSTANCE_R6VaZWsQDDzS_struts_action=%2Fasset_publisher%2Fview_content&_101_INSTANCE_R6VaZWsQDDzS_assetEntryId=7234826&_101_INSTANCE_R6VaZWsQDDzS_type=content,Comunicado GGMON 02/2020 (Farmacovigilância): Vacina: entenda o Programa de Gerenciamento de Risco e Tecnologia Farmacêutica,25-03-2026 16:20,Brasil,ANVISA,,,"Este texto no describe una alerta o modificación de un medicamento debido a un defecto, riesgo o retiro. En cambio, explica el Programa de Gerenciamento de Risco y Farmacovigilancia de la Anvisa para el monitoreo continuo de posibles eventos adversos de las vacunas, especialmente las de COVID-19, tras su autorización y uso masivo."
http://antigo.anvisa.gov.br/informacoes-tecnicas13?p_p_id=101_INSTANCE_R6VaZWsQDDzS&p_p_col_id=column-1&p_p_col_count=1&_101_INSTANCE_R6VaZWsQDDzS_groupId=33868&_101_INSTANCE_R6VaZWsQDDzS_urlTitle=alerta-ggmon-08-2024-farmacovigilancia-entenda-o-efeito-colateral-raro-da-vacina-da-astrazeneca-contra-covid-19&_101_INSTANCE_R6VaZWsQDDzS_struts_action=%2Fasset_publisher%2Fview_content&_101_INSTANCE_R6VaZWsQDDzS_assetEntryId=7234808&_101_INSTANCE_R6VaZWsQDDzS_type=content,Alerta GGMON 08/2024 (Farmacovigilância): Entenda o efeito colateral raro da vacina da AstraZeneca contra Covid-19,25-03-2026 16:12,Brasil,ANVISA,,,"La alerta se refiere a la vacuna AstraZeneca contra Covid-19, debido a que la farmacêutica admitió en documentos judiciales que puede causar, como efecto colateral muy raro, la síndrome de trombose com trombocitopenia (STT)."
http://antigo.anvisa.gov.br/informacoes-tecnicas13?p_p_id=101_INSTANCE_R6VaZWsQDDzS&p_p_col_id=column-1&p_p_col_count=1&_101_INSTANCE_R6VaZWsQDDzS_groupId=33868&_101_INSTANCE_R6VaZWsQDDzS_urlTitle=alerta-ggmon-07-2024-farmacovigilancia-seguranca-da-vacina-qdenga&_101_INSTANCE_R6VaZWsQDDzS_struts_action=%2Fasset_publisher%2Fview_content&_101_INSTANCE_R6VaZWsQDDzS_assetEntryId=7234792&_101_INSTANCE_R6VaZWsQDDzS_type=content,Alerta GGMON 07/2024 (Farmacovigilância): Segurança da vacina Qdenga,25-03-2026 16:03,Brasil,ANVISA,,,"La alerta sobre la vacuna Qdenga se debe a un aumento en la frecuencia de casos de reacciones de hipersensibilidad, aunque siguen siendo raras. Esto llevó a la solicitud de incluir este evento en la bula del producto."
https://www.argentina.gob.ar/noticias/retiro-del-mercado-de-dos-lotes-de-lidocaina-celtyc-2-con-epinefrina-0,Retiro del mercado de dos lotes de LIDOCAÍNA CELTYC 2% con Epinefrina,25-03-2026 16:03,Argentina,ANMAT,,,Se retiraron dos lotes de LIDOCAÍNA CELTYC 2% con Epinefrina del mercado debido a la detección de cambios de aspecto en el producto.
http://antigo.anvisa.gov.br/informacoes-tecnicas13?p_p_id=101_INSTANCE_R6VaZWsQDDzS&p_p_col_id=column-1&p_p_col_count=1&_101_INSTANCE_R6VaZWsQDDzS_groupId=33868&_101_INSTANCE_R6VaZWsQDDzS_urlTitle=alerta-5184-tecnovigilancia-comunicado-da-empresa-olympus-optical-do-brasil-ltda-gerador-eletrocirurgico-esg-400-&_101_INSTANCE_R6VaZWsQDDzS_struts_action=%2Fasset_publisher%2Fview_content&_101_INSTANCE_R6VaZWsQDDzS_assetEntryId=7235333&_101_INSTANCE_R6VaZWsQDDzS_type=content,Alerta 5184 (Tecnovigilância) - Comunicado da empresa Olympus Optical do Brasil Ltda - Gerador Eletrocirúrgico ESG-400.,26-03-2026 12:44,Brasil,ANVISA,,,"La alerta sobre el Gerador Eletrocirúrgico ESG-400 de Olympus se debe a un evento térmico que causó una quemadura leve. La investigación reveló que el equipo fue utilizado más allá de su vida útil, provocando desgaste del aislamiento, corrosión y falla."
http://antigo.anvisa.gov.br/informacoes-tecnicas13?p_p_id=101_INSTANCE_R6VaZWsQDDzS&p_p_col_id=column-1&p_p_col_count=1&_101_INSTANCE_R6VaZWsQDDzS_groupId=33868&_101_INSTANCE_R6VaZWsQDDzS_urlTitle=informe-de-seguranca-01-2022-farmacovigilancia-alerta-sobre-imunoglobulina-falsificada&_101_INSTANCE_R6VaZWsQDDzS_struts_action=%2Fasset_publisher%2Fview_content&_101_INSTANCE_R6VaZWsQDDzS_assetEntryId=7235300&_101_INSTANCE_R6VaZWsQDDzS_type=content,Informe de segurança 01/2022 (Farmacovigilância): Alerta sobre imunoglobulina falsificada,26-03-2026 12:27,Brasil,ANVISA,,,"La Anvisa alerta sobre la falsificación de la Inmunoglobulina G Endovenosa Biotest Pasteurizada 5 g/100 ml. La fabricante original no reconoce ningún lote importado por Global Med Pharma, indicando que el producto es ilegítimo."
https://app.invima.gov.co/alertas/ckfinder/userfiles/files/ALERTAS%20SANITARIAS/medicamentos_pbiologicos/2026/MARZO/Alerta%20No_%2059-2026%20-%20JARABE%20FRAUDULENTO%20HEDERA%20HELIX%20%2B%20PROP%C3%93LEO%20ZANECOL.pdf,Alerta Sanitaria sobre: JARABE FRAUDULENTO HEDERA HELIX + PROPÓLEO ZANECOL,26-03-2026,Colombia,INVIMA,,,"El Invima alerta sobre el jarabe fraudulento HEDERA HELIX + PROPÓLEO ZANECOL. El motivo principal es que el producto es ilegal y fraudulento, utilizando un registro sanitario indebido y careciendo de evaluación de calidad, seguridad o eficacia, lo que representa un riesgo para el consumidor."
https://app.invima.gov.co/alertas/ckfinder/userfiles/files/ALERTAS%20SANITARIAS/medicamentos_pbiologicos/2026/MARZO/Alerta%20No%2360-2026%20-%20MAXIMUN%20L-ARGININE%201000%20mg%20TABLETAS%20.pdf,Alerta Sanitaria sobre: MAXIMUN L-ARGININE 1000 mg TABLETAS,26-03-2026,Colombia,INVIMA,,,"El Invima alerta sobre la comercialización ilegal de MAXIMUN L-ARGININE 1000 mg TABLETAS. El producto no cuenta con registro sanitario vigente, lo que representa un riesgo para la salud por su calidad, seguridad y eficacia desconocidas."
http://antigo.anvisa.gov.br/informacoes-tecnicas13?p_p_id=101_INSTANCE_R6VaZWsQDDzS&p_p_col_id=column-1&p_p_col_count=1&_101_INSTANCE_R6VaZWsQDDzS_groupId=33868&_101_INSTANCE_R6VaZWsQDDzS_urlTitle=alerta-ggmon-13-2023-farmacovigilancia-viminol-passa-a-ser-substancia-controlada-veja-o-que-muda-a-partir-de-1-de-janeiro-de-2024-&_101_INSTANCE_R6VaZWsQDDzS_struts_action=%2Fasset_publisher%2Fview_content&_101_INSTANCE_R6VaZWsQDDzS_assetEntryId=7235375&_101_INSTANCE_R6VaZWsQDDzS_type=content,Alerta GGMON 13/2023 (Farmacovigilância): Viminol passa a ser substância controlada: veja o que muda a partir de 1º de janeiro de 2024.,26-03-2026 14:43,Brasil,ANVISA,,,"El medicamento Dividol (hidroxibenzoato de viminol) modifica sus reglas de prescripción y dispensación. La causa es la inclusión del viminol, un analgésico opioide, en la lista de sustancias entorpecentes debido a su potencial de abuso y dependencia."
https://www.ispch.gob.cl/wp-content/uploads/2026/03/1.-Alerta-N°163-26-Nota-informativa.pdf,"Desfibrilador Externo Automático marca “DetectoresySensores.cl”, Modelo Defi6",26-03-2026 20:00:25,Chile,ISPCH,,,"Alerta por Desfibriladores Externos Automáticos marca ""DetectoresySensores.cl"" (Modelo Defi6 fabricado por Meditech) debido a la ausencia de verificación de conformidad y registro sanitario vigente, incumpliendo la normativa regulatoria que avala su calidad, seguridad y desempeño."
https://www.agemed.gob.bo/archivo_uso_racional/notas_seguridad/2026/004_2026.pdf,"N° 004/2026 - NOTA DE SEGURIDAD ""MEDIDAS PARA MINIMIZAR LOS RESULTADOS GRAVES DE LA AGRANULOCITOSIS CAUSADO 
                            POR EL METAMIZOL""",24-03-2026,Bolivia,AGEMED,,,"La AGEMED emite una alerta sobre medicamentos con metamizol debido al riesgo conocido de agranulocitosis, un efecto secundario grave que disminuye los glóbulos blancos, pudiendo causar infecciones mortales. Se actualiza la información del producto para minimizar este riesgo."
https://www.agemed.gob.bo/archivo_uso_racional/notas_seguridad/2026/003_2026.pdf,"N° 003/2026 - NOTA DE SEGURIDAD ""RIESGO DE ANGIOEDEMA INTESTINAL ASOCIADO AL USO DE ANTAGONISTAS DE LOS RECEPTORES 
                            DE ANGIOTENSINA II (ARAII)",24-03-2026,Bolivia,AGEMED,,,"AGEMED emite una nota de seguridad sobre el riesgo de angioedema intestinal asociado al uso de antagonistas de los receptores de angiotensina II (ARA II), como Losartán y Valsartán, debido a la actualización de información de seguridad."
https://www.agemed.gob.bo/archivo_farmacovigi/alertas/2026/ALERTA_088_2026.pdf,"Alerta N° 088/2026 - PRODUCTO ILÍCITO ""VICTORIA'S SECRET BOMBSHELL SEDUCTION"" - SIN NOTIFICACIÓN SANITARIA OBLIGATORIA (NSO)",19-03-2026,Bolivia,AGEMED,,,"Alerta N° 088/2026 - PRODUCTO ILÍCITO ""VICTORIA'S SECRET BOMBSHELL SEDUCTION"" - SIN NOTIFICACIÓN SANITARIA OBLIGATORIA (NSO)"
https://www.agemed.gob.bo/archivo_farmacovigi/alertas/2026/ALERTA_087_2026.pdf,"Alerta N° 087/2026 - PRODUCTO ILÍCITO ""FRAGANCE"" - SIN NOTIFICACIÓN SANITARIA OBLIGATORIA (NSO)",19-03-2026,Bolivia,AGEMED,,,"Alerta N° 087/2026 - PRODUCTO ILÍCITO ""FRAGANCE"" - SIN NOTIFICACIÓN SANITARIA OBLIGATORIA (NSO)"
https://www.agemed.gob.bo/archivo_farmacovigi/alertas/2026/ALERTA_086_2026.pdf,"Alerta N° 086/2026 - PRODUCTO ILÍCITO ""MYSTICAL TONNY BOY"" - SIN NOTIFICACIÓN SANITARIA OBLIGATORIA (NSO)",19-03-2026,Bolivia,AGEMED,,,"Alerta N° 086/2026 - PRODUCTO ILÍCITO ""MYSTICAL TONNY BOY"" - SIN NOTIFICACIÓN SANITARIA OBLIGATORIA (NSO)"
https://www.agemed.gob.bo/archivo_farmacovigi/alertas/2026/ALERTA_085_2026.pdf,"Alerta N° 085/2026 - PRODUCTO ILÍCITO ""LOCASTE"" - SIN NOTIFICACIÓN SANITARIA OBLIGATORIA (NSO)",19-03-2026,Bolivia,AGEMED,,,"Alerta N° 085/2026 - PRODUCTO ILÍCITO ""LOCASTE"" - SIN NOTIFICACIÓN SANITARIA OBLIGATORIA (NSO)"
https://www.agemed.gob.bo/archivo_farmacovigi/alertas/2026/ALERTA_084_2026.pdf,"Alerta N° 084/2026 - PRODUCTO ILÍCITO ""J'adore Dior"" - SIN NOTIFICACIÓN SANITARIA OBLIGATORIA (NSO)",19-03-2026,Bolivia,AGEMED,,,"Alerta N° 084/2026 - PRODUCTO ILÍCITO ""J'adore Dior"" - SIN NOTIFICACIÓN SANITARIA OBLIGATORIA (NSO)"
https://www.agemed.gob.bo/archivo_farmacovigi/alertas/2026/ALERTA_083_2026.pdf,"Alerta N° 083/2026 - PRODUCTO ILÍCITO ""CHALLENGE FEMME"" - SIN NOTIFICACIÓN SANITARIA OBLIGATORIA (NSO)",19-03-2026,Bolivia,AGEMED,,,"Alerta N° 083/2026 - PRODUCTO ILÍCITO ""CHALLENGE FEMME"" - SIN NOTIFICACIÓN SANITARIA OBLIGATORIA (NSO)"
https://www.agemed.gob.bo/archivo_farmacovigi/alertas/2026/ALERTA_082_2026.pdf,"Alerta N° 082/2026 - PRODUCTO ILÍCITO ""TG (TIRZEPATIDA SOLUCIÓN INYECTABLE DE 2.5MG, 7.5MG, 10MG, 12MG, 5MG Y 15MG)"" - DE CONTRABANDO",19-03-2026,Bolivia,AGEMED,,,"Alerta N° 082/2026 - PRODUCTO ILÍCITO ""TG (TIRZEPATIDA SOLUCIÓN INYECTABLE DE 2.5MG, 7.5MG, 10MG, 12MG, 5MG Y 15MG)"" - DE CONTRABANDO"
https://www.agemed.gob.bo/archivo_farmacovigi/alertas/2026/ALERTA_081_2026.pdf,"Alerta N° 081/2026 - PRODUCTO ILÍCITO ""MOME BLANG LEGEND"" - SIN NOTIFICACIÓN SANITARIA OBLIGATORIA (NSO)",19-03-2026,Bolivia,AGEMED,,,"Alerta N° 081/2026 - PRODUCTO ILÍCITO ""MOME BLANG LEGEND"" - SIN NOTIFICACIÓN SANITARIA OBLIGATORIA (NSO)"
https://www.agemed.gob.bo/archivo_farmacovigi/alertas/2026/ALERTA_080_2026.pdf,"Alerta N° 080/2026 - PRODUCTO ILÍCITO ""BLUE PARTYCLUB"" - SIN NOTIFICACIÓN SANITARIA OBLIGATORIA (NSO)",19-03-2026,Bolivia,AGEMED,,,"Alerta N° 080/2026 - PRODUCTO ILÍCITO ""BLUE PARTYCLUB"" - SIN NOTIFICACIÓN SANITARIA OBLIGATORIA (NSO)"
https://www.agemed.gob.bo/archivo_farmacovigi/alertas/2026/ALERTA_079_2026.pdf,"Alerta N° 079/2026 - PRODUCTO ILÍCITO ""BAYBERRY HER ELIXIR DE PARFUM"" - SIN NOTIFICACIÓN SANITARIA OBLIGATORIA (NSO)",19-03-2026,Bolivia,AGEMED,,,"Alerta N° 079/2026 - PRODUCTO ILÍCITO ""BAYBERRY HER ELIXIR DE PARFUM"" - SIN NOTIFICACIÓN SANITARIA OBLIGATORIA (NSO)"
https://www.argentina.gob.ar/noticias/retiro-del-mercado-de-un-lote-de-curosurf-120,Retiro del mercado de un lote de Curosurf 120,27-03-2026 17:46,Argentina,ANMAT,,,Se retiró del mercado un lote de CUROSURF 120 debido a un riesgo de contaminación microbiológica. Se solicita no utilizar las unidades afectadas.
https://www.digemid.minsa.gob.pe/webDigemid/alertas-modificaciones/2026/alerta-internacional-enero-a-marzo-2026/,ALERTA INTERNACIONAL ENERO A MARZO – 2026 - Sin detalle en H3,27-03-2026 21:35:14,Perú,DIGEMID,,https://www.digemid.minsa.gob.pe/Archivos/AlertasInternacionales/2026/ALERTAS INTERNACIONALES ENERO-MARZO 2026.pdf,"La Digemid alerta sobre varios medicamentos: TIRZEPATRIDE y productos CBD (PURE ORIGINS) por comercialización ilegal; PERJETA por falsificación; TRIKAFTA por comercialización ilegal; y BOOSTRIX, RELVARE y LANTUS por robo."
https://www.digemid.minsa.gob.pe/webDigemid/alertas-modificaciones/2026/alerta-digemid-no-36-2026/,ALERTA DIGEMID Nº 36-2026 - RETIRO DEL MERCADO DE UN LOTE DE DISPOSITIVO MÉDICO OBSERVADO POR RESULTADO CRÍTICO DE CONTROL DE CALIDAD. Productos: GASA ESTÉRIL FRACCIONADA – FAVETEX,27-03-2026 21:30:39,Perú,DIGEMID,,https://www.digemid.minsa.gob.pe/Archivos/Alertas/2026/ALERTA_36-26.pdf,"Digemid alerta el retiro del mercado del lote 2090173 de ""GASA ESTÉRIL FRACCIONADA, Marca FAVETEX"" debido a un resultado crítico de control de calidad. Se detectaron pelusas e hilachas, considerándose no conforme para uso."
https://www.digemid.minsa.gob.pe/webDigemid/alertas-modificaciones/2026/alerta-digemid-no-35-2026/,ALERTA DIGEMID Nº 35-2026 - PRODUCTO SANITARIO FALSIFICADO (COSMÉTICO) INCAUTADO EN ACCIONES DE CONTROL Y VIGILANCIA SANITARIA. Productos: SUSTAROX – Lineus,27-03-2026 21:27:05,Perú,DIGEMID,,https://www.digemid.minsa.gob.pe/Archivos/Alertas/2026/ALERTA_35-26.pdf,"La alerta DIGEMID Nº 035-2026 se emite debido a la incautación de un producto cosmético falsificado: ""SUSTAROX - Lineus Crema para masajes Thermal"". El motivo principal es la falsificación, evidenciada por datos de lote y fecha de vencimiento incorrectos, y una presentación similar a una original fuera de circulación."
https://www.digemid.minsa.gob.pe/webDigemid/alertas-modificaciones/2026/alerta-digemid-no-34-2026/,ALERTA DIGEMID Nº 34-2026 - RETIRO DEL MERCADO DE UN LOTE DE DISPOSITIVO MEDICO OBSERVADO POR RESULTADO CRÍTICO DE CONTROL DE CALIDAD. Productos: SET DE INFUSION – EQUIPO DE VENOCLISIS,27-03-2026 21:23:25,Perú,DIGEMID,,https://www.digemid.minsa.gob.pe/Archivos/Alertas/2026/ALERTA_34-26.pdf,"Digemid alerta el retiro del mercado del dispositivo médico ""Set de Infusión - Equipo de Venoclisis"" (Marca: ARELMED, Lote: 20250831) debido a un resultado crítico en el control de calidad, que reveló rebabas, puntos oscuros y materia extraña."
https://www.digemid.minsa.gob.pe/webDigemid/alertas-modificaciones/2026/alerta-digemid-no-33-2026/,ALERTA DIGEMID Nº 33-2026 - RIESGO DE FALLO TERAPÉUTICO CON EL USO DE MEMBRANAS DE POLIACRILONITRILO EN PACIENTES TRATADOS CON CASPOFUNGINA. Productos: MEMBRANAS DE POLIACRILONITRILO,27-03-2026 21:21:28,Perú,DIGEMID,,https://www.digemid.minsa.gob.pe/Archivos/Alertas/2026/ALERTA_33-26.pdf,"Digemid alerta sobre el riesgo de fallo terapéutico con caspofungina. El motivo es que el medicamento se adhiere a las membranas de poliacrilonitrilo (PAN) durante el tratamiento sustitutivo renal continuo, reduciendo sus niveles en sangre y disminuyendo su eficacia."
https://www.digemid.minsa.gob.pe/webDigemid/alertas-modificaciones/2026/alerta-digemid-no-32-2026/,ALERTA DIGEMID Nº 32-2026 - PRODUCTO FARMACÉUTICO FALSIFICADO INCAUTADO EN ACCIONES DE CONTROL Y VIGILANCIA SANITARIA. Productos: EPOTROPIN-a (Epoetina Alfa),27-03-2026 21:19:40,Perú,DIGEMID,,https://www.digemid.minsa.gob.pe/Archivos/Alertas/2026/ALERTA_32-26.pdf,"La alerta DIGEMID Nº 032 - 2026 se emite debido a la incautación de un producto farmacéutico falsificado: EPOTROPIN-a (Epoetina Alfa 2000 UI / mL) solución inyectable. El motivo principal es la falsificación, evidenciada por un lote y fecha de vencimiento no conformes, y diferencias en el nombre y rango de temperatura respecto al original."
http://antigo.anvisa.gov.br/informacoes-tecnicas13?p_p_id=101_INSTANCE_R6VaZWsQDDzS&p_p_col_id=column-1&p_p_col_count=1&_101_INSTANCE_R6VaZWsQDDzS_groupId=33868&_101_INSTANCE_R6VaZWsQDDzS_urlTitle=alerta-5185-tecnovigilancia-comunicado-da-empresa-e-tamussino-cia-ltda-canula-clipadora-endoscopica-instinct-plus-&_101_INSTANCE_R6VaZWsQDDzS_struts_action=%2Fasset_publisher%2Fview_content&_101_INSTANCE_R6VaZWsQDDzS_assetEntryId=7237737&_101_INSTANCE_R6VaZWsQDDzS_type=content,Alerta 5185 (Tecnovigilância) - Comunicado da empresa E. Tamussino & Cia Ltda - Cânula Clipadora Endoscópica Instinct Plus.,30-03-2026 10:50,Brasil,ANVISA,,,"Se emite un retiro voluntario de la Cánula Clipadora Endoscópica Instinct Plus (modelo INSC-P-7-230-S) debido a un defecto de fabricación. El clip puede soltarse del catéter o no abrirse correctamente, causando posibles retrasos en procedimientos, sangrado o perforación en pacientes."
https://app.invima.gov.co/alertas/ckfinder/userfiles/files/ALERTAS%20SANITARIAS/medicamentos_pbiologicos/2026/MARZO/Alerta%20No_72-2026%20-%20MAGNESIUM%20COMPLEX%20TOPLUX%20NUTRITION%20.pdf,Alerta Sanitaria sobre: MAGNESIUM COMPLEX TOPLUX NUTRITION,30-03-2026,Colombia,INVIMA,,,"El Invima alerta sobre la comercialización ilegal del producto MAGNESIUM COMPLEX TOPLUX NUTRITION. El motivo principal es que no posee registro sanitario, considerándose fraudulento y representando un riesgo para la salud del consumidor al no garantizar calidad, seguridad ni eficacia."
https://app.invima.gov.co/alertas/ckfinder/userfiles/files/ALERTAS%20SANITARIAS/medicamentos_pbiologicos/2026/MARZO/Alerta%20No_71-2026%20-%20MAGNESIUM%20BISGLYCINATE%201%2C500%20mg.pdf,"Alerta Sanitaria sobre: MAGNESIUM BISGLYCINATE 1,500 mg",30-03-2026,Colombia,INVIMA,,,"El Invima alerta sobre la comercialización ilegal del producto ""MAGNESIUM BISGLYCINATE 1,500 mg"". La causa es que no posee registro sanitario, considerándose fraudulento y sin evaluación de calidad, seguridad o eficacia, lo que representa un riesgo para el consumidor."
http://antigo.anvisa.gov.br/informacoes-tecnicas13?p_p_id=101_INSTANCE_R6VaZWsQDDzS&p_p_col_id=column-1&p_p_col_count=1&_101_INSTANCE_R6VaZWsQDDzS_groupId=33868&_101_INSTANCE_R6VaZWsQDDzS_urlTitle=alerta-5186-tecnovigilancia-comunicado-da-empresa-ortho-clinical-diagnostics-do-brasil-produtos-para-saude-ltda-familia-vitros-immunodiagnostic-produc&_101_INSTANCE_R6VaZWsQDDzS_struts_action=%2Fasset_publisher%2Fview_content&_101_INSTANCE_R6VaZWsQDDzS_assetEntryId=7237825&_101_INSTANCE_R6VaZWsQDDzS_type=content,Alerta 5186 (Tecnovigilância) - Comunicado da empresa Ortho Clinical Diagnostics do Brasil Produtos para Saúde Ltda - Família Vitros Immunodiagnostic Products Progesterone 2 Reagent and Calibrator.,30-03-2026 15:12,Brasil,ANVISA,,,"El alerta 5186 de Tecnovigilancia se emite por un defecto en los calibradores de Progesterona 2 (Prog2) de los productos de inmunodiagnóstico Vitros, que puede causar fallas en la calibración y retrasos en los tests."
https://app.invima.gov.co/alertas/ckfinder/userfiles/files/ALERTAS%20SANITARIAS/medicamentos_pbiologicos/2026/MARZO/Alerta%20No_74-2026%20-%20FALSIFICACI%C3%93N%20DEL%20PRODUCTO%20ELECTROLIT%C2%AE.pdf,Alerta Sanitaria sobre: FALSIFICACIÓN DEL PRODUCTO ELECTROLIT®,30-03-2026,Colombia,INVIMA,,,"El Invima alerta sobre la falsificación del producto ELECTROLIT® (625mL, INVIMA 2020M-0009131-R1). La causa es la comercialización ilegal de versiones fraudulentas con inconsistencias en sabor, color, envase, etiquetado, sellos y presencia de sedimentos, representando un riesgo para la salud."
https://app.invima.gov.co/alertas/ckfinder/userfiles/files/ALERTAS%20SANITARIAS/medicamentos_pbiologicos/2026/MARZO/Alerta%20No_%2073-2026%20-%20SNOIL%E2%84%A2%20SKIN%20NATURAL%20REJUVENATION%20OIL%20.pdf,Alerta Sanitaria sobre: SNOIL™ SKIN NATURAL REJUVENATION OIL,30-03-2026,Colombia,INVIMA,,,"El Invima alerta sobre el producto SNOIL™ SKIN NATURAL REJUVENATION OIL. La causa es su comercialización ilegal en Colombia sin registro sanitario, lo que implica que no ha sido evaluado en calidad, seguridad o eficacia, representando un riesgo para el consumidor."
https://www.ispch.gob.cl/wp-content/uploads/2026/03/Alerta-N-09-Loratadina.pdf,Seleccionar ALERTA DE RETIRO DEL MERCADO N° 09/26 DEL PRODUCTO FARMACÉUTICO LORATADINA JARABE 5 mg/5 mL DE LABORATORIO CHILE S.A.,30-03-2026 17:42:55,Chile,ISPCH,,,"Se retira voluntariamente del mercado el jarabe Loratadina 5 mg/5 mL (series EWOA, EWOB, EWOC) de Laboratorio Chile S.A. debido a resultados fuera de especificación de impurezas detectados en estudios de estabilidad."
http://antigo.anvisa.gov.br/informacoes-tecnicas13?p_p_id=101_INSTANCE_R6VaZWsQDDzS&p_p_col_id=column-1&p_p_col_count=1&_101_INSTANCE_R6VaZWsQDDzS_groupId=33868&_101_INSTANCE_R6VaZWsQDDzS_urlTitle=alerta-5187-tecnovigilancia-comunicado-da-empresa-descarpack-descartaveis-do-brasil-ltda-luva-cirurgica-descarpack-vi-&_101_INSTANCE_R6VaZWsQDDzS_struts_action=%2Fasset_publisher%2Fview_content&_101_INSTANCE_R6VaZWsQDDzS_assetEntryId=7237892&_101_INSTANCE_R6VaZWsQDDzS_type=content,Alerta 5187 (Tecnovigilância) - Comunicado da empresa Descarpack Descartáveis do Brasil Ltda - Luva Cirúrgica Descarpack VI.,30-03-2026 17:41,Brasil,ANVISA,,,"Se ha emitido un alerta de retiro para el lote SACHAC025A de las Luvas Cirúrgicas Descarpack VI (tamaño 6,5) debido a un resultado insatisfactorio en el análisis del rótulo, lo que constituye un defecto de etiquetado."
http://antigo.anvisa.gov.br/informacoes-tecnicas13?p_p_id=101_INSTANCE_R6VaZWsQDDzS&p_p_col_id=column-1&p_p_col_count=1&_101_INSTANCE_R6VaZWsQDDzS_groupId=33868&_101_INSTANCE_R6VaZWsQDDzS_urlTitle=alerta-5189-tecnovigilancia-comunicado-da-empresa-ortho-clinical-diagnostics-do-brasil-produtos-para-saude-ltda-vitros-xt3400-chemistry-system-8124698&_101_INSTANCE_R6VaZWsQDDzS_struts_action=%2Fasset_publisher%2Fview_content&_101_INSTANCE_R6VaZWsQDDzS_assetEntryId=7238507&_101_INSTANCE_R6VaZWsQDDzS_type=content,Alerta 5189 (Tecnovigilância) - Comunicado da empresa Ortho Clinical Diagnostics do Brasil Produtos para Saúde Ltda - Vitros XT3400 Chemistry System (81246986854); Sistema Imunodiagnóstico Vitros 3600 (81246984632); Sistema Químico Vitros 4600 (81246986608); Sistema Integrado Vitros 5600 (81246982491); Sistema Integrado Vitros® XT 7600 (81246986841).,31-03-2026 11:58,Brasil,ANVISA,,,"Alerta sobre los Sistemas Vitros XT3400, 3600, 4600, 5600 y XT 7600 debido a un problema de software. Este defecto puede causar que un cartucho de reactivo incorrecto sea utilizado durante la carga manual, generando resultados de paciente erróneos."
http://antigo.anvisa.gov.br/informacoes-tecnicas13?p_p_id=101_INSTANCE_R6VaZWsQDDzS&p_p_col_id=column-1&p_p_col_count=1&_101_INSTANCE_R6VaZWsQDDzS_groupId=33868&_101_INSTANCE_R6VaZWsQDDzS_urlTitle=alerta-5188-tecnovigilancia-comunicado-da-empresa-ortho-clinical-diagnostics-do-brasil-produtos-para-saude-ltda-vitros-xt3400-chemistry-system-8124698&_101_INSTANCE_R6VaZWsQDDzS_struts_action=%2Fasset_publisher%2Fview_content&_101_INSTANCE_R6VaZWsQDDzS_assetEntryId=7238452&_101_INSTANCE_R6VaZWsQDDzS_type=content,Alerta 5188 (Tecnovigilância) - Comunicado da empresa Ortho Clinical Diagnostics do Brasil Produtos para Saúde Ltda - Vitros XT3400 Chemistry System (81246986854); Sistema Químico Vitros 4600 (81246986608); Sistema Integrado Vitros 5600 (81246982491); Sistema Integrado Vitros® XT 7600 (81246986841).,31-03-2026 11:14,Brasil,ANVISA,,,"A alerta de tecnovigilância refere-se a um defeito de software nos sistemas Vitros XT3400, 4600, 5600 e XT 7600. O problema permite que os sistemas de automação aspirem amostras antes que o equipamento esteja pronto, devido a falhas na umidade relativa do suprimento de lâminas."
https://app.invima.gov.co/alertas/ckfinder/userfiles/files/ALERTAS%20SANITARIAS/medicamentos_pbiologicos/2026/MARZO/Alerta%20No%2361-2026%20-%20BIOTINA%2010_%20000%20MCG%20DE%20LA%20MARCA%20HERBALIC%20.pdf,Alerta Sanitaria sobre: BIOTINA 10.000 mcg DE LA MARCA HERBALIC,31-03-2026,Colombia,INVIMA,,,"El Invima alerta sobre la comercialización ilegal de BIOTINA 10.000 mcg de la marca HERBALIC. La causa es que el producto no posee registro sanitario, considerándose fraudulento y representando un riesgo para la salud de los consumidores."
https://app.invima.gov.co/alertas/ckfinder/userfiles/files/ALERTAS%20SANITARIAS/medicamentos_pbiologicos/2026/MARZO/Alerta%20No%2375-2026%20-%20REGENERADOR%20CEREBRAL%20RI%C3%91OSAN%20_%20RI%C3%91OZAN%20.pdf,Alerta Sanitaria sobre: REGENERADOR CEREBRAL RIÑOSAN / RIÑOZAN,31-03-2026,Colombia,INVIMA,,,"El Invima alerta sobre la comercialización ilegal de REGENERADOR CEREBRAL y RIÑOSAN / RIÑOZAN. La causa es que estos productos son fraudulentos, al no contar con registro sanitario, desconociéndose su procedencia, componentes y seguridad, lo que representa un alto riesgo para la salud."
https://app.invima.gov.co/alertas/ckfinder/userfiles/files/ALERTAS%20SANITARIAS/medicamentos_pbiologicos/2026/MARZO/Alerta%20No%2376-2026%20-%20INOSITOL%20MULTIVITAMIN%20PEACH%20PERFECT%20.pdf,Alerta Sanitaria sobre :INOSITOL MULTIVITAMIN PEACH PERFECT,31-03-2026,Colombia,INVIMA,,,"El Invima alerta sobre la comercialización ilegal del producto INOSITOL MULTIVITAMIN PEACH PERFECT. La causa es que se considera fraudulento, no cuenta con registro sanitario y se desconoce su procedencia, fabricación y componentes, representando un alto riesgo para la salud."
http://antigo.anvisa.gov.br/informacoes-tecnicas13?p_p_id=101_INSTANCE_R6VaZWsQDDzS&p_p_col_id=column-1&p_p_col_count=1&_101_INSTANCE_R6VaZWsQDDzS_groupId=33868&_101_INSTANCE_R6VaZWsQDDzS_urlTitle=alerta-5190-tecnovigilancia-comunicado-da-empresa-ortho-clinical-diagnostics-do-brasil-produtos-para-saude-ltda-vitros-xt3400-chemistry-system-8124698&_101_INSTANCE_R6VaZWsQDDzS_struts_action=%2Fasset_publisher%2Fview_content&_101_INSTANCE_R6VaZWsQDDzS_assetEntryId=7238994&_101_INSTANCE_R6VaZWsQDDzS_type=content,Alerta 5190 (Tecnovigilância) - Comunicado da empresa Ortho Clinical Diagnostics do Brasil Produtos para Saúde Ltda - Vitros XT3400 Chemistry System (81246986854); Sistema Químico Vitros 4600 (81246986608); Sistema Integrado Vitros 5600 (81246982491); Sistema Integrado Vitros® XT 7600 (81246986841).,01-04-2026 07:40,Brasil,ANVISA,,,"La alerta 5190 de Tecnovigilancia se emite para los sistemas Vitros XT3400, 4600, 5600 y XT 7600 debido a una anomalía de software. Al cargar el Assay Data Disk (ADD) con ciertas versiones, el sistema cambia inesperadamente del Vitros Calibrator Kit 32 al Kit 2, afectando la configuración."
http://antigo.anvisa.gov.br/informacoes-tecnicas13?p_p_id=101_INSTANCE_R6VaZWsQDDzS&p_p_col_id=column-1&p_p_col_count=1&_101_INSTANCE_R6VaZWsQDDzS_groupId=33868&_101_INSTANCE_R6VaZWsQDDzS_urlTitle=alerta-5192-tecnovigilancia-comunicado-da-empresa-medsystems-comercio-importacao-e-exportacao-ltda-epp-sistema-de-tratamento-de-pele-secret-rf-&_101_INSTANCE_R6VaZWsQDDzS_struts_action=%2Fasset_publisher%2Fview_content&_101_INSTANCE_R6VaZWsQDDzS_assetEntryId=7239227&_101_INSTANCE_R6VaZWsQDDzS_type=content,"Alerta 5192 (Tecnovigilância) - Comunicado da empresa Medsystems Comércio, Importação e Exportação Ltda - Epp - Sistema de Tratamento de Pele - Secret RF.",01-04-2026 11:42,Brasil,ANVISA,,,"Alerta sobre el Sistema de Tratamiento de Piel Secret RF (accesorios MRT AC 01) debido a un error de etiquetado. Se insertó un número de registro ANVISA incorrecto, perteneciente a otro producto, en las agujas/punteras de tratamiento."
http://antigo.anvisa.gov.br/informacoes-tecnicas13?p_p_id=101_INSTANCE_R6VaZWsQDDzS&p_p_col_id=column-1&p_p_col_count=1&_101_INSTANCE_R6VaZWsQDDzS_groupId=33868&_101_INSTANCE_R6VaZWsQDDzS_urlTitle=alerta-5191-tecnovigilancia-comunicado-da-empresa-ortho-clinical-diagnostics-do-brasil-produtos-para-saude-ltda-reativo-seco-vitros-para-magnesio-mg-&_101_INSTANCE_R6VaZWsQDDzS_struts_action=%2Fasset_publisher%2Fview_content&_101_INSTANCE_R6VaZWsQDDzS_assetEntryId=7239080&_101_INSTANCE_R6VaZWsQDDzS_type=content,Alerta 5191 (Tecnovigilância) - Comunicado da empresa Ortho Clinical Diagnostics do Brasil Produtos para Saúde Ltda - Reativo Seco Vitros para Magnésio Mg.,01-04-2026 10:50,Brasil,ANVISA,,,"La alerta se emite para el Reativo Seco Vitros para Magnésio Mg debido a un defecto de estabilidad. El producto puede presentar un desvío negativo inaceptable antes de las dos semanas de almacenamiento en el sistema Vitros, afectando todos los lotes válidos y futuros."
https://app.invima.gov.co/alertas/ckfinder/userfiles/files/ALERTAS%20SANITARIAS/medicamentos_pbiologicos/2026/ABRIL/Alerta%20No%2378-2026%20-%20PRODUCTO%20FRAUDULENTO%20(FALSIFICADO)%20IMBRUVICA%20TABLETAS%20560mg%20LOTES%20PKS0700%20Y%20PGS2V00%20.pdf,Alerta Sanitaria sobre: PRODUCTO FRAUDULENTO (FALSIFICADO) IMBRUVICA TABLETAS 560mg LOTES PKS0700 Y PGS2V00,01-04-2026,Colombia,INVIMA,,,El Invima alerta sobre la comercialización de IMBRUVICA TABLETAS 560mg (lotes PKS0700 y PGS2V00) que son productos fraudulentos o falsificados. La causa es la existencia de copias ilegítimas que no garantizan seguridad ni eficacia.
https://www.argentina.gob.ar/noticias/retiro-voluntario-del-mercado-de-todos-los-lotes-de-solucion-fisiologica-delva-solucion,"Retiro voluntario del mercado de todos los lotes de SOLUCIÓN FISIOLÓGICA DELVA, SOLUCIÓN FISIOLÓGICA FARMACITY  y SOLUCIÓN FISIOLÓGICA PUNTO DE SALUD",01-04-2026 16:26,Argentina,ANMAT,,,"Se retiran voluntariamente todos los lotes de Solución Fisiológica Delva, Farmacity y Punto de Salud. El motivo principal es que son productos no autorizados por ANMAT."
http://antigo.anvisa.gov.br/informacoes-tecnicas13?p_p_id=101_INSTANCE_R6VaZWsQDDzS&p_p_col_id=column-1&p_p_col_count=1&_101_INSTANCE_R6VaZWsQDDzS_groupId=33868&_101_INSTANCE_R6VaZWsQDDzS_urlTitle=alerta-5195-tecnovigilancia-comunicado-da-empresa-e-tamussino-cia-ltda-cateter-central-venoso-com-superficie-antimicrobiana-abrm-10212990159-conjunto-&_101_INSTANCE_R6VaZWsQDDzS_struts_action=%2Fasset_publisher%2Fview_content&_101_INSTANCE_R6VaZWsQDDzS_assetEntryId=7239851&_101_INSTANCE_R6VaZWsQDDzS_type=content,Alerta 5195 (Tecnovigilância) - Comunicado da empresa E. Tamussino & Cia Ltda - Cateter Central Venoso com Superfície Antimicrobiana (ABRM) (10212990159); Conjunto de Cânulas Dilatadoras para Traqueostomia sem Balão (10212999012).,02-04-2026 10:03,Brasil,ANVISA,,,"La alerta se debe a un retiro voluntario de lotes específicos de Catéter Central Venoso y Conjunto de Cânulas Dilatadoras para Traqueostomia (Cook Medical), por un error en el etiquetado que indica fechas de validez incorrectas, superiores a la vida útil real."
http://antigo.anvisa.gov.br/informacoes-tecnicas13?p_p_id=101_INSTANCE_R6VaZWsQDDzS&p_p_col_id=column-1&p_p_col_count=1&_101_INSTANCE_R6VaZWsQDDzS_groupId=33868&_101_INSTANCE_R6VaZWsQDDzS_urlTitle=alerta-5194-tecnovigilancia-comunicado-da-empresa-intuitive-surgical-brasil-importacao-e-comercio-de-equipamentos-cirurgicos-ltda-sistema-cirurgico-ro&_101_INSTANCE_R6VaZWsQDDzS_struts_action=%2Fasset_publisher%2Fview_content&_101_INSTANCE_R6VaZWsQDDzS_assetEntryId=7239804&_101_INSTANCE_R6VaZWsQDDzS_type=content,Alerta 5194 (Tecnovigilância) - Comunicado da empresa Intuitive Surgical Brasil Importação e Comércio de Equipamentos Cirúrgicos Ltda - Sistema Cirúrgico Robótico da Vinci - Intuitive Surgical / Endoscopic Instrument Control System da Vinci - Intuitive Surgical.,02-04-2026 08:57,Brasil,ANVISA,,,"Alerta sobre el Sistema Cirúrgico Robótico da Vinci (modelos IS4000, IS4200) debido a un defecto en los tornillos de montaje del soporte de la cánula, que pueden romperse y causar la separación del soporte, resultando en movimiento no intencional del instrumento y posible lesión tisular."
http://antigo.anvisa.gov.br/informacoes-tecnicas13?p_p_id=101_INSTANCE_R6VaZWsQDDzS&p_p_col_id=column-1&p_p_col_count=1&_101_INSTANCE_R6VaZWsQDDzS_groupId=33868&_101_INSTANCE_R6VaZWsQDDzS_urlTitle=alerta-5193-tecnovigilancia-comunicado-da-empresa-auto-suture-do-brasil-ltda-bomba-de-insulina-minimed-640g-10349000912-bomba-de-insulina-minimed-780g&_101_INSTANCE_R6VaZWsQDDzS_struts_action=%2Fasset_publisher%2Fview_content&_101_INSTANCE_R6VaZWsQDDzS_assetEntryId=7239753&_101_INSTANCE_R6VaZWsQDDzS_type=content,Alerta 5193 (Tecnovigilância) - Comunicado da empresa Auto Suture do Brasil LTDA - Bomba de Insulina Minimed 640G (10349000912); Bomba de Insulina Minimed 780G (10349001315); Sistema Integrado de Insulina série 700G (10349001003).,02-04-2026 08:23,Brasil,ANVISA,,,"La alerta se debe a un riesgo de variación en la cantidad de insulina administrada por las Bombas de Insulina Minimed 640G, 780G y Sistema Integrado serie 700G. Esto ocurre por la distancia de la bomba al sitio de infusión, pudiendo causar hipo o hiperglucemia."
http://antigo.anvisa.gov.br/informacoes-tecnicas13?p_p_id=101_INSTANCE_R6VaZWsQDDzS&p_p_col_id=column-1&p_p_col_count=1&_101_INSTANCE_R6VaZWsQDDzS_groupId=33868&_101_INSTANCE_R6VaZWsQDDzS_urlTitle=alerta-5196-tecnovigilancia-comunicado-da-empresa-ortho-clinical-diagnostics-do-brasil-produtos-para-saude-ltda-analisador-ortho-vision-81246986612-an&_101_INSTANCE_R6VaZWsQDDzS_struts_action=%2Fasset_publisher%2Fview_content&_101_INSTANCE_R6VaZWsQDDzS_assetEntryId=7239922&_101_INSTANCE_R6VaZWsQDDzS_type=content,Alerta 5196 (Tecnovigilância) - Comunicado da empresa Ortho Clinical Diagnostics do Brasil Produtos para Saúde Ltda - Analisador Ortho Vision (81246986612); Analisador Ortho Vision Max (81246980040).,02-04-2026 11:30,Brasil,ANVISA,,,Alerta 5196 (Tecnovigilância) - Comunicado da empresa Ortho Clinical Diagnostics do Brasil Produtos para Saúde Ltda - Analisador Ortho Vision (81246986612); Analisador Ortho Vision Max (81246980040).
https://www.agemed.gob.bo/retiro_producto/2026/producto/RETIRO-DE-PRODUCTO-001.pdf,"001/2026 - ALERTA RETIRO DE PRODUCTO DEL MERCADO ""UROGRAFINA 76% SOLUCIÓN INYECTABLE""",27-03-2026,Bolivia,AGEMED,,,"001/2026 - ALERTA RETIRO DE PRODUCTO DEL MERCADO ""UROGRAFINA 76% SOLUCIÓN INYECTABLE"""
https://www.ispch.gob.cl/wp-content/uploads/2026/04/Alerta-N°-10-26.pdf,ALERTA DE RETIRO DEL MERCADO N° 10/26 DEL PRODUCTO FARMACÉUTICO METOTREXATO SOLUCIÓN INYECTABLE 500 mg/20 mL,02-04-2026 15:28:41,Chile,ISPCH,,,"Se retira voluntariamente del mercado el METOTREXATO SOLUCIÓN INYECTABLE 500 mg/20 mL (serie MTIE25C02-A) debido a un incumplimiento en el test de endotoxinas, reanalizado por el fabricante."
http://antigo.anvisa.gov.br/informacoes-tecnicas13?p_p_id=101_INSTANCE_R6VaZWsQDDzS&p_p_col_id=column-1&p_p_col_count=1&_101_INSTANCE_R6VaZWsQDDzS_groupId=33868&_101_INSTANCE_R6VaZWsQDDzS_urlTitle=alerta-5197-tecnovigilancia-comunicado-da-empresa-edwards-lifesciences-comercio-de-produtos-medico-cirurgicos-ltda-cateter-de-termodiluicao-swan-ganz-&_101_INSTANCE_R6VaZWsQDDzS_struts_action=%2Fasset_publisher%2Fview_content&_101_INSTANCE_R6VaZWsQDDzS_assetEntryId=7242321&_101_INSTANCE_R6VaZWsQDDzS_type=content,Alerta 5197 (Tecnovigilância) - Comunicado da empresa Edwards Lifesciences Comércio de Produtos Médico-Cirúrgicos LTDA - Cateter de Termodiluição Swan Ganz (80219050059); Cateter Swan-Ganz DCC Edwards (80219050161).,06-04-2026 12:31,Brasil,ANVISA,,,"La alerta se debe a que los catéteres Swan-Ganz (80219050059 y 80219050161) presentan un defecto de fabricación y material, causando fugas/rupturas en el lúmen proximal por manipulación o flexión frecuente."
https://www.ispch.gob.cl/wp-content/uploads/2026/04/Alerta-N°-11-26.pdf,ALERTA DE RETIRO DEL MERCADO N° 11/26 DEL PRODUCTO FARMACÉUTICO LEVOTIROXINA SÓDICA COMPRIMIDOS 100 mcg,08-04-2026 16:56:32,Chile,ISPCH,,,Se retira voluntariamente del mercado la Levotiroxina Sódica comprimidos 100 mcg (serie EH24LHD065) debido a la detección de un elemento extraño adherido a la parte posterior de al menos un blíster.
https://www.ispch.gob.cl/wp-content/uploads/2026/04/Alerta-N°201-26-Nota-informativa.pdf,HIV ½ Cassette Wondfo 25 Test,08-04-2026 21:00:57,Chile,ISPCH,,,"La alerta se emite por la presencia en el mercado de tests rápidos de VIH ""Wondfo"" (HIV 1/2 Cassette Wondfo 25 Test) que no cuentan con registro sanitario ni verificación de conformidad, lo que impide garantizar su calidad, seguridad y desempeño."
http://antigo.anvisa.gov.br/informacoes-tecnicas13?p_p_id=101_INSTANCE_R6VaZWsQDDzS&p_p_col_id=column-1&p_p_col_count=1&_101_INSTANCE_R6VaZWsQDDzS_groupId=33868&_101_INSTANCE_R6VaZWsQDDzS_urlTitle=alerta-5198-tecnovigilancia-comunicado-da-empresa-siemens-healthcare-diagnosticos-ltda-pht-intacto-immulite-2000-&_101_INSTANCE_R6VaZWsQDDzS_struts_action=%2Fasset_publisher%2Fview_content&_101_INSTANCE_R6VaZWsQDDzS_assetEntryId=7245781&_101_INSTANCE_R6VaZWsQDDzS_type=content,Alerta 5198 (Tecnovigilância) - Comunicado da empresa Siemens Healthcare Diagnósticos Ltda - PHT Intacto Immulite 2000.,09-04-2026 12:03,Brasil,ANVISA,,,"El producto PHT Intacto Immulite 2000 (lotes 387, 388, 389) de Siemens Healthcare Diagnósticos presenta un defecto que causa resultados falsamente bajos de Hormona Paratiroidea (PTH) intacta."
https://app.invima.gov.co/alertas/ckfinder/userfiles/files/ALERTAS%20SANITARIAS/medicamentos_pbiologicos/2026/ABRIL/Alerta%20No_%2080-2026%20-PRODUCTOS%20VITALZENTRO-INTIMA%20ROSE.pdf,"Alerta sanitaria sobre: Preggo Sperm Health,Flo Ovarian Support,60 Billion Probiotic ,Aloe + D-Mannose Witt Calcium, Flora Bloom Probiotics,Myo & D-Chiro Inositol y Boric Acid Suppositories",09-04-2026,Colombia,INVIMA,,,"El Invima alerta sobre la comercialización fraudulenta de los productos Preggo Sperm Health, Flo Ovarian Support Vitamin Capsules, 60 Billion Probiotic, Aloe + D-Mannose Witt Calcium, Flora Bloom Probiotics For Women, Myo & D-Chiro Inositol Powder 40:1 y Boric Acid Suppositories, por carecer de registro sanitario."
https://app.invima.gov.co/alertas/ckfinder/userfiles/files/ALERTAS%20SANITARIAS/medicamentos_pbiologicos/2026/ABRIL/Alerta%20No_79-2026%20-%20MICRODOSIS%20MEDELLIN%20.pdf,"Alerta sanitaria Sobre: PSILOCYBE, MELENA DE LEÓN, REISHI, COLA DE PAVO, PSILOCYBE Y MELENA DE LEÓN - MICRODOSIS MEDELLÍN",09-04-2026,Colombia,INVIMA,,,"Invima alerta sobre la comercialización ilegal de productos como PSILOCYBE, MELENA DE LEÓN, REISHI y COLA DE PAVO (Microdosis Medellín). El motivo principal es que son productos fraudulentos sin registro sanitario, lo que implica falta de evaluación de calidad, seguridad y eficacia, y el uso de sustancias controladas como la psilocibina."
https://www.digemid.minsa.gob.pe/webDigemid/alertas-modificaciones/2026/alerta-digemid-no-37-2026/,ALERTA DIGEMID Nº 37-2026 - RIESGOS ASOCIADOS AL USO INDEBIDO DE MEDICAMENTOS AGONISTAS DEL RECEPTOR GLP-1 Y AL USO DE PRODUCTOS FALSIFICADOS. Productos: AGONISTAS DEL RECEPTOR GLP-1,09-04-2026 20:27:46,Perú,DIGEMID,,https://www.digemid.minsa.gob.pe/Archivos/Alertas/2026/ALERTA_37-26.pdf,"La alerta de DIGEMID se debe al aumento de reacciones adversas graves por el uso indebido de medicamentos agonistas del receptor GLP-1 (como semaglutida, liraglutida) y por la comercialización y uso de productos falsificados o no autorizados."
https://www.ispch.gob.cl/wp-content/uploads/2026/04/1.-Alerta-N°121-26-Publicacion.pdf,"Sistemas de bomba de insulina de las series Paradigm, MiniMed 600 y MiniMed 700",09-04-2026 22:03:54,Chile,ISPCH,,,"Sistemas de bomba de insulina de las series Paradigm, MiniMed 600 y MiniMed 700"
https://www.argentina.gob.ar/noticias/anmat-prohibe-distintos-productos-cosmeticos-de-la-marca-alpha-men-care,ANMAT prohíbe distintos productos cosméticos de la marca ALPHA MEN CARE,10-04-2026 08:23,Argentina,ANMAT,,,ANMAT prohíbe distintos productos cosméticos de la marca ALPHA MEN CARE
https://www.argentina.gob.ar/noticias/anmat-prohibe-productos-domisanitarios-de-la-marca-urne,ANMAT prohíbe productos domisanitarios de la marca Urne,10-04-2026 08:30,Argentina,ANMAT,,,"ANMAT prohíbe productos domisanitarios Urne por carecer de registro, rotulado en español y tener origen desconocido."
http://antigo.anvisa.gov.br/informacoes-tecnicas13?p_p_id=101_INSTANCE_R6VaZWsQDDzS&p_p_col_id=column-1&p_p_col_count=1&_101_INSTANCE_R6VaZWsQDDzS_groupId=33868&_101_INSTANCE_R6VaZWsQDDzS_urlTitle=alerta-5199-tecnovigilancia-comunicado-da-empresa-edwards-lifesciences-comercio-de-produtos-medico-cirurgicos-ltda-edwards-evoque-tricuspid-valve-repl&_101_INSTANCE_R6VaZWsQDDzS_struts_action=%2Fasset_publisher%2Fview_content&_101_INSTANCE_R6VaZWsQDDzS_assetEntryId=7246563&_101_INSTANCE_R6VaZWsQDDzS_type=content,Alerta 5199 (Tecnovigilância) - Comunicado da empresa Edwards Lifesciences Comércio de Produtos Médico-Cirúrgicos Ltda - Edwards Evoque Tricuspid Valve Replacement System (80219050198); Evoque Tricuspid Valve Replacement System (80219050197).,10-04-2026 16:40,Brasil,ANVISA,,,Alerta 5199 (Tecnovigilância) - Comunicado da empresa Edwards Lifesciences Comércio de Produtos Médico-Cirúrgicos Ltda - Edwards Evoque Tricuspid Valve Replacement System (80219050198); Evoque Tricuspid Valve Replacement System (80219050197).
https://www.argentina.gob.ar/noticias/anmat-advierte-sobre-posibles-fallas-en-sensores-y-transmisores-del-sistema-de-gestion-de,ANMAT advierte sobre posibles fallas en sensores y transmisores del sistema de Gestión de Insulina de la marca Medtrum (PM-2812-1),10-04-2026 16:30,Argentina,ANMAT,,,ANMAT advierte sobre posibles fallas en sensores y transmisores del sistema de Gestión de Insulina de la marca Medtrum (PM-2812-1)
https://www.argentina.gob.ar/noticias/retiro-del-mercado-de-un-lote-de-gluconato-de-calcio-lavimar,Retiro del mercado de un lote de gluconato de calcio LAVIMAR,10-04-2026 19:26,Argentina,ANMAT,,,"Se retiró del mercado un lote de gluconato de calcio LAVIMAR debido a la detección de material en suspensión en una ampolla, lo que constituye un defecto de calidad."
https://www.argentina.gob.ar/noticias/anmat-advierte-sobre-tornillo-de-interferencia-bioabsorbible-stryker-falsificado-0,ANMAT advierte sobre tornillo de interferencia bioabsorbible STRYKER falsificado,10-04-2026 17:56,Argentina,ANMAT,,,"ANMAT advierte sobre tornillo de interferencia bioabsorbible STRYKER falsificado. La causa es la detección de irregularidades entre el producto y sus características originales, indicando una falsificación."
http://antigo.anvisa.gov.br/informacoes-tecnicas13?p_p_id=101_INSTANCE_R6VaZWsQDDzS&p_p_col_id=column-1&p_p_col_count=1&_101_INSTANCE_R6VaZWsQDDzS_groupId=33868&_101_INSTANCE_R6VaZWsQDDzS_urlTitle=alerta-5200-tecnovigilancia-comunicado-da-empresa-stryker-do-brasil-ltda-sistema-de-destacamento-&_101_INSTANCE_R6VaZWsQDDzS_struts_action=%2Fasset_publisher%2Fview_content&_101_INSTANCE_R6VaZWsQDDzS_assetEntryId=7248089&_101_INSTANCE_R6VaZWsQDDzS_type=content,Alerta 5200 (Tecnovigilância) - Comunicado da empresa Stryker do Brasil Ltda - Sistema de Destacamento.,13-04-2026 09:19,Brasil,ANVISA,,,"La alerta se debe a un defecto en el Sistema de Destacamento Inzone de Stryker Neurovascular, que puede sufrir una descarga prematura de la batería. Esto impide que el dispositivo encienda, funcione correctamente o desprenda la bobina como debería."
https://www.agemed.gob.bo/retiro_producto/2026/RETIRO-DE-PRODUCTO-011.pdf,"011/2026 - ALERTA RETIRO VOLUNTARIO DE LOTE SISTEMA DE REACTIVOS, CALIBRADORES Y DILUYENTE DE DIAGNÓSTICO IN VITRO 
                                PARA ENFERMEDADES TIROIDEAS: ACCESS FREE T3; ACCESS FREE T4; ACCESS; FREE T4 CALIBRATORS, ACCESS TOTAL T3, 
                                ACCESS TOTAL T3 CALIBRATORS",07-04-2026,Bolivia,AGEMED,,,"011/2026 - ALERTA RETIRO VOLUNTARIO DE LOTE SISTEMA DE REACTIVOS, CALIBRADORES Y DILUYENTE DE DIAGNÓSTICO IN VITRO 
                                PARA ENFERMEDADES TIROIDEAS: ACCESS FREE T3; ACCESS FREE T4; ACCESS; FREE T4 CALIBRATORS, ACCESS TOTAL T3, 
                                ACCESS TOTAL T3 CALIBRATORS"
http://antigo.anvisa.gov.br/informacoes-tecnicas13?p_p_id=101_INSTANCE_R6VaZWsQDDzS&p_p_col_id=column-1&p_p_col_count=1&_101_INSTANCE_R6VaZWsQDDzS_groupId=33868&_101_INSTANCE_R6VaZWsQDDzS_urlTitle=alerta-5202-tecnovigilancia-comunicado-da-empresa-teleflex-medical-brasil-ltda-cateter-para-hemodialise-cronica-cannon-ii-plus-&_101_INSTANCE_R6VaZWsQDDzS_struts_action=%2Fasset_publisher%2Fview_content&_101_INSTANCE_R6VaZWsQDDzS_assetEntryId=7248856&_101_INSTANCE_R6VaZWsQDDzS_type=content,Alerta 5202 (Tecnovigilância) - Comunicado da empresa Teleflex Medical Brasil Ltda - Cateter para Hemodiálise Crônica Cannon II Plus.,14-04-2026 09:58,Brasil,ANVISA,,,"La alerta de tecnovigilancia se emite por un retiro voluntario del Catéter para Hemodiálise Crônica Cannon II Plus (modelos específicos). El motivo es un defecto de diseño en el componente introductor de vaina, que puede no dividirse correctamente durante la remoción, causando complicaciones."
http://antigo.anvisa.gov.br/informacoes-tecnicas13?p_p_id=101_INSTANCE_R6VaZWsQDDzS&p_p_col_id=column-1&p_p_col_count=1&_101_INSTANCE_R6VaZWsQDDzS_groupId=33868&_101_INSTANCE_R6VaZWsQDDzS_urlTitle=alerta-5201-tecnovigilancia-comunicado-da-empresa-biofarmaceutica-produtos-medico-hospitalares-ltda-sonda-de-aspiracao-traqueal-82740070001-sonda-uret&_101_INSTANCE_R6VaZWsQDDzS_struts_action=%2Fasset_publisher%2Fview_content&_101_INSTANCE_R6VaZWsQDDzS_assetEntryId=7248805&_101_INSTANCE_R6VaZWsQDDzS_type=content,Alerta 5201 (Tecnovigilância) - Comunicado da empresa Biofarmacêutica Produtos Médico-Hospitalares Ltda - Sonda de Aspiração Traqueal (82740070001); Sonda Uretral (Nº 04; Nº 06; Nº 08; Nº 10; Nº 12; Nº 14; Nº 16; Nº 18; Nº 20; Nº 22; Nº 24) (82740070002).,14-04-2026 08:49,Brasil,ANVISA,,,Alerta 5201 (Tecnovigilância) - Comunicado da empresa Biofarmacêutica Produtos Médico-Hospitalares Ltda - Sonda de Aspiração Traqueal (82740070001); Sonda Uretral (Nº 04; Nº 06; Nº 08; Nº 10; Nº 12; Nº 14; Nº 16; Nº 18; Nº 20; Nº 22; Nº 24) (82740070002).
https://www.argentina.gob.ar/noticias/anmat-prohibe-un-lote-del-producto-extracto-de-perfume-thone-marca-leduft-0,"ANMAT prohíbe un lote del producto “Extracto de Perfume Thone”, marca LEDUFT",14-04-2026 08:43,Argentina,ANMAT,,,"ANMAT prohíbe un lote del ""Extracto de Perfume Thone"" (LEDUFT) por un desvío de calidad. El motivo principal es que el lote fue elaborado en instalaciones no habilitadas, lo que generó la alerta."
https://www.digemid.minsa.gob.pe/webDigemid/alertas-modificaciones/2026/alerta-digemid-no-43-2026/,ALERTA DIGEMID Nº 43-2026 - RECOMENDACIONES PARA EL USO DE UNIDADES ELECTROQUIRÚRGICAS. Productos: UNIDADES ELECTROQUIRÚRGICAS,14-04-2026 21:56:11,Perú,DIGEMID,,https://www.digemid.minsa.gob.pe/Archivos/Alertas/2026/ALERTA_43-26.pdf,"La alerta de DIGEMID se emite por riesgos asociados al uso de unidades electroquirúrgicas (UEQ), incluyendo quemaduras, activación inadvertida, incendios e interferencias con otros dispositivos, debido a notificaciones de incidentes adversos a nivel nacional e internacional."
https://www.digemid.minsa.gob.pe/webDigemid/alertas-modificaciones/2026/alerta-digemid-no-42-2026/,"ALERTA DIGEMID Nº 42-2026 - PRODUCTOS SANITARIOS (COSMÉTICOS) FALSIFICADOS INCAUTADOS EN ACCIONES DE CONTROL Y VIGILANCIA SANITARIA. Productos: GUCCI GUILTY BLACK EAU DE TOILETTE, N° 5 CHANEL DE PARFUM",14-04-2026 21:53:14,Perú,DIGEMID,,https://www.digemid.minsa.gob.pe/Archivos/Alertas/2026/ALERTA_42-26.pdf,"La Digemid alerta sobre la incautación de cosméticos falsificados: ""N° 5 CHANEL DE PARFUM"" y ""GUCCI GUILTY BLACK EAU DE TOILETTE"". El motivo es la falsificación, presentando el Chanel partículas y envase deteriorado, y el Gucci un lote no importado oficialmente."
https://www.digemid.minsa.gob.pe/webDigemid/alertas-modificaciones/2026/alerta-digemid-no-41-2026/,"ALERTA DIGEMID Nº 41-2026 - LA ANMAT PROHIBE EL USO Y COMERCIALIZACIÓN DE LOS PRODUCTOS DE LA EMPRESA P. L. RIVERO Y CIA. S.A. ELABORADOS POR LABORATORIOS SOLKOTAL S.A.. Productos: PROTAMINA, CLORURO DE SUCCINILCOLINA, RIVIAL",14-04-2026 21:52:09,Perú,DIGEMID,,https://www.digemid.minsa.gob.pe/Archivos/Alertas/2026/ALERTA_41-26.pdf,"La ANMAT prohíbe el uso y comercialización de productos de P. L. Rivero y Cía. S.A., elaborados por Laboratorios Solkotal S.A. (incluyendo PROTAMINA, CLORURO DE SUCCINILCOLINA, RIVIAL PEDIÁTRICO, RIVIAL PEDIÁTRICO LIOFILIZADO y RIVIAL MV12), debido a graves incumplimientos de Buenas"
https://www.digemid.minsa.gob.pe/webDigemid/alertas-modificaciones/2026/alerta-digemid-no-40-2026/,ALERTA DIGEMID Nº 40-2026 - COMERCIALIZACIÓN ILEGAL DE PRODUCTO DIETÉTICO SIN REGISTRO SANITARIO POR REDES SOCIALES Y PÁGINAS WEB. Productos: LIPOSOMAL NAD,14-04-2026 21:49:32,Perú,DIGEMID,,https://www.digemid.minsa.gob.pe/Archivos/Alertas/2026/ALERTA_40-26.pdf,"La alerta se debe a la comercialización ilegal del producto dietético LIPOSOMAL NAD + 1000 mg (frasco x 30 cápsulas) por redes sociales y páginas web, ya que no cuenta con registro sanitario otorgado por DIGEMID para su venta en el país."
https://www.digemid.minsa.gob.pe/webDigemid/alertas-modificaciones/2026/alerta-digemid-no-39-2026/,ALERTA DIGEMID Nº 39-2026 - COMERCIALIZACIÓN ILEGAL DE DISPOSITIVOS MÉDICOS PARA ORTODONCIA SIN REGISTRO SANITARIO POR PÁGINAS WEB. Productos: DISPOSITIVOS MÉDICOS PARA ORTODONCIA,14-04-2026 21:47:47,Perú,DIGEMID,,https://www.digemid.minsa.gob.pe/Archivos/Alertas/2026/ALERTA_39-26.pdf,"La alerta de Digemid se debe a la comercialización ilegal de dispositivos médicos para ortodoncia (arcos, brackets, ligas, alambres Morelli) por ORTHOSHOP PERÚ en línea, sin registro sanitario ni autorización de establecimiento farmacéutico."
https://www.digemid.minsa.gob.pe/webDigemid/alertas-modificaciones/2026/alerta-digemid-no-38-2026/,ALERTA DIGEMID Nº 38-2026 - RETIRO DEL MERCADO DE UN LOTE DE UN PRODUCTO OBSERVADO POR RESULTADO CRÍTICO DE CONTROL DE CALIDAD. Productos: GENTABIOT Gentamicina,14-04-2026 21:45:20,Perú,DIGEMID,,https://www.digemid.minsa.gob.pe/Archivos/Alertas/2026/ALERTA_38-26.pdf,"Digemid alerta el retiro del mercado del lote 195230802 de GENTABIOT 160mg/2mL (Gentamicina), Solución Inyectable, debido a un resultado crítico de control de calidad: no conforme para el ensayo de partículas visibles."
https://www.agemed.gob.bo/retiro_producto/2026/RETIRO-DE-PRODUCTO-012.pdf,"012/2026 - ALERTA RETIRO DE LOTE ""MEDICAMENTO DE CALIDAD SUBESTANDAR"" VISCID SUSPENSIÓN ORAL",15-04-2026,Bolivia,AGEMED,,,"012/2026 - ALERTA RETIRO DE LOTE ""MEDICAMENTO DE CALIDAD SUBESTANDAR"" VISCID SUSPENSIÓN ORAL"
http://antigo.anvisa.gov.br/informacoes-tecnicas13?p_p_id=101_INSTANCE_R6VaZWsQDDzS&p_p_col_id=column-1&p_p_col_count=1&_101_INSTANCE_R6VaZWsQDDzS_groupId=33868&_101_INSTANCE_R6VaZWsQDDzS_urlTitle=alerta-5203-tecnovigilancia-comunicado-da-empresa-greiner-bio-one-brasil-produtos-medicos-hospitalares-ltda-vacuette-tubo-para-coleta-de-sangue-a-vacu&_101_INSTANCE_R6VaZWsQDDzS_struts_action=%2Fasset_publisher%2Fview_content&_101_INSTANCE_R6VaZWsQDDzS_assetEntryId=7249577&_101_INSTANCE_R6VaZWsQDDzS_type=content,Alerta 5203 (Tecnovigilância) - Comunicado da empresa Greiner Bio-One Brasil Produtos Médicos Hospitalares Ltda - Vacuette Tubo para Coleta de Sangue a Vácuo com Anticoagulante.,15-04-2026 17:51,Brasil,ANVISA,,,Alerta 5203 (Tecnovigilância) - Comunicado da empresa Greiner Bio-One Brasil Produtos Médicos Hospitalares Ltda - Vacuette Tubo para Coleta de Sangue a Vácuo com Anticoagulante.
https://app.invima.gov.co/alertas/ckfinder/userfiles/files/ALERTAS%20SANITARIAS/Alimentos_Bebidas/2026/Abril/Alerta%20No%2087-2026%20%20CAF%C3%89%20VERDE%20ORG%C3%81NICO%20ALTO%20CONTENIDO%20EN%20FIBRA%20NATURAL%20LIBRE%20DE%20GLUTEN.pdf,Alerta sobre: CAFÉ VERDE ORGÁNICO ALTO CONTENIDO EN FIBRA NATURAL LIBRE DE GLUTEN,15-04-2026,Colombia,INVIMA,,,"El Invima alerta sobre el ""CAFÉ VERDE ORGÁNICO ALTO CONTENIDO EN FIBRA NATURAL LIBRE DE GLUTEN"" debido a su comercialización fraudulenta con registros sanitarios falsos y la atribución de propiedades medicinales no aprobadas."
https://app.invima.gov.co/alertas/ckfinder/userfiles/files/ALERTAS%20SANITARIAS/medicamentos_pbiologicos/2026/ABRIL/Alerta%20No_81-2026%20-%20LUNG%20CLEANSING%20SPRAY%20.pdf,Alerta sanitaria sobre: LUNG CLEANSING SPRAY,15-04-2026,Colombia,INVIMA,,,"El Invima alerta sobre la comercialización ilegal del producto LUNG CLEANSING SPRAY. El motivo principal es que carece de registro sanitario, lo que lo convierte en un producto fraudulento sin garantías de calidad, seguridad ni eficacia, representando un riesgo para la salud."
https://www.agemed.gob.bo/archivo_farmacovigi/alertas/2026/ALERTA_111_2026.pdf,"Alerta N° 111/2026 - PRODUCTO ILÍCITO ""DECEIVE SELF (EAU DE PARFUM)"" - SIN NOTIFICACIÓN SANITARIA OBLIGATORIA (NSO)",09-04-2026,Bolivia,AGEMED,,,"Alerta N° 111/2026 - PRODUCTO ILÍCITO ""DECEIVE SELF (EAU DE PARFUM)"" - SIN NOTIFICACIÓN SANITARIA OBLIGATORIA (NSO)"
https://www.agemed.gob.bo/archivo_farmacovigi/alertas/2026/ALERTA_110_2026.pdf,"Alerta N° 110/2026 - PRODUCTO ILÍCITO ""BRAVO HERO POUR HOMME"" - SIN NOTIFICACIÓN SANITARIA OBLIGATORIA (NSO)",09-04-2026,Bolivia,AGEMED,,,"Alerta N° 110/2026 - PRODUCTO ILÍCITO ""BRAVO HERO POUR HOMME"" - SIN NOTIFICACIÓN SANITARIA OBLIGATORIA (NSO)"
https://www.agemed.gob.bo/archivo_farmacovigi/alertas/2026/ALERTA_109_2026.pdf,"Alerta N° 109/2026 - PDISPOSITIVO MEDICO ILÍCITO ""GIULIANA KIDS SUAVE (CEPILLO DE DIENTES)"" - SIN REGISTRO SANITARIO",09-04-2026,Bolivia,AGEMED,,,"Alerta N° 109/2026 - PDISPOSITIVO MEDICO ILÍCITO ""GIULIANA KIDS SUAVE (CEPILLO DE DIENTES)"" - SIN REGISTRO SANITARIO"
https://www.agemed.gob.bo/archivo_farmacovigi/alertas/2026/ALERTA_108_2026.pdf,"Alerta N° 108/2026 - DISPOSITIVO MEDICO ILÍCITO ""BOOGY TEETHER (MORDEDOR RELLENO DE AGUA)"" - SIN REGISTRO SANITARIO",09-04-2026,Bolivia,AGEMED,,,"Alerta N° 108/2026 - DISPOSITIVO MEDICO ILÍCITO ""BOOGY TEETHER (MORDEDOR RELLENO DE AGUA)"" - SIN REGISTRO SANITARIO"
https://www.agemed.gob.bo/archivo_farmacovigi/alertas/2026/ALERTA_107_2026.pdf,"Alerta N° 107/2026 - DISPOSITIVO MEDICO ILÍCITO ""BIBERON APOOL"" - SIN REGISTRO SANITARIO Y DE CONTRABANDO",09-04-2026,Bolivia,AGEMED,,,"Alerta N° 107/2026 - DISPOSITIVO MEDICO ILÍCITO ""BIBERON APOOL"" - SIN REGISTRO SANITARIO Y DE CONTRABANDO"
https://www.agemed.gob.bo/archivo_farmacovigi/alertas/2026/ALERTA_106_2026.pdf,"Alerta N° 106/2026 - DISPOSITIVO MEDICO ILÍCITO ""BIBERON APPLE BEAR"" - SIN REGISTRO SANITARIO",09-04-2026,Bolivia,AGEMED,,,"Alerta N° 106/2026 - DISPOSITIVO MEDICO ILÍCITO ""BIBERON APPLE BEAR"" - SIN REGISTRO SANITARIO"
https://www.agemed.gob.bo/archivo_farmacovigi/alertas/2026/ALERTA_105_2026.pdf,"Alerta N° 105/2026 - PRODUCTO ILÍCITO ""JABÓN DE TOCADOR ROSA VENUS (ROSA)"" - SIN NOTIFICACION SANITARIA OBLIGATORIA (NSO)",09-04-2026,Bolivia,AGEMED,,,"Alerta N° 105/2026 - PRODUCTO ILÍCITO ""JABÓN DE TOCADOR ROSA VENUS (ROSA)"" - SIN NOTIFICACION SANITARIA OBLIGATORIA (NSO)"
https://www.agemed.gob.bo/archivo_farmacovigi/alertas/2026/ALERTA_104_2026.pdf,"Alerta N° 104/2026 - PRODUCTO ILÍCITO ""JABÓN DE TOCADOR ROSA VENUS (BLANCO)"" - SIN NOTIFICACION SANITARIA OBLIGATORIA (NSO)",09-04-2026,Bolivia,AGEMED,,,"Alerta N° 104/2026 - PRODUCTO ILÍCITO ""JABÓN DE TOCADOR ROSA VENUS (BLANCO)"" - SIN NOTIFICACION SANITARIA OBLIGATORIA (NSO)"
https://www.agemed.gob.bo/archivo_farmacovigi/alertas/2026/ALERTA_103_2026.pdf,"Alerta N° 103/2026 - PRODUCTO ILÍCITO ""ROHAMA JABÓN DE ARROZ"" - SIN NOTIFICACION SANITARIA OBLIGATORIA (NSO)",09-04-2026,Bolivia,AGEMED,,,"Alerta N° 103/2026 - PRODUCTO ILÍCITO ""ROHAMA JABÓN DE ARROZ"" - SIN NOTIFICACION SANITARIA OBLIGATORIA (NSO)"
https://www.agemed.gob.bo/archivo_farmacovigi/alertas/2026/ALERTA_102_2026.pdf,"Alerta N° 102/2026 - PRODUCTO ILÍCITO ""GLITTERY PRINCESS (EAU DE PARFUM)"" - SIN NOTIFICACION SANITARIA OBLIGATORIA (NSO)",09-04-2026,Bolivia,AGEMED,,,"Alerta N° 102/2026 - PRODUCTO ILÍCITO ""GLITTERY PRINCESS (EAU DE PARFUM)"" - SIN NOTIFICACION SANITARIA OBLIGATORIA (NSO)"
https://www.agemed.gob.bo/archivo_farmacovigi/alertas/2026/ALERTA_101_2026.pdf,"Alerta N° 101/2026 - PRODUCTO ILÍCITO ""SCENERY POUR HOMME (EAU DE TOILETTE)"" - SIN NOTIFICACION SANITARIA OBLIGATORIA (NSO)",09-04-2026,Bolivia,AGEMED,,,"Alerta N° 101/2026 - PRODUCTO ILÍCITO ""SCENERY POUR HOMME (EAU DE TOILETTE)"" - SIN NOTIFICACION SANITARIA OBLIGATORIA (NSO)"
https://www.agemed.gob.bo/archivo_farmacovigi/alertas/2026/ALERTA_100_2026.pdf,"Alerta N° 100/2026 - PRODUCTO ILÍCITO ""LA BELLA VIVA POUR FEMME (VOILET)"" - SIN NOTIFICACION SANITARIA OBLIGATORIA (NSO)",09-04-2026,Bolivia,AGEMED,,,"Alerta N° 100/2026 - PRODUCTO ILÍCITO ""LA BELLA VIVA POUR FEMME (VOILET)"" - SIN NOTIFICACION SANITARIA OBLIGATORIA (NSO)"
https://www.agemed.gob.bo/archivo_farmacovigi/alertas/2026/ALERTA_099_2026.pdf,"Alerta N° 099/2026 - PRODUCTO ILÍCITO ""LA BELLA VIVA POUR FEMME"" - SIN NOTIFICACION SANITARIA OBLIGATORIA (NSO)",09-04-2026,Bolivia,AGEMED,,,"Alerta N° 099/2026 - PRODUCTO ILÍCITO ""LA BELLA VIVA POUR FEMME"" - SIN NOTIFICACION SANITARIA OBLIGATORIA (NSO)"
https://www.agemed.gob.bo/archivo_farmacovigi/alertas/2026/ALERTA_098_2026.pdf,"Alerta N° 098/2026 - PRODUCTO ILÍCITO ""FAVOUR ROMCOM"" - SIN NOTIFICACION SANITARIA OBLIGATORIA (NSO)",09-04-2026,Bolivia,AGEMED,,,"Alerta N° 098/2026 - PRODUCTO ILÍCITO ""FAVOUR ROMCOM"" - SIN NOTIFICACION SANITARIA OBLIGATORIA (NSO)"
https://www.agemed.gob.bo/archivo_farmacovigi/alertas/2026/ALERTA_097_2026.pdf,"Alerta N° 097/2026 - PRODUCTO ILÍCITO ""INTO INFINITY FOR MEN"" - SIN NOTIFICACION SANITARIA OBLIGATORIA (NSO)",09-04-2026,Bolivia,AGEMED,,,"Alerta N° 097/2026 - PRODUCTO ILÍCITO ""INTO INFINITY FOR MEN"" - SIN NOTIFICACION SANITARIA OBLIGATORIA (NSO)"
https://www.agemed.gob.bo/archivo_farmacovigi/alertas/2026/ALERTA_096_2026.pdf,"Alerta N° 096/2026 - PRODUCTO ILÍCITO ""SATURDAY NIGHT (EAU DE TOILETTE)"" - SIN NOTIFICACION SANITARIA OBLIGATORIA (NSO)",09-04-2026,Bolivia,AGEMED,,,"Alerta N° 096/2026 - PRODUCTO ILÍCITO ""SATURDAY NIGHT (EAU DE TOILETTE)"" - SIN NOTIFICACION SANITARIA OBLIGATORIA (NSO)"
https://www.agemed.gob.bo/archivo_farmacovigi/alertas/2026/ALERTA_095_2026.pdf,"Alerta N° 095/2026 - PRODUCTO ILÍCITO ""ROYAL SWEETY V.V. LOVE (NATURAL SPRAY)"" - SIN NOTIFICACION SANITARIA OBLIGATORIA (NSO)",09-04-2026,Bolivia,AGEMED,,,"Alerta N° 095/2026 - PRODUCTO ILÍCITO ""ROYAL SWEETY V.V. LOVE (NATURAL SPRAY)"" - SIN NOTIFICACION SANITARIA OBLIGATORIA (NSO)"
https://www.agemed.gob.bo/archivo_farmacovigi/alertas/2026/ALERTA_094_2026.pdf,"Alerta N° 094/2026 - PRODUCTO ILÍCITO ""HOMME VIRIL (EAU DE TOILETTE)"" - SIN NOTIFICACION SANITARIA OBLIGATORIA (NSO)",09-04-2026,Bolivia,AGEMED,,,"Alerta N° 094/2026 - PRODUCTO ILÍCITO ""HOMME VIRIL (EAU DE TOILETTE)"" - SIN NOTIFICACION SANITARIA OBLIGATORIA (NSO)"
https://www.agemed.gob.bo/archivo_farmacovigi/alertas/2026/ALERTA_093_2026.pdf,"Alerta N° 093/2026 - PRODUCTO ILÍCITO ""MEN TRILLION (EAU DE TOILETTE)"" - SIN NOTIFICACION SANITARIA OBLIGATORIA (NSO)",09-04-2026,Bolivia,AGEMED,,,"Alerta N° 093/2026 - PRODUCTO ILÍCITO ""MEN TRILLION (EAU DE TOILETTE)"" - SIN NOTIFICACION SANITARIA OBLIGATORIA (NSO)"
https://www.agemed.gob.bo/archivo_farmacovigi/alertas/2026/ALERTA_092_2026.pdf,"Alerta N° 092/2026 - PRODUCTO ILÍCITO ""PINK CUTIE (EAU DE PARFUM)"" - SIN NOTIFICACION SANITARIA OBLIGATORIA (NSO)",09-04-2026,Bolivia,AGEMED,,,"Alerta N° 092/2026 - PRODUCTO ILÍCITO ""PINK CUTIE (EAU DE PARFUM)"" - SIN NOTIFICACION SANITARIA OBLIGATORIA (NSO)"
https://www.agemed.gob.bo/archivo_farmacovigi/alertas/2026/ALERTA_091_2026.pdf,"Alerta N° 091/2026 - PRODUCTO ILÍCITO ""PARTY DREM PINK NON STOP POUR FEMME"" - SIN NOTIFICACION SANITARIA OBLIGATORIA (NSO)",09-04-2026,Bolivia,AGEMED,,,"Alerta N° 091/2026 - PRODUCTO ILÍCITO ""PARTY DREM PINK NON STOP POUR FEMME"" - SIN NOTIFICACION SANITARIA OBLIGATORIA (NSO)"
https://www.agemed.gob.bo/archivo_farmacovigi/alertas/2026/ALERTA_090_2026.pdf,"Alerta N° 090/2026 - MEDICAMENTO ILÍCITO ""NAN COMFOR"" - SIN REGISTRO SANITARIO Y DE CONTRABANDO",09-04-2026,Bolivia,AGEMED,,,"Alerta N° 090/2026 - MEDICAMENTO ILÍCITO ""NAN COMFOR"" - SIN REGISTRO SANITARIO Y DE CONTRABANDO"
https://www.agemed.gob.bo/archivo_farmacovigi/alertas/2026/ALERTA_089_2026.pdf,"Alerta N° 089/2026 - MEDICAMENTO ILÍCITO ""NAN SUPREME PRO"" - SIN REGISTRO SANITARIO Y DE CONTRABANDO",09-04-2026,Bolivia,AGEMED,,,"Alerta N° 089/2026 - MEDICAMENTO ILÍCITO ""NAN SUPREME PRO"" - SIN REGISTRO SANITARIO Y DE CONTRABANDO"
https://app.invima.gov.co/alertas/ckfinder/userfiles/files/ALERTAS%20SANITARIAS/Alimentos_Bebidas/2026/Abril/Alerta%20No_%20%2389-2026%20-%20QUESOS%20FRESCOS%20TIPO%20CAMPESINO%20GRASO%20SEMIBLANDO%20HUMEDAD%2065%25%20GRASO%2045%25%20TIPO%20DOBLE%20CREMA%20RICO%20EN%20GRASA%20SEMIBLANDO%20HUMEDAD%2065%25%20GRASO%2060%25%2C%20TIPO%20CUAJADA%20SEMIMAGRO%20BLANDO%20HUMEDAD%2080%25%20GRASO%205%20VF.pdf,"Alerta sobre: QUESOS FRESCOS CON REGISTROS SANITARIOS VENCIDOS RSAV02I21205, RSAV02I33812 y RSA-006617-2018",15-04-2026,Colombia,INVIMA,,,"Invima alerta sobre la comercialización fraudulenta de quesos frescos ""Lácteos Los Ñatos"", ""Lácteos Reyes, Prolácteos del Puerto"" y ""Don Juan - El Tebol"", debido a que sus registros sanitarios están vencidos, incumpliendo la normativa vigente."
https://www.ministeriodesalud.go.cr/index.php/biblioteca-de-archivos-left/documentos-ministerio-de-salud/alertas-sanitarias/alertas-farmacovigilancia/advertencias-farmacovigilancia-2026/10238-comunicado-ms-drpirs-1006-2026-sobre-actualizacion-de-monografia-e-inserto-por-informacion-de-seguridad-comunicada-en-la-nota-informativa-01-26-del-centro-nacional-de-farmacovigilancia/file,"Comunicado ms-drpirs-1006-2026, sobre actualización de monografía e inserto por información de seguridad comunicada en la nota informativa 01-26 del centro nacional de farmacovigilancia",16-04-2026 15:20,Costa Rica,MinSalud,,,"El Centro Nacional de Farmacovigilancia solicita actualizar la monografía e inserto de medicamentos con antagonistas de receptores de Angiotensina II (ARA II) como Losartán y Valsartán, debido a nueva información de seguridad sobre el riesgo de angioedema intestinal."
https://app.invima.gov.co/alertas/ckfinder/userfiles/files/ALERTAS%20SANITARIAS/medicamentos_pbiologicos/2026/ABRIL/Alerta%20No%2377-2026%20-%20PRODUCTO%20FRAUDULENTO%20(FALSIFICADO)%20TRAZIDEX%20OFTENO%205mL%20.pdf,Alerta Sanitaria sobre: PRODUCTO FRAUDULENTO (FALSIFICADO) TRAZIDEX OFTENO 5mL,16-04-2026,Colombia,INVIMA,,,"El Invima alerta sobre el producto TRAZIDEX OFTENO 5mL, que está siendo falsificado. La causa es que el producto fraudulento presenta diferencias en el frasco, tapa y etiqueta respecto al original, no ofreciendo garantías de calidad, seguridad ni eficacia."
http://antigo.anvisa.gov.br/informacoes-tecnicas13?p_p_id=101_INSTANCE_R6VaZWsQDDzS&p_p_col_id=column-1&p_p_col_count=1&_101_INSTANCE_R6VaZWsQDDzS_groupId=33868&_101_INSTANCE_R6VaZWsQDDzS_urlTitle=alerta-5204-tecnovigilancia-comunicado-da-empresa-e-tamussino-cia-ltda-cateter-para-angiografia-cook-&_101_INSTANCE_R6VaZWsQDDzS_struts_action=%2Fasset_publisher%2Fview_content&_101_INSTANCE_R6VaZWsQDDzS_assetEntryId=7250573&_101_INSTANCE_R6VaZWsQDDzS_type=content,Alerta 5204 (Tecnovigilância) - Comunicado da empresa E. Tamussino & Cia Ltda - Cateter para Angiografia Cook.,17-04-2026 07:23,Brasil,ANVISA,,,"La alerta de Tecnovigilancia 5204 se emite por un retiro voluntario del Catéter para Angiografía Cook (modelo N5.0-35-100-P-10S-PIG-CSC-20) debido a un riesgo de trincas/rupturas en las bandas marcadoras, lo que podría causar fragmentación del dispositivo y lesiones."
https://www.argentina.gob.ar/noticias/anmat-prohibe-la-comercializacion-de-productos-cosmeticos-infantiles-de-distintas-marcas,ANMAT prohíbe la comercialización de productos cosméticos infantiles de distintas marcas,17-04-2026 08:18,Argentina,ANMAT,,,ANMAT prohíbe la comercialización de productos cosméticos infantiles de distintas marcas debido a la detección de venta de estos productos sin inscripción sanitaria.
https://www.ispch.gob.cl/wp-content/uploads/2026/04/Alerta-N°-12-26.pdf,ALERTA DE RETIRO DEL MERCADO N° 13/26 DEL PRODUCTO FARMACÉUTICO OMNIPAQUE SOLUCIÓN INYECTABLE 350 MG IODO/ML IMPORTADO POR GE HEALTHCARE INTERNATIONAL LLC AGENCIA EN CHILE,17-04-2026 19:47:03,Chile,ISPCH,,,"El ISPCH retiró del mercado el Propofol Emulsión Inyectable 200 mg/20 mL (serie N022E25) de NEOETHICALS CHILE SPA, debido a la presencia de un objeto extraño dentro de un frasco ampolla sellado."
https://www.ispch.gob.cl/wp-content/uploads/2026/04/Alerta-N°-13-26.pdf,ALERTA DE RETIRO DEL MERCADO N° 13/26 DEL PRODUCTO FARMACÉUTICO OMNIPAQUE SOLUCIÓN INYECTABLE 350 MG IODO/ML IMPORTADO POR GE HEALTHCARE INTERNATIONAL LLC AGENCIA EN CHILE,17-04-2026 19:47:03,Chile,ISPCH,,,Se retira voluntariamente del mercado OMNIPAQUE SOLUCIÓN INYECTABLE 350 MG IODO/ML debido a la posible presencia de material particulado y partículas adheridas/incrustadas en la pared de los envases.
https://www.digemid.minsa.gob.pe/webDigemid/alertas-modificaciones/2026/alerta-digemid-no-47-2026/,ALERTA DIGEMID Nº 47-2026 - PRODUCTOS FARMACÉUTICOS FALSIFICADOS INCAUTADOS EN ACCIONES DE CONTROL Y VIGILANCIA SANITARIA. Productos: HEPABIONTA,20-04-2026 22:06:44,Perú,DIGEMID,,https://www.digemid.minsa.gob.pe/Archivos/Alertas/2026/ALERTA_47-26.pdf,"La alerta de DIGEMID se debe a la incautación de productos farmacéuticos falsificados, incluyendo ""HEPABIONTA FORTE"", ""HEPABIONTA solución inyectable"" y ""PLIDAN COMPUESTO"", que representaban un riesgo para la salud pública."
https://www.digemid.minsa.gob.pe/webDigemid/alertas-modificaciones/2026/alerta-digemid-no-46-2026/,ALERTA DIGEMID Nº 46-2026 - RETIRO DEL MERCADO DE UN LOTE DE PRODUCTO FARMACÉUTICO OBSERVADO POR RESULTADO CRÍTICO DE CONTROL DE CALIDAD. Productos: AZAGLOB 50 mg,20-04-2026 22:05:59,Perú,DIGEMID,,https://www.digemid.minsa.gob.pe/Archivos/Alertas/2026/ALERTA_46-26.pdf,"La alerta de DIGEMID se debe al retiro del mercado del lote 25GT0891 del producto AZAGLOB 50 mg (Azatioprina) Tableta, por un resultado crítico de control de calidad: no conforme en el ensayo de Contenido de Azatioprina."
https://www.digemid.minsa.gob.pe/webDigemid/alertas-modificaciones/2026/alerta-digemid-no-45-2026/,ALERTA DIGEMID Nº 45-2026 - PRODUCTO FARMACÉUTICO FALSIFICADO INCAUTADO EN ACCIONES DE CONTROL Y VIGILANCIA SANITARIA. Productos: DIOXAFLEX CB PLUS * (Diclofenaco Sódico),20-04-2026 22:04:58,Perú,DIGEMID,,https://www.digemid.minsa.gob.pe/Archivos/Alertas/2026/ALERTA_45-26.pdf,"La alerta DIGEMID Nº 045 - 2026 se emite por la incautación del producto farmacéutico falsificado DIOXAFLEX CB PLUS (Diclofenaco Sódico + Pridinol Mesilato) en Moquegua, Perú. El motivo principal es la falsificación del medicamento."
https://www.digemid.minsa.gob.pe/webDigemid/alertas-modificaciones/2026/alerta-digemid-no-44-2026/,ALERTA DIGEMID Nº 44-2026 - PRODUCTO FARMACÉUTICO FALSIFICADO INCAUTADO EN ACCIONES DE CONTROL Y VIGILANCIA SANITARIA. Productos: Megacilina Oral,20-04-2026 22:02:56,Perú,DIGEMID,,https://www.digemid.minsa.gob.pe/Archivos/Alertas/2026/ALERTA_44-26.pdf,"La alerta de DIGEMID se debe a la incautación del producto farmacéutico falsificado ""Megacilina Oral caja x 120 comprimidos"" en un establecimiento, cuyo lote y fecha de vencimiento no corresponden a los fabricados por el titular del registro sanitario."
https://www.digemid.minsa.gob.pe/webDigemid/alertas-modificaciones/2026/modificaciones-n-08-2026/,MODIFICACIONES N° 08 – 2026 - Informe sobre seguridad de los productos farmacéuticos que contienen Caspofungina,21-04-2026 14:33:18,Perú,DIGEMID,,https://www.digemid.minsa.gob.pe/Archivos/Modificaciones/2026/M08-26_Caspofungina.pdf,"La alerta sobre Caspofungina se debe a que, en pacientes bajo tratamiento sustitutivo renal continuo con membranas de poliacrilonitrilo (PAN), el medicamento es adsorbido masiva y rápidamente por la membrana. Esto reduce drásticamente su eficacia terapéutica, pudiendo causar fracaso del tratamiento y empeoramiento de la infección."
https://app.invima.gov.co/alertas/ckfinder/userfiles/files/ALERTAS%20SANITARIAS/medicamentos_pbiologicos/2026/ABRIL/Alerta%20No_%2095-2026%20-%20TIRZEPATIDA%20INYECTABLE%2020mg_mL.pdf,Alerta sanitaria sobre: TIRZEPATIDA INYECTABLE 20mg/2mL,21-04-2026,Colombia,INVIMA,,,"El Invima alerta sobre la comercialización ilegal y fraudulenta de Tirzepatida Inyectable 20mg/2mL para uso estético en redes sociales. El producto carece de registro sanitario, no garantiza calidad ni seguridad, y su uso inadecuado representa un riesgo para la salud."
https://app.invima.gov.co/alertas/ckfinder/userfiles/files/ALERTAS%20SANITARIAS/medicamentos_pbiologicos/2026/ABRIL/Alerta%20No_%2094-2026%20-%20COLLAGEN%20PEPTIDES%20TOPLUX%20NUTRITION.pdf,Alerta sanitaria sobre: COLLAGEN PEPTIDES TOPLUX NUTRITION,21-04-2026,Colombia,INVIMA,,,"El Invima alerta sobre la comercialización ilegal del producto COLLAGEN PEPTIDES TOPLUX NUTRITION. El motivo principal es que no cuenta con registro sanitario, considerándose fraudulento, y no ha sido evaluado en calidad, seguridad o eficacia, representando un riesgo para el consumidor."
https://www.ispch.gob.cl/wp-content/uploads/2026/04/Alerta-N°-15-26.pdf,ALERTA DE RETIRO DEL MERCADO N° 15/26 DEL PRODUCTO FARMACÉUTICO LEMEXIN JARABE 250 mg/5mL FABRICADO POR INSTITUTO SANITAS S.A./CHILE,21-04-2026 23:48:27,Chile,ISPCH,,,"Se retira voluntariamente del mercado el jarabe antiepiléptico LEMEXIN 250 mg/5mL (Ácido Valproico) debido a la cristalización de sacarosa, un excipiente de la fórmula, detectada en un frasco sellado."
https://www.ispch.gob.cl/wp-content/uploads/2026/04/Alerta-N°-14-26.pdf,ALERTA DE RETIRO DEL MERCADO N° 14/26 DEL PRODUCTO FARMACÉUTICO OMNIPAQUE SOLUCIÓN INYECTABLE 350 MG IODO/ML DE GE HEALTHCARE INTERNATIONAL LLC AGENCIA EN CHILE,21-04-2026 23:47:34,Chile,ISPCH,,,Alerta de retiro para CEFAZOLINA POLVO PARA SOLUCIÓN INYECTABLE 1 g (serie 243052060) debido a que no cumple con las especificaciones aprobadas en el ensayo de tiempo de reconstitución.
http://antigo.anvisa.gov.br/informacoes-tecnicas13?p_p_id=101_INSTANCE_R6VaZWsQDDzS&p_p_col_id=column-1&p_p_col_count=1&_101_INSTANCE_R6VaZWsQDDzS_groupId=33868&_101_INSTANCE_R6VaZWsQDDzS_urlTitle=alerta-5205-tecnovigilancia-comunicado-da-empresa-medstar-importacao-e-exportacao-ltda-monitoramento-materno-e-fetal-80047300573-monitor-de-pacientes-&_101_INSTANCE_R6VaZWsQDDzS_struts_action=%2Fasset_publisher%2Fview_content&_101_INSTANCE_R6VaZWsQDDzS_assetEntryId=7253652&_101_INSTANCE_R6VaZWsQDDzS_type=content,Alerta 5205 (Tecnovigilância) - Comunicado da empresa Medstar Importação e Exportação Ltda - Monitoramento Materno e Fetal (80047300573); Monitor de Pacientes (80047300616); Monitor de Pacientes (80047300625); Monitor Materno e Fetal (80047300690); Sistema de monitoramento central (80047300806); Monitor de Paciente Série iX10/iX12/iX15 (80047300855); Sistema de Monitoramento Central MFM-CNS (80047309074).,22-04-2026 11:45,Brasil,ANVISA,,,Alerta 5205 (Tecnovigilância) - Comunicado da empresa Medstar Importação e Exportação Ltda - Monitoramento Materno e Fetal (80047300573); Monitor de Pacientes (80047300616); Monitor de Pacientes (80047300625); Monitor Materno e Fetal (80047300690); Sistema de monitoramento central (80047300806); Monitor de Paciente Série iX10/iX12/iX15 (80047300855); Sistema de Monitoramento Central MFM-CNS (80047309074).
https://app.invima.gov.co/alertas/ckfinder/userfiles/files/ALERTAS%20SANITARIAS/Dispositivos_Medicos/2026/Abril/Alerta%20No_%20%2383-2026%20-%20MUREX%20HBSAG%20V3%20.pdf,Alerta sanitaria sobre: MUREX HBSAG V3,16-04-2026,Colombia,INVIMA,,,"La alerta sanitaria sobre el producto MUREX HBSAG V3 se debe a que lotes específicos generan resultados de control positivo por debajo de los criterios establecidos, invalidando el ensayo. Además, estos kits no cumplen la sensibilidad analítica declarada."
https://app.invima.gov.co/alertas/ckfinder/userfiles/files/ALERTAS%20SANITARIAS/Dispositivos_Medicos/2026/Abril/Alerta%20No_%20%2382-2026%20-%20IMMULITE%201000_2000%20INTACT%20PTH%20.pdf,Alerta sanitaria sobre: IMMULITE 1000/2000 INTACT PTH,21-04-2026,Colombia,INVIMA,,,Alerta sanitaria sobre: IMMULITE 1000/2000 INTACT PTH
https://app.invima.gov.co/alertas/ckfinder/userfiles/files/ALERTAS%20SANITARIAS/Dispositivos_Medicos/2026/Abril/Alerta%20No_%20%2391-2026%20-%203M%20Tegaderm%20Pad%3B%203M%20Tegaderm%20IV%20Advanced%20.pdf,Alerta sanitaria sobre: 3M Tegaderm Pad; 3M Tegaderm IV Advanced,20-04-2026,Colombia,INVIMA,,,Alerta sanitaria sobre: 3M Tegaderm Pad; 3M Tegaderm IV Advanced
https://app.invima.gov.co/alertas/ckfinder/userfiles/files/ALERTAS%20SANITARIAS/Dispositivos_Medicos/2026/Abril/Alerta%20No_%20%2390-2026%20-%20Instrumentos%20quir%C3%BArgicos%20ortop%C3%A9dicos%20.pdf,Alerta sanitaria sobre: Instrumentos quirúrgicos ortopédicos,20-04-2026,Colombia,INVIMA,,,Alerta sanitaria sobre: Instrumentos quirúrgicos ortopédicos
https://app.invima.gov.co/alertas/ckfinder/userfiles/files/ALERTAS%20SANITARIAS/Dispositivos_Medicos/2026/Abril/Alerta%20No_%20%2388-2026%20-%20BioFlo%20Duramax%20with%20Endexo%20Technology%20Chronic%20Hemodialysis%20Catheter%20_%20BioFlo%20Duramax%20con%20cat%C3%A9ter%20de%20hemodi%C3%A1lisis%20cr%C3%B3nica%20tecnolog%C3%ADa%20Endexo%20.pdf,Alerta sanitaria sobre: BioFlo Duramax with Endexo Technology Chronic Hemodialysis Catheter / BioFlo Duramax con catéter de hemodiálisis crónica tecnología Endexo,20-04-2026,Colombia,INVIMA,,,"Alerta sanitaria para el catéter de hemodiálisis BioFlo Duramax con tecnología Endexo, debido a que los introductores de vaina divisible pueden no separarse correctamente por ranurado insuficiente, causando hemorragia, cuerpos extraños o retrasos."
https://app.invima.gov.co/alertas/ckfinder/userfiles/files/ALERTAS%20SANITARIAS/Dispositivos_Medicos/2026/Abril/Alerta%20No_%20%2386-2026%20-%20Tubo%20para%20recolecci%C3%B3n%20al%20vac%C3%ADo%20para%20serolog%C3%ADa%20.pdf,Alerta sanitaria sobre: Tubo para recolección al vacío para serología,16-04-2026,Colombia,INVIMA,,,"Alerta por el ""Tubo para recolección al vacío para serología"" (VACUETTE® 5 ml) debido a un posible riesgo de llenado incorrecto, hemólisis o contaminación, tras quejas de grumos en el gel separador y formación de fibrina."
https://app.invima.gov.co/alertas/ckfinder/userfiles/files/ALERTAS%20SANITARIAS/Dispositivos_Medicos/2026/Abril/Alerta%20No_%20%2385-2026%20-%20Sistema%20de%20transporte%20neonatal%20TI%20500%20Globe%20%E2%80%93%20Trotter%20TM%20Dr%C3%A4ger%20_%20Sistema%20de%20transporte%20neonatal%20.pdf,Alerta sanitaria sobre: Sistema de transporte neonatal TI 500 Globe – Trotter TM Dräger / Sistema de transporte neonatal,16-04-2026,Colombia,INVIMA,,,Alerta sanitaria sobre: Sistema de transporte neonatal TI 500 Globe – Trotter TM Dräger / Sistema de transporte neonatal
https://app.invima.gov.co/alertas/ckfinder/userfiles/files/ALERTAS%20SANITARIAS/Dispositivos_Medicos/2026/Abril/Alerta%20No_%20%2384-2026%20-%20Bomba%20de%20insulina%20y%20sistema%20de%20monitorizaci%C3%B3n%20continua%20de%20glucosa%20en%20tiempo%20real%20Guardian%2C%20Paradigm%20y%20MiniMed%20Silhouette%2C%20MiniLink%20Medtronic%20.pdf,"Alerta sanitaria sobre: Bomba de insulina y sistema de monitorización continua de glucosa en tiempo real Guardian, Paradigm y MiniMed Silhouette, MiniLink Medtronic",16-04-2026,Colombia,INVIMA,,,"Alerta sanitaria sobre: Bomba de insulina y sistema de monitorización continua de glucosa en tiempo real Guardian, Paradigm y MiniMed Silhouette, MiniLink Medtronic"
http://antigo.anvisa.gov.br/informacoes-tecnicas13?p_p_id=101_INSTANCE_R6VaZWsQDDzS&p_p_col_id=column-1&p_p_col_count=1&_101_INSTANCE_R6VaZWsQDDzS_groupId=33868&_101_INSTANCE_R6VaZWsQDDzS_urlTitle=alerta-5206-tecnovigilancia-comunicado-da-empresa-passrod-importacao-e-exportacao-de-produtos-para-saude-ltda-sistema-de-mamografia-digital-e-sistema-&_101_INSTANCE_R6VaZWsQDDzS_struts_action=%2Fasset_publisher%2Fview_content&_101_INSTANCE_R6VaZWsQDDzS_assetEntryId=7253774&_101_INSTANCE_R6VaZWsQDDzS_type=content,Alerta 5206 (Tecnovigilância) - Comunicado da empresa Passrod Importação e Exportação de Produtos para Saúde Ltda - Sistema de mamografia digital e Sistema de tomossíntese digital.,22-04-2026 15:53,Brasil,ANVISA,,,Alerta 5206 (Tecnovigilância) - Comunicado da empresa Passrod Importação e Exportação de Produtos para Saúde Ltda - Sistema de mamografia digital e Sistema de tomossíntese digital.
https://app.invima.gov.co/alertas/ckfinder/userfiles/files/ALERTAS%20SANITARIAS/Dispositivos_Medicos/2026/Abril/Alerta%20No_%20%2398-2026%C2%A0%20-%20Insuflaci%C3%B3n%20para%20laparoscopia%20Olympus%20.pdf,Alerta sanitaria sobre: Insuflación para laparoscopia Olympus,21-04-2026,Colombia,INVIMA,,,"Alerta por insuflación para laparoscopia Olympus (modelos UHI, UHI-2, UHI-3, UHI-E). Un defecto en el algoritmo de software puede causar sobrepresión abdominal excesiva sin alarma, motivando el retiro del mercado."
https://app.invima.gov.co/alertas/ckfinder/userfiles/files/ALERTAS%20SANITARIAS/Dispositivos_Medicos/2026/Abril/Alerta%20No_%20%2393-2026%20-%20Avitene%20Ultrafoam%20Collagen%20Sponge%20_%20AVITENE%E2%84%A2%3B%20ULTRAFOAM%E2%84%A2%20.pdf,Alerta sanitaria sobre: Avitene Ultrafoam Collagen Sponge / AVITENE™; ULTRAFOAM™,21-04-2026,Colombia,INVIMA,,,"Alerta por el producto Avitene Ultrafoam Collagen Sponge (lote WBJS0055) debido a la posible presencia de material extraño dentro del envase estéril, introducido durante la fabricación. El fabricante propone el retiro del mercado del lote involucrado."
https://app.invima.gov.co/alertas/ckfinder/userfiles/files/ALERTAS%20SANITARIAS/Dispositivos_Medicos/2026/Abril/Alerta%20No_%20%2392-2026%20-%20Lentes%20de%20contacto%20blandos%20%E2%80%93%20stenfilcon%20A%20.pdf,Alerta sanitaria sobre: Lentes de contacto blandos – stenfilcon A,21-04-2026,Colombia,INVIMA,,,"CooperVision Inc. retiró voluntariamente lentes de contacto blandos MyDay Toric debido a un error de impresión local en los parámetros de graduación (UDI) en la caja de venta, causado por un dato incorrecto en el sistema UDI-GEN en Taiwán."
https://app.invima.gov.co/alertas/ckfinder/userfiles/files/ALERTAS%20SANITARIAS/medicamentos_pbiologicos/2026/ABRIL/Alerta%20No_%20%2396-2026%20-%20PRODU%20FRAU%20DIPROSPAN%20INYECTABLE%20SUSPENSI%C3%93N%201%20ampolla%20X%202mL%20Lote%20C130548.pdf,Alerta Sanitaria sobre:PRODUCTO FRAUDULENTO ( FALSIFICADO) DIPROSPAN INYECTABLE SUSPENSIÓN 1 ampolla X 2mL Lote C130548,23-04-2026,Colombia,INVIMA,,,"Alerta por la comercialización de DIPROSPAN INYECTABLE SUSPENSIÓN (Lote C130548), un producto falsificado que no corresponde al original, difiere en presentación y empaque, y representa un riesgo para la salud."
https://www.ispch.gob.cl/wp-content/uploads/2026/04/1.-Alerta-N°247-26-Publicacion.pdf,"Kits y sets de catéteres para hemodiálisis Arrow que contienen el introductor de vaina separable de 16F con doble válvula fabricados por Merit Medical Systems, Inc.",23-04-2026 17:40:58,Chile,ISPCH,,,"Kits y sets de catéteres para hemodiálisis Arrow que contienen el introductor de vaina separable de 16F con doble válvula fabricados por Merit Medical Systems, Inc."
https://www.ispch.gob.cl/wp-content/uploads/2026/04/1.-Alerta-N°198-26-Publicacion.pdf,Destornillador poliaxial (gama VEOS/KAPHORN),23-04-2026 17:40:02,Chile,ISPCH,,,"Se emite una alerta de retiro del mercado para el ""Destornillador poliaxial (gama VOS/KAPHORNE)"", instrumental para cirugía, debido a un defecto de dimensión no conforme. Esto podría dificultar su acoplamiento al tornillo, prolongando o reprogramando la intervención quirúrgica."
https://www.ispch.gob.cl/wp-content/uploads/2026/04/1.-Alerta-N°168-26-Publicacion.pdf,Dispositivo de colocación de clips endoscópicos Instinct Plus,23-04-2026 17:38:25,Chile,ISPCH,,,"El Instituto de Salud Pública de Chile emite una alerta de retiro del mercado para el dispositivo médico ""Dispositivo de colocación de clips endoscópicos Instinct Plus"" de Cook Endoscopy. El motivo es un defecto que puede causar la desconexión del alojamiento del clip del catéter, impidiendo su apertura y generando riesgos para el paciente."
https://www.argentina.gob.ar/noticias/anmat-inhibe-las-actividades-productivas-de-la-firma-tecsolpar-sa-para-la-elaboracion-de,ANMAT inhibe las actividades productivas de la firma TECSOLPAR S.A. para la elaboración de parenterales de pequeño volumen,24-04-2026 08:40,Argentina,ANMAT,,,"ANMAT inhibe preventivamente las actividades productivas de TECSOLPAR S.A. para parenterales de pequeño volumen. El motivo principal es una medida preventiva, sin especificar un defecto o riesgo concreto."
https://www.argentina.gob.ar/noticias/anmat-prohibe-lotes-especificos-de-distintos-productos-medicos-de-las-marcas-stryker-y-jeil,ANMAT prohíbe lotes específicos de distintos productos médicos de las marcas STRYKER y JEIL MEDICAL CORPORATION,24-04-2026 09:07,Argentina,ANMAT,,,ANMAT prohíbe lotes de productos médicos STRYKER y JEIL MEDICAL CORPORATION. La causa es que son unidades falsificadas o no ingresaron al país por el titular de registro autorizado.
https://www.argentina.gob.ar/noticias/anmat-prohibe-el-producto-emulsion-limpiadora-base-de-oleo-calcareo-marca-promarc-fresh-0,"ANMAT prohíbe el producto Emulsión limpiadora a base de óleo calcáreo, marca PROMARC, FRESH CLUB",24-04-2026 08:50,Argentina,ANMAT,,,"ANMAT prohíbe la Emulsión limpiadora PROMARC, FRESH CLUB, por un conservante no autorizado en los lotes L438, L552 y L162, tras un reporte de efecto adverso en una lactante."
https://www.digemid.minsa.gob.pe/webDigemid/alertas-modificaciones/2026/alerta-digemid-no-48-2026/,ALERTA DIGEMID Nº 48-2026 - RETIRO DEL MERCADO DE UN LOTE DE PRODUCTO FARMACEUTICO OBSERVADO POR RESULTADO CRÍTICO DE CONTROL DE CALIDAD. Productos: NITROPRUCHYK – Nitroprusiato de sodio,24-04-2026 18:08:09,Perú,DIGEMID,,https://www.digemid.minsa.gob.pe/Archivos/Alertas/2026/ALERTA_48-26.pdf,"La alerta Digemid Nº 048-2026 informa el retiro del mercado del producto farmacéutico NITROPRUCHYK 50 mg (Nitroprusiato de sodio), lote 2124391A, debido a un resultado crítico de control de calidad: no conforme para el ensayo de partículas visibles."
https://www.ispch.gob.cl/wp-content/uploads/2026/04/Alerta-N°-16-26.pdf,"ALERTA DE RETIRO DEL MERCADO N° 16/26 DEL PRODUCTO FARMACÉUTICO TAZOCILINA POLVO PARA SOLUCIÓN INYECTABLE 4,5 g DE INDOPHARMA S.A.",24-04-2026 19:31:36,Chile,ISPCH,,,"ALERTA DE RETIRO DEL MERCADO N° 16/26 DEL PRODUCTO FARMACÉUTICO TAZOCILINA POLVO PARA SOLUCIÓN INYECTABLE 4,5 g DE INDOPHARMA S.A."
https://app.invima.gov.co/alertas/ckfinder/userfiles/files/ALERTAS%20SANITARIAS/medicamentos_pbiologicos/2026/ABRIL/Alerta%20No_%20100-2026%20-%20NUTRIGEN%20F%C3%93RMULA%20CAPILAR%20JARABE.pdf,Alerta sanitaria sobre: NUTRIGEN FÓRMULA CAPILAR JARABE,24-04-2026,Colombia,INVIMA,,,"El Invima alerta sobre la comercialización ilegal del producto NUTRIGEN FÓRMULA CAPILAR JARABE, un tratamiento capilar fraudulento sin registro sanitario. Su uso representa un riesgo para la salud al no haber sido evaluado en calidad, seguridad o eficacia."
https://www.digemid.minsa.gob.pe/webDigemid/alertas-modificaciones/2026/alerta-digemid-no-50-2026/,ALERTA DIGEMID Nº 50-2026 - RETIRO DEL MERCADO DE UN LOTE DE PRODUCTO FARMACÉUTICO OBSERVADO POR RESULTADO CRÍTICO DE CONTROL DE CALIDAD. Productos: DUOCLAMOX,24-04-2026 18:10:15,Perú,DIGEMID,,https://www.digemid.minsa.gob.pe/Archivos/Alertas/2026/ALERTA_50-26.pdf,"La Digemid alerta el retiro del mercado del lote Z23-969 de DUOCLAMOX 500 mg + 125 mg (Amoxicilina + Ácido clavulánico) Tableta Recubierta, debido a un resultado crítico de control de calidad por contenido no conforme de Ácido Clavulánico."
https://www.digemid.minsa.gob.pe/webDigemid/alertas-modificaciones/2026/alerta-digemid-no-49-2026/,ALERTA DIGEMID Nº 49-2026 - PRODUCTO FARMACÉUTICO FALSIFICADO INCAUTADO EN ACCIONES DE CONTROL Y VIGILANCIA SANITARIA. Productos: AZESTAN – octreotida,24-04-2026 18:09:25,Perú,DIGEMID,,https://www.digemid.minsa.gob.pe/Archivos/Alertas/2026/ALERTA_49-26.pdf,"La alerta DIGEMID Nº 049 - 2026 se emite por la incautación de un producto farmacéutico falsificado: AZESTAN (octreotida) 0.2 mg/mL solución inyectable, lote 2021212*, que no fue manufacturado por el titular del registro sanitario."
https://app.invima.gov.co/alertas/ckfinder/userfiles/files/ALERTAS%20SANITARIAS/medicamentos_pbiologicos/2026/ABRIL/Alerta%20No_%20%23103-2026%20-%20BIOALTERNA%20PARTE%203%20DE%203.pdf,Alerta sanitaria sobre: MEDICAMENTOS HOMEOPATICOS OFICINALES DE LA MARCA BIOALTERNA PARTE 3 DE 3,24-04-2026,Colombia,INVIMA,,,"Invima alerta sobre la comercialización ilegal de medicamentos homeopáticos oficinales de la marca BIOALTERNA (Passiflora, Caléndula, Peeling, etc.). El motivo principal es que son productos fraudulentos que incumplen la normativa (Decreto 1737 de 2005) y carecen de registro sanitario, representando un riesgo para la salud."
https://app.invima.gov.co/alertas/ckfinder/userfiles/files/ALERTAS%20SANITARIAS/medicamentos_pbiologicos/2026/ABRIL/Alerta%20No_102-2026%20-%20%20BIOALTERNA%20PARTE%202%20DE%203.pdf,Alerta sanitaria sobre: MEDICAMENTOS HOMEOPATICOS OFICINALES DE LA MARCA BIOALTERNA PARTE 2 DE 3,24-04-2026,Colombia,INVIMA,,,"Invima alerta sobre la comercialización ilegal de medicamentos homeopáticos oficinales de la marca Bioalterna (Drenador Hepático, Escorpión Azul, CBD, etc.). El motivo es que no cumplen la normativa (Decreto 1737 de 2005) y carecen de registro sanitario, considerándose productos fraudulentos y un riesgo para la salud."
https://app.invima.gov.co/alertas/ckfinder/userfiles/files/ALERTAS%20SANITARIAS/medicamentos_pbiologicos/2026/ABRIL/Alerta%20No_101-2026%20-%20MED%20HOMEOPATICOS%20BIOALTERNA%20PARTE%201%20DE%203.pdf,Alerta sanitaria sobre:MEDICAMENTOS HOMEOPATICOS OFICINALES DE LA MARCA BIOALTERNA PARTE 1 DE 3,24-04-2026,Colombia,INVIMA,,,"Invima alerta sobre la comercialización ilegal de medicamentos homeopáticos oficinales de la marca BIOALTERNA (RESVERATROL, QUEMA PLUS, OSCILLOCOCCINUM, GINSENG, entre otros). El motivo es que son productos fraudulentos que no cumplen la normativa, carecen de registro sanitario y presentan irregularidades en rotulado y publicidad."
https://app.invima.gov.co/alertas/ckfinder/userfiles/files/ALERTAS%20SANITARIAS/Dispositivos_Medicos/2026/Abril/Alerta%20No_%20%2399-2026%20-%20Sistema%20de%20control%20de%20instrumentos%20endosc%C3%B3picos%20da%20Vinci%C2%AE%20e%20instrumentos%20endosc%C3%B3picos%20de%20Intuitive%20Surgical%C2%AE%2C%20accesorios%20y%20repuestos%20.pdf,"Alerta sanitaria sobre: Sistema de control de instrumentos endoscópicos da Vinci® e instrumentos endoscópicos de Intuitive Surgical®, accesorios y repuestos",24-04-2026,Colombia,INVIMA,,,"El fabricante Intuitive Surgical retira voluntariamente instrumentos reutilizables da Vinci S y Si (pinza de pequeño gancho y gancho de cauterización permanente) debido a la degradación del cable de inclinación, lo que causa pérdida de función, exposición de cables o riesgo de partículas en el paciente."
https://www.ispch.gob.cl/wp-content/uploads/2026/04/1.-Alerta-N°184-26-Publicacion.pdf,Calibrador Access Total T4,27-04-2026 13:43:44,Chile,ISPCH,,,"Se emite una alerta de retiro del mercado para el calibrador Access Total T4 de Beckman Coulter, debido a la posibilidad de obtener resultados de control de calidad y de pacientes más bajos de lo esperado, lo que podría llevar a un diagnóstico y tratamiento erróneos."
https://www.ispch.gob.cl/wp-content/uploads/2026/04/1.-Alerta-N°166-26-Publicacion.pdf,"SX-ELLA Prótesis Danis (Prótesis Danis), Kit de Implantación Danis – Básico, Kit de Implantación Danis",27-04-2026 13:42:45,Chile,ISPCH,,,"El Instituto de Salud Pública de Chile ordena el retiro del mercado de los dispositivos médicos ""Catéteres de Foley con balón"" (todas las presentaciones y marcas) debido a un defecto de calidad que impide el inflado o desinflado del balón, afectando su funcionalidad y seguridad."
https://app.invima.gov.co/alertas/ckfinder/userfiles/files/ALERTAS%20SANITARIAS/Dispositivos_Medicos/2026/Abril/Alerta%20No_%20%23109-2026%20-%20Target%20Detachable%20Coils%20_%20espiral%20para%20embolizaci%C3%B3n%20endovascular%20intracraneal%20.pdf,Alerta sanitaria sobre: Target Detachable Coils / espiral para embolización endovascular intracraneal,27-04-2026,Colombia,INVIMA,,,"Alerta por retirada voluntaria de los ""Target Detachable Coils"" (espirales para embolización endovascular intracraneal) debido a un consumo prematuro de batería en el sistema de desprendimiento InZone, que puede comprometer su desempeño operativo y el desacoplamiento de la bobina."
https://app.invima.gov.co/alertas/ckfinder/userfiles/files/ALERTAS%20SANITARIAS/Dispositivos_Medicos/2026/Abril/Alerta%20No_%20%23108-2026%20-%20BD%20Vacutainer%C2%AE%20PrecisionGlide%E2%84%A2%20Multiple%20Sample%20Needle%20.pdf,Alerta sanitaria sobre: BD Vacutainer® PrecisionGlide™ Multiple Sample Needle,27-04-2026,Colombia,INVIMA,,,"Alerta sanitaria por el producto BD Vacutainer® PrecisionGlide™ Multiple Sample Needle (lote 5212927). El motivo es un error de etiquetado: el envase indica incorrectamente 21G, cuando el producto real es una aguja de 18G, aumentando el riesgo de dolor."
https://app.invima.gov.co/alertas/ckfinder/userfiles/files/ALERTAS%20SANITARIAS/Dispositivos_Medicos/2026/Abril/Alerta%20No_%20%23107-2026%20-%20V%C3%A1lvula%20de%20biopsia%20de%20un%20solo%20uso%20.pdf,Alerta sanitaria sobre: Válvula de biopsia de un solo uso,27-04-2026,Colombia,INVIMA,,,"Alerta por la Válvula de biopsia de un solo uso (MAJ-210, MAJ-1218) de Olympus, debido a un aumento de reclamaciones por desprendimiento de fragmentos de goma en la ranura de las válvulas."
https://app.invima.gov.co/alertas/ckfinder/userfiles/files/ALERTAS%20SANITARIAS/Dispositivos_Medicos/2026/Abril/Alerta%20No_%20%23106-2026%20-%20Clarity%20II%20(l%C3%A1ser%20de%20alejandrita%20%2B%20Nd_YAG%20de%20pulso%20largo)%20%E2%80%93%20plataforma%20l%C3%A1ser%20de%20doble%20longitud%20de%20onda%20.pdf,Alerta sanitaria sobre: Clarity II (láser de alejandrita + Nd:YAG de pulso largo) – plataforma láser de doble longitud de onda,24-04-2026,Colombia,INVIMA,,,"Alerta sobre el láser Clarity II (alejandrita + Nd:YAG) debido a un riesgo de quemaduras superficiales. La causa es la configuración no optimizada del criógeno (valor Delay superior a Pre) durante tratamientos con altas fluencias, provocando chispas o ruidos fuertes."
https://app.invima.gov.co/alertas/ckfinder/userfiles/files/ALERTAS%20SANITARIAS/Dispositivos_Medicos/2026/Abril/Alerta%20No_%20%23105-2026%20-%20CUSA%20Clarity%20Ultrasonic%20Surgical%20Aspirator%20System%20-%20Sistema%20aspirador%20quir%C3%BArgico%20ultras%C3%B3nico%20CUSA%20Clarity%20.pdf,Alerta sanitaria sobre: USA Clarity Ultrasonic Surgical Aspirator System - Sistema aspirador quirúrgico ultrasónico CUSA Clarity,24-04-2026,Colombia,INVIMA,,,"El sistema aspirador quirúrgico ultrasónico CUSA Clarity (modelo C7000, software 2.1.1.909) presenta una falla de la pantalla táctil, que deja de responder aproximadamente ocho minutos después del encendido, impidiendo ajustar parámetros y generando interrupciones en procedimientos quirúrgicos."
https://app.invima.gov.co/alertas/ckfinder/userfiles/files/ALERTAS%20SANITARIAS/Dispositivos_Medicos/2026/Abril/Alerta%20No_%20%23104-2026%20-%20Hemoclip%20endosc%C3%B3pico%20Instinct%20(Instinct%20Endoscopic%20Hemoclip)%20.pdf,Alerta sanitaria sobre: Hemoclip endoscópico Instinct (Instinct Endoscopic Hemoclip),24-04-2026,Colombia,INVIMA,,,"Alerta sanitaria por el Hemoclip endoscópico Instinct (INSCP-7-230-S) debido a un fallo mecánico. El dispositivo de colocación de clips se desacopla, impidiendo que el clip se abra y funcione, imposibilitando la hemostasia o cierre de tejido."
http://antigo.anvisa.gov.br/informacoes-tecnicas13?p_p_id=101_INSTANCE_R6VaZWsQDDzS&p_p_col_id=column-1&p_p_col_count=1&_101_INSTANCE_R6VaZWsQDDzS_groupId=33868&_101_INSTANCE_R6VaZWsQDDzS_urlTitle=alerta-5207-tecnovigilancia-comunicado-da-empresa-mandala-brasil-importacao-e-distribuicao-de-produto-medico-hospitalar-ltda-hoya-vivinex-toric-xy1a-l&_101_INSTANCE_R6VaZWsQDDzS_struts_action=%2Fasset_publisher%2Fview_content&_101_INSTANCE_R6VaZWsQDDzS_assetEntryId=7256796&_101_INSTANCE_R6VaZWsQDDzS_type=content,Alerta 5207 (Tecnovigilância) - Comunicado da empresa Mandala Brasil Importação e Distribuição de Produto Médico Hospitalar Ltda - Hoya Vivinex Toric – XY1A – Lente Intraocular.,27-04-2026 17:03,Brasil,ANVISA,,,"La alerta se emite por la lente intraocular Hoya Vivinex Toric – XY1A, debido a la distribución no intencional de productos en cuarentena. El motivo principal es la posible adhesión de partículas de polipropileno, un defecto relacionado con un problema en el sistema de gestión de inventario."
http://antigo.anvisa.gov.br/informacoes-tecnicas13?p_p_id=101_INSTANCE_R6VaZWsQDDzS&p_p_col_id=column-1&p_p_col_count=1&_101_INSTANCE_R6VaZWsQDDzS_groupId=33868&_101_INSTANCE_R6VaZWsQDDzS_urlTitle=alerta-5208-tecnovigilancia-comunicado-da-empresa-dentscare-ltda-elora-aps-&_101_INSTANCE_R6VaZWsQDDzS_struts_action=%2Fasset_publisher%2Fview_content&_101_INSTANCE_R6VaZWsQDDzS_assetEntryId=7257246&_101_INSTANCE_R6VaZWsQDDzS_type=content,Alerta 5208 (Tecnovigilância) - Comunicado da empresa Dentscare Ltda - Elóra APS.,28-04-2026 10:47,Brasil,ANVISA,,,Alerta 5208 (Tecnovigilância) - Comunicado da empresa Dentscare Ltda - Elóra APS.
https://www.argentina.gob.ar/noticias/anmat-prohibe-el-producto-lipoless-25-mg-tirzepatida-25-mg06-ml,"ANMAT prohíbe el producto “Lipoless 2,5 mg/ Tirzepatida 2,5 mg/0,6 ml”",29-04-2026 09:03,Argentina,ANMAT,,,"ANMAT prohíbe el producto ""Lipoless 2,5 mg/ Tirzepatida 2,5 mg/0,6 ml"" debido a que carece de registro sanitario y es comercializado ilegalmente a través de plataformas digitales."
https://www.argentina.gob.ar/noticias/anmat-prohibe-la-comercializacion-de-un-producto-de-toxina-botulinica-sin-registro,ANMAT prohíbe la comercialización de un producto de toxina botulínica sin registro sanitario,29-04-2026 08:43,Argentina,ANMAT,,,"ANMAT prohíbe la comercialización de un producto de toxina botulínica sin registro sanitario. La causa es que el producto, ofrecido en redes sociales, carece de autorización y su procedencia es desconocida."
https://www.argentina.gob.ar/noticias/anmat-prohibe-series-especificas-de-equipos-medicos-de-la-linea-start-profile,ANMAT prohíbe series específicas de equipos médicos de la línea Start Profile,29-04-2026 08:50,Argentina,ANMAT,,,"ANMAT prohíbe series específicas de equipos médicos Start Profile. El motivo es que estas unidades quedaron fuera del control del titular del registro, sin garantías de trazabilidad."
https://www.ministeriodesalud.go.cr/index.php/biblioteca-de-archivos-left/documentos-ministerio-de-salud/alertas-sanitarias/alertas-farmacovigilancia/advertencias-farmacovigilancia-2026/10295-nota-informativa-01-26-antagonistas-de-receptores-de-angiotensina-ii-ara-ii-azilsartan-candesartan-eprosartan-irbesartan-losartan-olmesartan-telmisartan-valsartan-componente-unico-y-combinaciones-de-dosis-fijas-nueva-informacion-de-seguridad/file,Nota informativa 01-26 antagonistas de receptores de angiotensina ii (ara ii): azilsartán; candesartán; eprosartán; irbesartán; losartán; olmesartán; telmisartán; valsartán (componente único y combinaciones de dosis fijas): nueva información de seguridad,29-04-2026 16:37,Costa Rica,MinSalud,,,"El Centro Nacional de Farmacovigilancia emite una alerta por nueva información de seguridad sobre los medicamentos antagonistas de receptores de angiotensina II (ARA II), como azilsartán, candesartán, irbesartán, losartán, olmesartán, telmisartán y valsartán. El motivo principal es la notificación de casos de angioedema intestinal, con síntomas como dolor abdominal, náuseas, vó"
https://www.agemed.gob.bo/retiro_producto/2026/RETIRO-DE-PRODUCTO-013.pdf,"013/2026 - ALERTA RETIRO DE LOTE ""MEDICAMENTO DE CALIDAD SUBESTANDAR"" KETROSYL SOLUCIÓN INYECTABLE",27-04-2026,Bolivia,AGEMED,,,"013/2026 - ALERTA RETIRO DE LOTE ""MEDICAMENTO DE CALIDAD SUBESTANDAR"" KETROSYL SOLUCIÓN INYECTABLE"
http://antigo.anvisa.gov.br/informacoes-tecnicas13?p_p_id=101_INSTANCE_R6VaZWsQDDzS&p_p_col_id=column-1&p_p_col_count=1&_101_INSTANCE_R6VaZWsQDDzS_groupId=33868&_101_INSTANCE_R6VaZWsQDDzS_urlTitle=alerta-ggmon-05-2026-anvisa-suspende-medicamentos-contendo-o-principio-ativo-clobutinol&_101_INSTANCE_R6VaZWsQDDzS_struts_action=%2Fasset_publisher%2Fview_content&_101_INSTANCE_R6VaZWsQDDzS_assetEntryId=7258037&_101_INSTANCE_R6VaZWsQDDzS_type=content,Alerta GGMON 05/2026 - Anvisa suspende medicamentos contendo o princípio ativo clobutinol,29-04-2026 17:09,Brasil,ANVISA,,,"La Anvisa suspendió la comercialización de medicamentos con clobutinol (como Cloridrato de clobutinol + succinato de doxilamina y Hytos Plus) debido a un riesgo de eventos adversos cardíacos graves, incluyendo arritmias y posibles casos fatales."
http://antigo.anvisa.gov.br/informacoes-tecnicas13?p_p_id=101_INSTANCE_R6VaZWsQDDzS&p_p_col_id=column-1&p_p_col_count=1&_101_INSTANCE_R6VaZWsQDDzS_groupId=33868&_101_INSTANCE_R6VaZWsQDDzS_urlTitle=alerta-5209-tecnovigilancia-comunicado-da-empresa-vr-medical-importadora-e-distribuidora-de-produtos-medicos-ltda-mesa-de-operacoes-80102512439-mesa-d&_101_INSTANCE_R6VaZWsQDDzS_struts_action=%2Fasset_publisher%2Fview_content&_101_INSTANCE_R6VaZWsQDDzS_assetEntryId=7258515&_101_INSTANCE_R6VaZWsQDDzS_type=content,Alerta 5209 (Tecnovigilância) - Comunicado da empresa VR Medical Importadora e Distribuidora de Produtos médicos LTDA - Mesa de Operações (80102512439); Mesa de Operações (80102512640); Mesa de Operação (80102512678).,30-04-2026 11:04,Brasil,ANVISA,,,"La alerta de tecnovigilancia 5209 se emite por el retiro de un Adaptador para Posicionamiento de la Cabeza (código 1739994) de mesas de operaciones Baxter. El motivo es que el adaptador puede soltarse y moverse involuntariamente al usarse con ciertos componentes de la sección superior de la espalda, lo que representa un riesgo de oxigenación reducida o lesiones para el paciente y el usuario"
https://www.argentina.gob.ar/noticias/anmat-prohibio-diversos-productos-medicos-de-la-marca-gamamed-vascular-systems-inc,ANMAT prohibió diversos productos médicos de la marca GAMAMED VASCULAR SYSTEMS INC,30-04-2026 08:44,Argentina,ANMAT,,,ANMAT prohibió productos médicos GAMAMED VASCULAR SYSTEMS INC por carecer de registro sanitario. La causa principal fue la ausencia de autorización legal para su comercialización.
https://www.argentina.gob.ar/noticias/anmat-prohibio-el-producto-medico-generador-y-cable-conector-de-litotricia-intravascular,"ANMAT prohibió el producto médico Generador y cable conector de Litotricia intravascular (IVL), Marca: Shockwave Medical, Número de Serie: 47144",30-04-2026 08:38,Argentina,ANMAT,,,"ANMAT prohibió el Generador y cable conector de Litotricia intravascular (IVL) Shockwave Medical (Nº Serie: 47144) debido a su extravío, desconociéndose su estado de funcionamiento e integridad."
https://www.argentina.gob.ar/noticias/anmat-prohibio-diversos-productos-de-uso-domestico-de-la-firma-quimica-el-regreso-srl,ANMAT prohibió diversos productos de uso doméstico de la firma Química El Regreso S.R.L.,30-04-2026 10:35,Argentina,ANMAT,,,"ANMAT prohibió productos domésticos de Química El Regreso S.R.L. debido a múltiples incumplimientos de la normativa vigente, detectados durante una inspección en la sede de la firma."
https://www.ispch.gob.cl/wp-content/uploads/2026/04/Alerta-N°253-26-Nota-informativa.pdf,Preservativos masculinos de látex,30-04-2026 13:16:59,Chile,ISPCH,,,"Se emite una alerta por la comercialización de condones Pasante XXL, Punteados y Romantic Rose ultra delgados, que carecen de registro sanitario, lo que implica un riesgo para la salud pública."
https://app.invima.gov.co/alertas/ckfinder/userfiles/files/ALERTAS%20SANITARIAS/medicamentos_pbiologicos/2026/ABRIL/Alerta%20No_%20115-2026%20-CAFFEINE%2CDHEA%2CLIPODRENE.pdf,"Alerta sanitaria sobre: CAFFEINE, DHEA (marca NUTRICOST) y LIPODRENE",30-04-2026,Colombia,INVIMA,,,"El Invima alerta sobre la comercialización fraudulenta de los suplementos dietarios CAFFEINE, DHEA (marca NUTRICOST) y LIPODRENE. La causa es que estos productos no cuentan con registro sanitario, lo que implica que no han sido evaluados en calidad, seguridad ni eficacia, representando un riesgo para la salud del consumidor."
https://app.invima.gov.co/alertas/ckfinder/userfiles/files/ALERTAS%20SANITARIAS/medicamentos_pbiologicos/2026/ABRIL/Alerta%20No_114-2026%20-%20RED%20MUSCLE%20-%20CREATINE%20MONOHYDRATE.pdf,Alerta sanitaria sobre: RED MUSCLE - CREATINE MONOHYDRATE,30-04-2026,Colombia,INVIMA,,,"Alerta por la comercialización fraudulenta del suplemento dietario RED MUSCLE - CREATINE MONOHYDRATE. El producto no tiene registro sanitario, carece de evaluación de calidad, seguridad y eficacia, representando un riesgo para la salud del consumidor."
https://www.ispch.gob.cl/wp-content/uploads/2026/04/1.-Alerta-153-26-Publicacion.pdf,Ventiladores,30-04-2026 15:33:25,Chile,ISPCH,,,"Alerta de seguridad para ventiladores Philips Trilogy Evo, Trilogy Evo O2 y Trilogy EV300 por acumulación de depósitos en el sensor de flujo al usar nebulizadores en línea, y riesgo de discrepancia de volumen con nebulizadores no neumáticos."
https://www.agemed.gob.bo/retiro_producto/2026/RETIRO-DE-PRODUCTO-014.pdf,"014/2026 - ALERTA RETIRO DE LOTE ""MEDICAMENTO DE CALIDAD SUBESTÁNDAR"" FIBRA NATURAL",27-04-2026,Bolivia,AGEMED,,,"014/2026 - ALERTA RETIRO DE LOTE ""MEDICAMENTO DE CALIDAD SUBESTÁNDAR"" FIBRA NATURAL"
https://www.ispch.gob.cl/wp-content/uploads/2026/04/Alerta-N°-17-26.pdf,ALERTA DE RETIRO DEL MERCADO N° 17/26 DEL PRODUCTO FARMACÉUTICO TRAL COMPRIMIDOS RECUBIERTOS 50 mg (TRAMADOL CLORHIDRATO) FABRICADO POR LABORATORIO PASTEUR S.A CHILE,30-04-2026 19:14:19,Chile,ISPCH,,,"Se retira voluntariamente del mercado TRAL COMPRIMIDOS RECUBIERTOS 50 mg (TRAMADOL CLORHIDRATO) debido a un error de rotulado en el estuche, que indica ""Receta simple"" en lugar de ""Receta Retenida""."
https://app.invima.gov.co/alertas/ckfinder/userfiles/files/ALERTAS%20SANITARIAS/medicamentos_pbiologicos/2026/ABRIL/Alerta%20No%23112-2026%20-%20PRODUCTOS%20FRAUDULENTOS%20DENOMINADOS%20MAGISTRALES_%20%20%E2%80%A2_DI%C3%93XIDO%20DE%20CLORO%20(CDS)%20%20ESTABILIZADO%20A%203000%20ppm%20%20%E2%80%A2_%20ACIDO%20HIPOCLOROS.pdf,Alerta Sanitaria sobre:PRODUCTOS FRAUDULENTOS DENOMINADOS MAGISTRALES: • DIÓXIDO DE CLORO (CDS) ESTABILIZADO A 3000 ppm • ACIDO HIPOCLOROSO,30-04-2025,Colombia,INVIMA,,,"El Invima alerta sobre la comercialización ilegal de ""Dióxido de Cloro (CDS) Estabilizado a 3000 ppm"" y ""Ácido Hipocloroso"" como productos magistrales. La causa es que carecen de registro sanitario, son fraudulentos y su consumo puede causar efectos adversos graves."
https://app.invima.gov.co/alertas/ckfinder/userfiles/files/ALERTAS%20SANITARIAS/medicamentos_pbiologicos/2026/ABRIL/Alerta%20No%23113-2026%20-%20GLOCOSAMINE%20CHONDROTIN%201_100%20mg%20.pdf,Alerta Sanitaria sobre: GLOCOSAMINE CHONDROTIN 1.100 mg,30-04-2026,Colombia,INVIMA,,,"El Invima alerta sobre la comercialización ilegal del producto GLOCOSAMINE CHONDROTIN 1.100 mg, promocionado como suplemento dietario. El motivo principal es que es fraudulento, carece de registro sanitario y no ofrece garantías de calidad, seguridad ni eficacia, representando un riesgo para la salud."
https://app.invima.gov.co/alertas/ckfinder/userfiles/files/ALERTAS%20SANITARIAS/medicamentos_pbiologicos/2026/ABRIL/Alerta%20No%23111-2026%20-%20STAYFIT%20.pdf,Alerta Sanitaria sobre: STAYFIT,30-04-2026,Colombia,INVIMA,,,"El Invima alerta sobre la comercialización ilegal del producto STAYFIT, un presunto suplemento dietario. El motivo es que es fraudulento, carece de registro sanitario, no garantiza calidad, seguridad ni eficacia, y representa un riesgo para la salud de los consumidores."
https://app.invima.gov.co/alertas/ckfinder/userfiles/files/ALERTAS%20SANITARIAS/medicamentos_pbiologicos/2026/ABRIL/Alerta%20No_116-2026%20-%20GLP-1%20PATCHES%20(LUMESSA).pdf,Alerta sanitaria sobre: GLP-1 PATCHES (LUMESSA),30-04-2026,Colombia,INVIMA,,,"El Invima alerta sobre la comercialización fraudulenta del producto GLP-1 PATCHES (LUMESSA), parches para control de peso. El motivo es que no posee registro sanitario, lo que implica que no ha sido evaluado en calidad, seguridad ni eficacia, representando un riesgo para la salud."
https://app.invima.gov.co/alertas/ckfinder/userfiles/files/ALERTAS%20SANITARIAS/medicamentos_pbiologicos/2026/ABRIL/Alerta%20No%23110-2026%20-%20L-CARNITINE%20de%20la%20marca%20WellnessWise%20.pdf,Alerta Sanitaria sobre: L-CARNITINE de la marca WellnessWise,30-04-2026,Colombia,INVIMA,,,"El Invima alerta sobre la comercialización ilegal del producto L-CARNITINE de WellnessWise, vendido como suplemento dietario. El motivo es que es fraudulento, carece de registro sanitario válido y no ofrece garantías de calidad, seguridad ni eficacia, representando un riesgo para la salud."
https://www.ispch.gob.cl/wp-content/uploads/2026/05/Nota-informativa-Alerta-N°163-26-Version-2-DEA-DetectoresySensores.pdf,"Desfibrilador Externo Automático marca “DetectoresySensores.cl”, Modelo Defi6",04-05-2026 14:22:41,Chile,ISPCH,,,"El Instituto de Salud Pública de Chile emite una alerta sobre el ""Desfibrilador Externo Automático Portátil"" debido a que carece de registro sanitario, lo que implica un riesgo para la salud pública."
http://antigo.anvisa.gov.br/informacoes-tecnicas13?p_p_id=101_INSTANCE_R6VaZWsQDDzS&p_p_col_id=column-1&p_p_col_count=1&_101_INSTANCE_R6VaZWsQDDzS_groupId=33868&_101_INSTANCE_R6VaZWsQDDzS_urlTitle=alerta-5211-tecnovigilancia-comunicado-da-empresa-auto-suture-do-brasil-ltda-bomba-de-infusao-implantavel-medtronic-10349001240-comunicador-1034900094&_101_INSTANCE_R6VaZWsQDDzS_struts_action=%2Fasset_publisher%2Fview_content&_101_INSTANCE_R6VaZWsQDDzS_assetEntryId=7261045&_101_INSTANCE_R6VaZWsQDDzS_type=content,Alerta 5211 (Tecnovigilância) - Comunicado da empresa Auto Suture do Brasil LTDA - Bomba de Infusão Implantável Medtronic (10349001240); Comunicador (10349000941).,04-05-2026 15:37,Brasil,ANVISA,,,Alerta 5211 (Tecnovigilância) - Comunicado da empresa Auto Suture do Brasil LTDA - Bomba de Infusão Implantável Medtronic (10349001240); Comunicador (10349000941).
http://antigo.anvisa.gov.br/informacoes-tecnicas13?p_p_id=101_INSTANCE_R6VaZWsQDDzS&p_p_col_id=column-1&p_p_col_count=1&_101_INSTANCE_R6VaZWsQDDzS_groupId=33868&_101_INSTANCE_R6VaZWsQDDzS_urlTitle=alerta-5210-tecnovigilancia-comunicado-da-empresa-medstar-importacao-e-exportacao-ltda-selenia-dimensions-&_101_INSTANCE_R6VaZWsQDDzS_struts_action=%2Fasset_publisher%2Fview_content&_101_INSTANCE_R6VaZWsQDDzS_assetEntryId=7260989&_101_INSTANCE_R6VaZWsQDDzS_type=content,Alerta 5210 (Tecnovigilância) - Comunicado da empresa Medstar Importação e Exportação Ltda - Selenia Dimensions.,04-05-2026 15:05,Brasil,ANVISA,,,"El alerta 5210 de Tecnovigilância se emite para el mamógrafo Selenia Dimensions debido a un defecto de diseño: los tornillos internos del VTA pueden fallar con el tiempo, causando movimientos inesperados o rotación libre del C-Arm, lo que representa un riesgo para pacientes y usuarios."
https://app.invima.gov.co/alertas/ckfinder/userfiles/files/ALERTAS%20SANITARIAS/Dispositivos_Medicos/2026/Mayo/Alerta%20No_%20%23121-2026%20-%20IDS%20SS-A_RO%20.pdf,Alerta sanitaria sobre: IDS SS-A/RO,04-05-2026,Colombia,INVIMA,,,"El reactivo IDS SS-A/Ro (lote 62312) presenta una reactividad inesperada que puede causar fallos de calibración y subestimación de resultados, comprometiendo la interpretación clínica en enfermedades del tejido conectivo."
https://app.invima.gov.co/alertas/ckfinder/userfiles/files/ALERTAS%20SANITARIAS/Dispositivos_Medicos/2026/Mayo/Alerta%20No_%20%23120-2026%20-%20Pregnancy%20(hCG)%20Enhanced%20Sensitivity%20Rapid%20Test%20Dipstick%20.pdf,Alerta sanitaria sobre: Pregnancy (hCG) Enhanced Sensitivity Rapid Test Dipstick,04-05-2026,Colombia,INVIMA,,,"El producto ""Pregnancy (hCG) Enhanced Sensitivity Rapid Test Dipstick"" (lote 0010AUG25FACO) fue retirado voluntariamente del mercado por el importador debido a reportes de bandas tenues en la zona de prueba, lo que podría generar errores de interpretación y resultados falsos positivos."
https://app.invima.gov.co/alertas/ckfinder/userfiles/files/ALERTAS%20SANITARIAS/Dispositivos_Medicos/2026/Mayo/Alerta%20No_%20%23119-2026%20-%20Atellica%20CH%20Creatinine%20Kinase%20(CK-L)%20.pdf,Alerta sanitaria sobre: Atellica CH Creatinine Kinase (CK-L),04-05-2026,Colombia,INVIMA,,,"La alerta sanitaria sobre Atellica CH Creatinine Kinase (CK-L) se debe a un defecto en los lotes 252591, 252602 y 252612. Este problema puede generar resultados falsamente elevados de creatina quinasa en pacientes, controles de calidad y calibradores."
https://app.invima.gov.co/alertas/ckfinder/userfiles/files/ALERTAS%20SANITARIAS/Dispositivos_Medicos/2026/Mayo/Alerta%20No_%20%23118-2026%20-%20Clinician%20Programmer%20App%20_%20sistema%20de%20bomba%20de%20infusi%C3%B3n%20SynchroMed%20y%20accesorios%20.pdf,Alerta sanitaria sobre: Clinician Programmer App / sistema de bomba de infusión SynchroMed y accesorios,04-05-2026,Colombia,INVIMA,,,"Alerta por un problema de software en la Clinician Programmer App (versiones 1.x y 2.x) del sistema de bomba de infusión SynchroMed II de Medtronic. El defecto puede causar que los pasos de infusión Flex no se administren correctamente, resultando en subinfusión del medicamento."
https://app.invima.gov.co/alertas/ckfinder/userfiles/files/ALERTAS%20SANITARIAS/Dispositivos_Medicos/2026/Mayo/Alerta%20No_%20%23117-2026%20-%20Cat%C3%A9teres%20diagn%C3%B3sticos%20viscerales%20%E2%80%93%20cat%C3%A9teres%20angiogr%C3%A1ficos%20.pdf,Alerta sanitaria sobre: Catéteres diagnósticos viscerales – catéteres angiográficos,04-05-2026,Colombia,INVIMA,,,Alerta sanitaria sobre: Catéteres diagnósticos viscerales – catéteres angiográficos
